problem,has_bounds,route_key,constraint_tag,objective_tag,init_source,n_runs,success_rate,success_any,best_nfev,best_time,best_f_final,total_time_sec,total_nfev,llm_total_time_sec,llm_total_nfev,best_time_cost_capped,best_nfev_cost_capped,fallback_rate
ACOPP14,True,NLC:SmoothNLP,NLC,SmoothNLP,cutest,1,1.0,True,13.0,0.02844053700027871,0.00016316316805717627,,,,,0.02844053700027871,13.0,0.0
ACOPP14,True,NLC:SmoothNLP,NLC,SmoothNLP,llm_post,5,1.0,True,12.0,0.021213604999502422,0.00017160816816881537,,,0.13219313299487112,60.0,0.021213604999502422,12.0,0.0
ACOPP14,True,NLC:SmoothNLP,NLC,SmoothNLP,llm_raw,5,1.0,True,12.0,0.020898314000078244,0.0001600845658630823,,,0.10575836000498384,60.0,0.020898314000078244,12.0,0.0
ACOPP14,True,NLC:SmoothNLP,NLC,SmoothNLP,random_post,10,1.0,True,13.0,0.02219635199799086,0.0001562081367317618,0.29120227800740395,157.0,,,0.02219635199799086,13.0,0.0
ACOPP14,True,NLC:SmoothNLP,NLC,SmoothNLP,random_raw,10,1.0,True,14.0,0.024788983002508758,0.00014631387598706456,0.318197873999452,167.0,,,0.024788983002508758,14.0,0.0
ACOPP30,True,NLC:SmoothNLP,NLC,SmoothNLP,cutest,1,1.0,True,13.0,0.031590726001013536,0.0002740809786437625,,,,,0.031590726001013536,13.0,0.0
ACOPP30,True,NLC:SmoothNLP,NLC,SmoothNLP,llm_post,5,1.0,True,19.0,0.03909530799865024,3.3279040490984065e-05,,,0.2571276790004049,104.0,0.03909530799865024,19.0,0.0
ACOPP30,True,NLC:SmoothNLP,NLC,SmoothNLP,llm_raw,5,1.0,True,22.0,0.04169704999731039,3.721868860170987e-05,,,0.2513829519957653,130.0,0.04169704999731039,22.0,0.0
ACOPP30,True,NLC:SmoothNLP,NLC,SmoothNLP,random_post,10,1.0,True,12.0,0.02361741099957726,3.8398700859076376e-05,0.31517287099632085,150.0,,,0.02361741099957726,12.0,0.0
ACOPP30,True,NLC:SmoothNLP,NLC,SmoothNLP,random_raw,10,1.0,True,14.0,0.029885468000429682,2.9742786757114644e-05,0.4174439109992818,167.0,,,0.029885468000429682,14.0,0.0
ACOPR14,True,NLC:SmoothNLP,NLC,SmoothNLP,cutest,1,1.0,True,14.0,0.029296151999005815,0.00015992640598576417,,,,,0.029296151999005815,14.0,0.0
ACOPR14,True,NLC:SmoothNLP,NLC,SmoothNLP,llm_post,5,1.0,True,14.0,0.02247474799878546,0.0001630291871896816,,,0.14841620600418537,70.0,0.02247474799878546,14.0,0.0
ACOPR14,True,NLC:SmoothNLP,NLC,SmoothNLP,llm_raw,5,1.0,True,14.0,0.023077555000782013,0.00015999996370946143,,,0.11716867100039963,70.0,0.023077555000782013,14.0,0.0
ACOPR14,True,NLC:SmoothNLP,NLC,SmoothNLP,random_post,10,1.0,True,14.0,0.024214432000007946,0.00014966030968308392,0.3082543860109581,169.0,,,0.024214432000007946,14.0,0.0
ACOPR14,True,NLC:SmoothNLP,NLC,SmoothNLP,random_raw,10,1.0,True,13.0,0.022911957999895094,0.00014220220232945513,0.2610178619979706,154.0,,,0.022911957999895094,13.0,0.0
ACOPR30,True,NLC:SmoothNLP,NLC,SmoothNLP,cutest,1,1.0,True,16.0,0.03771568199954345,3.7064085977993947e-05,,,,,0.03771568199954345,16.0,0.0
ACOPR30,True,NLC:SmoothNLP,NLC,SmoothNLP,llm_post,5,1.0,True,15.0,0.028710697999486,3.579454133006496e-05,,,0.18618920799781336,75.0,0.028710697999486,15.0,0.0
ACOPR30,True,NLC:SmoothNLP,NLC,SmoothNLP,llm_raw,5,1.0,True,14.0,0.026955893998092506,3.8359732158498545e-05,,,0.13869177300148294,70.0,0.026955893998092506,14.0,0.0
ACOPR30,True,NLC:SmoothNLP,NLC,SmoothNLP,random_post,10,1.0,True,12.0,0.024192406999645755,3.650608120833793e-05,0.3168707870026992,147.0,,,0.024192406999645755,12.0,0.0
ACOPR30,True,NLC:SmoothNLP,NLC,SmoothNLP,random_raw,10,1.0,True,12.0,0.02343104399915319,3.737437015713345e-05,0.28907082700243336,150.0,,,0.02343104399915319,12.0,0.0
AIRPORT,True,NLC:LS,NLC,LS,cutest,1,1.0,True,1.0,0.0049430930012022145,0.0,,,,,0.0049430930012022145,1.0,0.0
AIRPORT,True,NLC:LS,NLC,LS,llm_post,5,1.0,True,6.0,0.014408790000743465,3.587698996436491e-17,,,0.09847683500265703,30.0,0.014408790000743465,6.0,0.0
AIRPORT,True,NLC:LS,NLC,LS,llm_raw,5,1.0,True,1.0,0.0012433939991751686,0.0,,,0.026842136998311616,13.0,0.0012433939991751686,1.0,0.0
AIRPORT,True,NLC:LS,NLC,LS,random_post,10,1.0,True,6.0,0.011773769998399075,6.420924652619258e-17,0.16034399200361804,60.0,,,0.011773769998399075,6.0,0.0
AIRPORT,True,NLC:LS,NLC,LS,random_raw,10,1.0,True,6.0,0.01199390100009623,1.7951248502028768e-20,0.136719654990884,67.0,,,0.01199390100009623,6.0,0.0
ALLINIT,True,BSmoothNLP,B,SmoothNLP,cutest,1,1.0,True,17.0,0.04570629400041071,16.705968432885257,,,,,0.04570629400041071,17.0,0.0
ALLINIT,True,BSmoothNLP,B,SmoothNLP,llm_post,5,1.0,True,17.0,0.0004240580019541085,16.70596843287992,,,0.0022781620027672034,92.0,0.0004240580019541085,17.0,0.0
ALLINIT,True,BSmoothNLP,B,SmoothNLP,llm_raw,5,1.0,True,17.0,0.00040965399966808036,16.70596843287992,,,0.002303835000930121,92.0,0.00040965399966808036,17.0,0.0
ALLINIT,True,BSmoothNLP,B,SmoothNLP,random_post,10,1.0,True,27.0,0.000577595998038305,2.5812564142071086e+77,0.007768193001538748,337.0,,,0.000577595998038305,27.0,0.0
ALLINIT,True,BSmoothNLP,B,SmoothNLP,random_raw,10,1.0,True,27.0,0.0006243139978323597,2.5812564142071086e+77,0.021239506004349096,337.0,,,0.0006243139978323597,27.0,0.0
ALLINITU,False,USmoothNLP,U,SmoothNLP,cutest,1,1.0,True,19.0,0.05113503099710215,5.744384910324061,,,,,0.05113503099710215,19.0,0.0
ALLINITU,False,USmoothNLP,U,SmoothNLP,llm_post,5,1.0,True,19.0,0.0007713189988862723,5.744384910321468,,,0.004121546993701486,99.0,0.0007713189988862723,19.0,0.0
ALLINITU,False,USmoothNLP,U,SmoothNLP,llm_raw,5,1.0,True,19.0,0.0007867900021665264,5.744384910321468,,,0.004178851002507145,99.0,0.0007867900021665264,19.0,0.0
ALLINITU,False,USmoothNLP,U,SmoothNLP,random_post,10,1.0,True,165.0,0.0017661970014160033,9.357867161504009e+78,0.05287213300471194,2552.0,,,0.0017661970014160033,165.0,0.0
ALLINITU,False,USmoothNLP,U,SmoothNLP,random_raw,10,1.0,True,165.0,0.002458808001392754,9.357867161504009e+78,0.06782387099519838,2552.0,,,0.002458808001392754,165.0,0.0
ALSOTAME,True,NLC:SmoothNLP,NLC,SmoothNLP,cutest,1,1.0,True,14.0,0.02255868399879546,0.006827771973255468,,,,,0.02255868399879546,14.0,0.0
ALSOTAME,True,NLC:SmoothNLP,NLC,SmoothNLP,llm_post,5,1.0,True,12.0,0.01585319099831395,0.006835405387604529,,,0.10306076400229358,81.0,0.01585319099831395,12.0,0.0
ALSOTAME,True,NLC:SmoothNLP,NLC,SmoothNLP,llm_raw,5,1.0,True,12.0,0.014327774002595106,0.006827771973255468,,,0.08900124499996309,77.0,0.014327774002595106,12.0,0.0
ALSOTAME,True,NLC:SmoothNLP,NLC,SmoothNLP,random_post,10,1.0,True,11.0,0.014166365999699337,0.006828765354393154,0.18934017200444941,130.0,,,0.014166365999699337,11.0,0.0
ALSOTAME,True,NLC:SmoothNLP,NLC,SmoothNLP,random_raw,10,1.0,True,8.0,0.01022246300271945,0.006816740688378259,0.1561026210001728,126.0,,,0.01022246300271945,8.0,0.0
ANTWERP,True,LEB:LS,LEB,LS,cutest,1,0.0,False,,,,,,,,60.0,1000000.0,0.0
ANTWERP,True,LEB:LS,LEB,LS,llm_post,5,0.0,False,,,,,,4.822219068002596,0.0,60.0,1000000.0,0.0
ANTWERP,True,LEB:LS,LEB,LS,llm_raw,5,0.0,False,,,,,,5.099755575993186,0.0,60.0,1000000.0,0.0
ANTWERP,True,LEB:LS,LEB,LS,random_post,10,0.0,False,,,,9.714698162006243,0.0,,,60.0,1000000.0,0.0
ANTWERP,True,LEB:LS,LEB,LS,random_raw,10,0.0,False,,,,9.738964743002725,0.0,,,60.0,1000000.0,0.0
ARGAUSS,False,NLC:SmoothNLP,NLC,SmoothNLP,cutest,1,1.0,True,1.0,0.004400424997584196,0.0,,,,,0.004400424997584196,1.0,0.0
ARGAUSS,False,NLC:SmoothNLP,NLC,SmoothNLP,llm_post,5,1.0,True,1.0,0.001431622000382049,0.0,,,0.012081621993274894,5.0,0.001431622000382049,1.0,0.0
ARGAUSS,False,NLC:SmoothNLP,NLC,SmoothNLP,llm_raw,5,1.0,True,1.0,0.0010269109989167191,0.0,,,0.0053553920006379485,5.0,0.0010269109989167191,1.0,0.0
ARGAUSS,False,NLC:SmoothNLP,NLC,SmoothNLP,random_post,10,1.0,True,1.0,0.0010486920000403188,0.0,0.011900569996214472,10.0,,,0.0010486920000403188,1.0,0.0
ARGAUSS,False,NLC:SmoothNLP,NLC,SmoothNLP,random_raw,10,1.0,True,1.0,0.0011789039999712259,0.0,0.012924556998768821,10.0,,,0.0011789039999712259,1.0,0.0
AVGASA,True,LCBSmoothNLP,LCB,SmoothNLP,cutest,1,1.0,True,15.0,0.025656032001279527,-13.728784627893733,,,,,0.025656032001279527,15.0,0.0
AVGASA,True,LCBSmoothNLP,LCB,SmoothNLP,llm_post,5,1.0,True,14.0,0.018819929999153828,-13.728794646079201,,,0.10279727999295574,76.0,0.018819929999153828,14.0,0.0
AVGASA,True,LCBSmoothNLP,LCB,SmoothNLP,llm_raw,5,1.0,True,13.0,0.018608212998515228,-13.72879693792273,,,0.09752213400133769,71.0,0.018608212998515228,13.0,0.0
AVGASA,True,LCBSmoothNLP,LCB,SmoothNLP,random_post,10,1.0,True,13.0,0.017117719999077963,-13.728783342973106,0.2334786939973128,139.0,,,0.017117719999077963,13.0,0.0
AVGASA,True,LCBSmoothNLP,LCB,SmoothNLP,random_raw,10,1.0,True,13.0,0.017168577000120422,-13.728785140908066,0.1955333280020568,141.0,,,0.017168577000120422,13.0,0.0
AVGASB,True,LCBSmoothNLP,LCB,SmoothNLP,cutest,1,1.0,True,14.0,0.023719954002444865,-12.392826326676047,,,,,0.023719954002444865,14.0,0.0
AVGASB,True,LCBSmoothNLP,LCB,SmoothNLP,llm_post,5,1.0,True,14.0,0.019922813000448514,-12.39282933042325,,,0.10151490499993088,74.0,0.019922813000448514,14.0,0.0
AVGASB,True,LCBSmoothNLP,LCB,SmoothNLP,llm_raw,5,1.0,True,14.0,0.01822670099863899,-12.392828132749097,,,0.10358985700077028,75.0,0.01822670099863899,14.0,0.0
AVGASB,True,LCBSmoothNLP,LCB,SmoothNLP,random_post,10,1.0,True,12.0,0.017282106000493513,-12.392829024194775,0.2233433779911138,139.0,,,0.017282106000493513,12.0,0.0
AVGASB,True,LCBSmoothNLP,LCB,SmoothNLP,random_raw,10,1.0,True,13.0,0.017647077002038714,-12.392831621439266,0.19564280900158337,143.0,,,0.017647077002038714,13.0,0.0
BATCH,True,NLC:SmoothNLP,NLC,SmoothNLP,cutest,1,1.0,True,15.0,0.030466960000921972,45958.30601902725,,,,,0.030466960000921972,15.0,0.0
BATCH,True,NLC:SmoothNLP,NLC,SmoothNLP,llm_post,5,1.0,True,19.0,0.04381988800014369,45958.30602479493,,,0.2582372880024195,95.0,0.04381988800014369,19.0,0.0
BATCH,True,NLC:SmoothNLP,NLC,SmoothNLP,llm_raw,5,1.0,True,14.0,0.02383616500083008,45958.30601253856,,,0.12299139000242576,70.0,0.02383616500083008,14.0,0.0
BATCH,True,NLC:SmoothNLP,NLC,SmoothNLP,random_post,10,1.0,True,20.0,0.04565583799922024,45958.306017630704,0.5534797920008714,218.0,,,0.04565583799922024,20.0,0.0
BATCH,True,NLC:SmoothNLP,NLC,SmoothNLP,random_raw,10,1.0,True,16.0,0.03851172599752317,45958.306002091966,0.5215987370029325,211.0,,,0.03851172599752317,16.0,0.0
BEALE,False,U:LS,U,LS,cutest,1,1.0,True,17.0,0.09045110400256817,1.2104625031692105e-12,,,,,0.09045110400256817,17.0,0.0
BEALE,False,U:LS,U,LS,llm_post,5,1.0,True,17.0,0.0006671289993391838,5.8215478582085976e-15,,,0.003596788996219402,85.0,0.0006671289993391838,17.0,0.0
BEALE,False,U:LS,U,LS,llm_raw,5,1.0,True,17.0,0.000721796001016628,5.8215478582085976e-15,,,0.003978614007792203,85.0,0.000721796001016628,17.0,0.0
BEALE,False,U:LS,U,LS,random_post,10,0.5,True,41.0,0.0005138750020705629,0.45200893030076345,0.04394497399698594,680.0,,,0.0005138750020705629,41.0,0.0
BEALE,False,U:LS,U,LS,random_raw,10,0.5,True,41.0,0.000523213002452394,0.45200893030076345,0.046078103994659614,680.0,,,0.000523213002452394,41.0,0.0
BIGGSC4,True,LCBSmoothNLP,LCB,SmoothNLP,cutest,1,1.0,True,8.0,0.013053136000962695,-49.91933306604067,,,,,0.013053136000962695,8.0,0.0
BIGGSC4,True,LCBSmoothNLP,LCB,SmoothNLP,llm_post,5,1.0,True,5.0,0.006296735999058001,-49.99615917795872,,,0.04097836700020707,33.0,0.006296735999058001,5.0,0.0
BIGGSC4,True,LCBSmoothNLP,LCB,SmoothNLP,llm_raw,5,1.0,True,7.0,0.00793274200259475,-49.993734382488356,,,0.04580603100475855,39.0,0.00793274200259475,7.0,0.0
BIGGSC4,True,LCBSmoothNLP,LCB,SmoothNLP,random_post,10,1.0,True,7.0,0.008154671999363927,-49.997530816000676,0.09941858499587397,80.0,,,0.008154671999363927,7.0,0.0
BIGGSC4,True,LCBSmoothNLP,LCB,SmoothNLP,random_raw,10,1.0,True,8.0,0.009960521001630696,-49.997530816000676,0.14899974200307042,130.0,,,0.009960521001630696,8.0,0.0
BQPGASIM,True,BSmoothNLP,B,SmoothNLP,cutest,1,1.0,True,23.0,0.04136914099944988,-5.519813792084185e-05,,,,,0.04136914099944988,23.0,0.0
BQPGASIM,True,BSmoothNLP,B,SmoothNLP,llm_post,5,1.0,True,23.0,0.0009105450008064508,-5.519814001271057e-05,,,0.006058503000531346,177.0,0.0009105450008064508,23.0,0.0
BQPGASIM,True,BSmoothNLP,B,SmoothNLP,llm_raw,5,1.0,True,23.0,0.000860546002513729,-5.519814001271057e-05,,,0.006146810999780428,177.0,0.000860546002513729,23.0,0.0
BQPGASIM,True,BSmoothNLP,B,SmoothNLP,random_post,10,1.0,True,41.0,0.001374012997985119,-5.519814006784775e-05,0.015381085999251809,442.0,,,0.001374012997985119,41.0,0.0
BQPGASIM,True,BSmoothNLP,B,SmoothNLP,random_raw,10,1.0,True,41.0,0.001350215999991633,-5.519814006784775e-05,0.02807173899782356,442.0,,,0.001350215999991633,41.0,0.0
BROWNBS,False,U:LS,U,LS,cutest,1,1.0,True,18.0,0.01426075299968943,8.190680775910063e-19,,,,,0.01426075299968943,18.0,0.0
BROWNBS,False,U:LS,U,LS,llm_post,5,1.0,True,16.0,0.00040081999759422615,8.190680775910063e-19,,,0.002120826000464149,84.0,0.00040081999759422615,16.0,0.0
BROWNBS,False,U:LS,U,LS,llm_raw,5,1.0,True,16.0,0.0003943880001315847,8.190680775910063e-19,,,0.0021688879969588015,84.0,0.0003943880001315847,16.0,0.0
BROWNBS,False,U:LS,U,LS,random_post,10,1.0,True,10.0,0.00026994800282409415,8.931000286481029e+36,0.003622767992055742,126.0,,,0.00026994800282409415,10.0,0.0
BROWNBS,False,U:LS,U,LS,random_raw,10,1.0,True,10.0,0.00030550899828085676,8.931000286481029e+36,0.004217225003230851,126.0,,,0.00030550899828085676,10.0,0.0
BROWNDEN,False,U:LS,U,LS,cutest,1,1.0,True,30.0,0.11724955899990164,85822.20162468994,,,,,0.11724955899990164,30.0,0.0
BROWNDEN,False,U:LS,U,LS,llm_post,5,1.0,True,27.0,0.0010621969995554537,85822.20162468986,,,0.005748690000473289,148.0,0.0010621969995554537,27.0,0.0
BROWNDEN,False,U:LS,U,LS,llm_raw,5,1.0,True,27.0,0.00102573299955111,85822.20162468986,,,0.00616057699880912,148.0,0.00102573299955111,27.0,0.0
BROWNDEN,False,U:LS,U,LS,random_post,10,1.0,True,177.0,0.0027622519992291927,85822.20162468983,0.06300272199587198,1846.0,,,0.0027622519992291927,177.0,0.0
BROWNDEN,False,U:LS,U,LS,random_raw,10,1.0,True,177.0,0.0032635520001349505,85822.20162468983,0.060509488994284766,1846.0,,,0.0032635520001349505,177.0,0.0
BT11,False,NLC:SmoothNLP,NLC,SmoothNLP,cutest,1,1.0,True,38.0,0.04878408199874684,8.035742661831107e-10,,,,,0.04878408199874684,38.0,0.0
BT11,False,NLC:SmoothNLP,NLC,SmoothNLP,llm_post,5,1.0,True,31.0,0.036479198999586515,4.74811667419364e-10,,,0.2646188530015934,197.0,0.036479198999586515,31.0,0.0
BT11,False,NLC:SmoothNLP,NLC,SmoothNLP,llm_raw,5,1.0,True,30.0,0.03557425300095929,7.183697143698925e-10,,,0.21137515700320364,183.0,0.03557425300095929,30.0,0.0
BT11,False,NLC:SmoothNLP,NLC,SmoothNLP,random_post,10,1.0,True,1.0,0.1062927570019383,2.5024800809677895e+77,1.130552918995818,10.0,,,0.1062927570019383,1.0,0.0
BT11,False,NLC:SmoothNLP,NLC,SmoothNLP,random_raw,10,1.0,True,1.0,0.10462973000176135,1.3294997158205636e+78,1.0651276879980287,10.0,,,0.10462973000176135,1.0,0.0
BT12,False,NLC:SmoothNLP,NLC,SmoothNLP,cutest,1,1.0,True,10.0,0.01784044700252707,1.6739039555709374e-37,,,,,0.01784044700252707,10.0,0.0
BT12,False,NLC:SmoothNLP,NLC,SmoothNLP,llm_post,5,1.0,True,7.0,0.010588154997094534,1.0189682641060492e-14,,,0.07248578399594408,35.0,0.010588154997094534,7.0,0.0
BT12,False,NLC:SmoothNLP,NLC,SmoothNLP,llm_raw,5,1.0,True,9.0,0.013406288999249227,1.6739039555709374e-37,,,0.06876471600116929,47.0,0.013406288999249227,9.0,0.0
BT12,False,NLC:SmoothNLP,NLC,SmoothNLP,random_post,10,1.0,True,1.0,0.10458122400086722,1.2767841286744117e+38,1.12599045600291,10.0,,,0.10458122400086722,1.0,0.0
BT12,False,NLC:SmoothNLP,NLC,SmoothNLP,random_raw,10,1.0,True,1.0,0.10621524199814303,4.175227720354462e+38,1.1147736970015103,10.0,,,0.10621524199814303,1.0,0.0
BT13,True,NLC:SmoothNLP,NLC,SmoothNLP,cutest,1,1.0,True,235.0,0.2325166429982346,0.0008152929015823747,,,,,0.2325166429982346,235.0,0.0
BT13,True,NLC:SmoothNLP,NLC,SmoothNLP,llm_post,5,1.0,True,120.0,0.11241226999845821,0.0008152905877442545,,,1.1211314809952455,1173.0,0.11241226999845821,120.0,0.0
BT13,True,NLC:SmoothNLP,NLC,SmoothNLP,llm_raw,5,1.0,True,120.0,0.11322484199990868,0.0008152929015823747,,,1.120113991004473,1173.0,0.11322484199990868,120.0,0.0
BT13,True,NLC:SmoothNLP,NLC,SmoothNLP,random_post,10,1.0,True,1.0,0.08494246000191197,4.76108600381492e+19,0.9197677860029216,10.0,,,0.08494246000191197,1.0,0.0
BT13,True,NLC:SmoothNLP,NLC,SmoothNLP,random_raw,10,1.0,True,1.0,0.08594106400050805,7.619863426781426e+18,0.8897676660017169,10.0,,,0.08594106400050805,1.0,0.0
BT2,False,NLC:SmoothNLP,NLC,SmoothNLP,cutest,1,1.0,True,27.0,0.03693363400088856,9.31216928493432e-10,,,,,0.03693363400088856,27.0,0.0
BT2,False,NLC:SmoothNLP,NLC,SmoothNLP,llm_post,5,1.0,True,23.0,0.029400182000244968,5.304429753329259e-10,,,0.1890897980047157,125.0,0.029400182000244968,23.0,0.0
BT2,False,NLC:SmoothNLP,NLC,SmoothNLP,llm_raw,5,1.0,True,22.0,0.027925071997742634,1.51028022147328e-10,,,0.19807304200003273,172.0,0.027925071997742634,22.0,0.0
BT2,False,NLC:SmoothNLP,NLC,SmoothNLP,random_post,10,1.0,True,49.0,0.10511291500006337,7.237299792147109e+73,1.0920568100009405,622.0,,,0.10511291500006337,49.0,0.0
BT2,False,NLC:SmoothNLP,NLC,SmoothNLP,random_raw,10,1.0,True,1.0,0.10525754699847312,7.689121131638368e+72,1.0710446649936785,10.0,,,0.10525754699847312,1.0,0.0
BT3,False,LEB:LS,LEB,LS,cutest,1,1.0,True,5.0,0.002286525003000861,1.8932661725304283e-29,,,,,0.002286525003000861,5.0,0.0
BT3,False,LEB:LS,LEB,LS,llm_post,5,1.0,True,5.0,0.00032752100014477037,4.930380657631324e-32,,,0.0018169999966630712,25.0,0.00032752100014477037,5.0,0.0
BT3,False,LEB:LS,LEB,LS,llm_raw,5,1.0,True,5.0,0.00014534500223817304,6.310887241768095e-30,,,0.0009857210025074892,25.0,0.00014534500223817304,5.0,0.0
BT3,False,LEB:LS,LEB,LS,random_post,10,1.0,True,1.0,0.1038495030006743,7.43798540625361e+38,1.2748303239932284,10.0,,,0.1038495030006743,1.0,0.0
BT3,False,LEB:LS,LEB,LS,random_raw,10,1.0,True,1.0,0.0031412620010087267,4.000000194443457,1.0705351939977845,1542.0,,,0.0031412620010087267,1.0,0.0
BT4,False,NLC:SmoothNLP,NLC,SmoothNLP,cutest,1,1.0,True,34.0,0.14831547100038733,-1.0000000000000005e+60,,,,,0.14831547100038733,34.0,0.0
BT4,False,NLC:SmoothNLP,NLC,SmoothNLP,llm_post,5,1.0,True,34.0,0.14239474300120492,-1.0000000000000005e+60,,,0.7379275389976101,170.0,0.14239474300120492,34.0,0.0
BT4,False,NLC:SmoothNLP,NLC,SmoothNLP,llm_raw,5,1.0,True,34.0,0.14357076500164112,-1.0000000000000005e+60,,,0.7391353840030206,170.0,0.14357076500164112,34.0,0.0
BT4,False,NLC:SmoothNLP,NLC,SmoothNLP,random_post,10,0.7,True,1.0,0.1060338210008922,-1.0000000000000005e+60,1.5926019600046857,595.0,,,0.1060338210008922,1.0,0.0
BT4,False,NLC:SmoothNLP,NLC,SmoothNLP,random_raw,10,1.0,True,1.0,0.1037815439995029,-9.087242874437428e+59,1.0650165549923258,10.0,,,0.1037815439995029,1.0,0.0
BT5,False,NLC:SmoothNLP,NLC,SmoothNLP,cutest,1,0.0,False,,,,,,,,60.0,1000000.0,0.0
BT5,False,NLC:SmoothNLP,NLC,SmoothNLP,llm_post,5,0.0,False,,,,,,0.9002774740001769,0.0,60.0,1000000.0,0.0
BT5,False,NLC:SmoothNLP,NLC,SmoothNLP,llm_raw,5,0.2,True,1.0,0.001421862001734553,1000.0,,,0.6928401790028147,1.0,0.001421862001734553,1.0,0.0
BT5,False,NLC:SmoothNLP,NLC,SmoothNLP,random_post,10,0.0,False,,,,1.5437482819979778,0.0,,,60.0,1000000.0,0.0
BT5,False,NLC:SmoothNLP,NLC,SmoothNLP,random_raw,10,1.0,True,1.0,0.1030256099984399,-4.0737470604041415e+40,1.1040775470028166,10.0,,,0.1030256099984399,1.0,0.0
BT6,False,NLC:SmoothNLP,NLC,SmoothNLP,cutest,1,1.0,True,38.0,0.05086402600136353,2.1108485911400395e-09,,,,,0.05086402600136353,38.0,0.0
BT6,False,NLC:SmoothNLP,NLC,SmoothNLP,llm_post,5,1.0,True,35.0,0.04368792599780136,1.0205030972141458e-09,,,0.30212062199643697,219.0,0.04368792599780136,35.0,0.0
BT6,False,NLC:SmoothNLP,NLC,SmoothNLP,llm_raw,5,1.0,True,30.0,0.0355086810013745,1.0205030972141458e-09,,,0.24397483299981104,214.0,0.0355086810013745,30.0,0.0
BT6,False,NLC:SmoothNLP,NLC,SmoothNLP,random_post,10,1.0,True,1.0,0.10759599700031686,1.0905615097306065e+112,1.1680663869992713,10.0,,,0.10759599700031686,1.0,0.0
BT6,False,NLC:SmoothNLP,NLC,SmoothNLP,random_raw,10,1.0,True,1.0,0.1063648759991338,3.620970446083736e+112,1.0800438140031474,10.0,,,0.1063648759991338,1.0,0.0
BT7,False,NLC:SmoothNLP,NLC,SmoothNLP,cutest,1,1.0,True,63.0,0.06900137499906123,5.089466462466224e-13,,,,,0.06900137499906123,63.0,0.0
BT7,False,NLC:SmoothNLP,NLC,SmoothNLP,llm_post,5,1.0,True,20.0,0.02455763299803948,1.2613609837259142e-18,,,0.1911072079965379,146.0,0.02455763299803948,20.0,0.0
BT7,False,NLC:SmoothNLP,NLC,SmoothNLP,llm_raw,5,1.0,True,57.0,0.05878015899725142,3.7979406569677696e-17,,,0.33917279599700123,346.0,0.05878015899725142,57.0,0.0
BT7,False,NLC:SmoothNLP,NLC,SmoothNLP,random_post,10,1.0,True,1.0,0.10789626800033147,1.6991370664421488e+75,1.1760260439987178,10.0,,,0.10789626800033147,1.0,0.0
BT7,False,NLC:SmoothNLP,NLC,SmoothNLP,random_raw,10,1.0,True,1.0,0.10901562399885734,3.346701268139656e+76,1.1647264040002483,10.0,,,0.10901562399885734,1.0,0.0
BT8,False,NLC:SmoothNLP,NLC,SmoothNLP,cutest,1,1.0,True,3.0,0.008139903999108355,0.0,,,,,0.008139903999108355,3.0,0.0
BT8,False,NLC:SmoothNLP,NLC,SmoothNLP,llm_post,5,1.0,True,3.0,0.006355855999572668,0.0,,,0.03293091299929074,15.0,0.006355855999572668,3.0,0.0
BT8,False,NLC:SmoothNLP,NLC,SmoothNLP,llm_raw,5,1.0,True,3.0,0.0030524649992003106,0.0,,,0.016629265999654308,15.0,0.0030524649992003106,3.0,0.0
BT8,False,NLC:SmoothNLP,NLC,SmoothNLP,random_post,10,1.0,True,1.0,0.10503585599872167,6.733658513354462e+38,1.1080811200008611,10.0,,,0.10503585599872167,1.0,0.0
BT8,False,NLC:SmoothNLP,NLC,SmoothNLP,random_raw,10,1.0,True,1.0,0.10544284799834713,4.833943248513986e+38,1.0861497420009982,10.0,,,0.10544284799834713,1.0,0.0
BT9,False,NLC:SmoothNLP,NLC,SmoothNLP,cutest,1,0.0,False,,,,,,,,60.0,1000000.0,0.0
BT9,False,NLC:SmoothNLP,NLC,SmoothNLP,llm_post,5,0.0,False,,,,,,2.470701390000613,0.0,60.0,1000000.0,0.0
BT9,False,NLC:SmoothNLP,NLC,SmoothNLP,llm_raw,5,0.0,False,,,,,,2.343321131000266,0.0,60.0,1000000.0,0.0
BT9,False,NLC:SmoothNLP,NLC,SmoothNLP,random_post,10,0.1,True,1.0,0.1261813479977718,2.76632781140218e+16,4.391152736996446,1.0,,,0.1261813479977718,1.0,0.0
BT9,False,NLC:SmoothNLP,NLC,SmoothNLP,random_raw,10,1.0,True,1.0,0.08566163799696369,-2.2518985713990173e+19,0.9529428780006128,10.0,,,0.08566163799696369,1.0,0.0
BYRDSPHR,False,NLC:SmoothNLP,NLC,SmoothNLP,cutest,1,0.0,False,,,,,,,,60.0,1000000.0,0.0
BYRDSPHR,False,NLC:SmoothNLP,NLC,SmoothNLP,llm_post,5,0.0,False,,,,,,2.4524691629994777,0.0,60.0,1000000.0,0.0
BYRDSPHR,False,NLC:SmoothNLP,NLC,SmoothNLP,llm_raw,5,0.0,False,,,,,,2.3606847670052957,0.0,60.0,1000000.0,0.0
BYRDSPHR,False,NLC:SmoothNLP,NLC,SmoothNLP,random_post,10,0.3,True,1.0,0.08732054899883224,1.4474217735939612e+16,3.598960868002905,42.0,,,0.08732054899883224,1.0,0.0
BYRDSPHR,False,NLC:SmoothNLP,NLC,SmoothNLP,random_raw,10,1.0,True,1.0,0.08484174299883307,-1.9233876460729238e+19,0.9366974149961607,10.0,,,0.08484174299883307,1.0,0.0
CAMEL6,True,BSmoothNLP,B,SmoothNLP,cutest,1,1.0,True,15.0,0.05241586599731818,-1.03162845348987,,,,,0.05241586599731818,15.0,0.0
CAMEL6,True,BSmoothNLP,B,SmoothNLP,llm_post,5,1.0,True,11.0,0.0003255810006521642,-1.0316284534898745,,,0.0019659930003399495,71.0,0.0003255810006521642,11.0,0.0
CAMEL6,True,BSmoothNLP,B,SmoothNLP,llm_raw,5,1.0,True,11.0,0.00029381800050032325,-1.0316284534898745,,,0.005847863005328691,71.0,0.00029381800050032325,11.0,0.0
CAMEL6,True,BSmoothNLP,B,SmoothNLP,random_post,10,1.0,True,9.0,0.00021462600125232711,-1.0316284534898772,0.00805339400540106,134.0,,,0.00021462600125232711,9.0,0.0
CAMEL6,True,BSmoothNLP,B,SmoothNLP,random_raw,10,1.0,True,9.0,0.0002682250014913734,-1.0316284534898772,0.007429463006701553,134.0,,,0.0002682250014913734,9.0,0.0
CANTILVR,True,NLC:SmoothNLP,NLC,SmoothNLP,cutest,1,1.0,True,30.0,0.042207400998449884,0.0009001653685878563,,,,,0.042207400998449884,30.0,0.0
CANTILVR,True,NLC:SmoothNLP,NLC,SmoothNLP,llm_post,5,1.0,True,22.0,0.4682313279990922,3.1199999999999994e-07,,,2.433593652996933,122.0,0.4682313279990922,22.0,0.0
CANTILVR,True,NLC:SmoothNLP,NLC,SmoothNLP,llm_raw,5,1.0,True,30.0,0.031571044000884285,0.0009001653685878563,,,0.1736335589994269,163.0,0.031571044000884285,30.0,0.0
CANTILVR,True,NLC:SmoothNLP,NLC,SmoothNLP,random_post,10,1.0,True,1.0,0.07565761699879658,7.930026449106296e+18,0.7767427429971576,10.0,,,0.07565761699879658,1.0,0.0
CANTILVR,True,NLC:SmoothNLP,NLC,SmoothNLP,random_raw,10,1.0,True,1.0,0.07535431500218692,7.930026449106296e+18,0.7710782700014533,10.0,,,0.07535431500218692,1.0,0.0
CB2,False,NLC:SmoothNLP,NLC,SmoothNLP,cutest,1,0.0,False,,,,,,,,60.0,1000000.0,0.0
CB2,False,NLC:SmoothNLP,NLC,SmoothNLP,llm_post,5,0.0,False,,,,,,2.494690230996639,0.0,60.0,1000000.0,0.0
CB2,False,NLC:SmoothNLP,NLC,SmoothNLP,llm_raw,5,0.0,False,,,,,,2.3461735519958893,0.0,60.0,1000000.0,0.0
CB2,False,NLC:SmoothNLP,NLC,SmoothNLP,random_post,10,1.0,True,1.0,0.08505214299657382,-9.002970758536035e+19,0.9251765279914252,10.0,,,0.08505214299657382,1.0,0.0
CB2,False,NLC:SmoothNLP,NLC,SmoothNLP,random_raw,10,1.0,True,1.0,0.08375296699887258,-9.002970758536035e+19,0.9421929139971326,10.0,,,0.08375296699887258,1.0,0.0
CB3,False,NLC:SmoothNLP,NLC,SmoothNLP,cutest,1,0.0,False,,,,,,,,60.0,1000000.0,0.0
CB3,False,NLC:SmoothNLP,NLC,SmoothNLP,llm_post,5,0.0,False,,,,,,2.4114074439967226,0.0,60.0,1000000.0,0.0
CB3,False,NLC:SmoothNLP,NLC,SmoothNLP,llm_raw,5,0.0,False,,,,,,2.408812780999142,0.0,60.0,1000000.0,0.0
CB3,False,NLC:SmoothNLP,NLC,SmoothNLP,random_post,10,1.0,True,1.0,0.08389960299973609,-9.002970758536035e+19,0.8567321110022021,10.0,,,0.08389960299973609,1.0,0.0
CB3,False,NLC:SmoothNLP,NLC,SmoothNLP,random_raw,10,1.0,True,1.0,0.08494603800136247,-9.002970758536035e+19,0.9271785749988339,10.0,,,0.08494603800136247,1.0,0.0
CHACONN2,False,NLC:SmoothNLP,NLC,SmoothNLP,cutest,1,0.0,False,,,,,,,,60.0,1000000.0,0.0
CHACONN2,False,NLC:SmoothNLP,NLC,SmoothNLP,llm_post,5,0.0,False,,,,,,2.4192359729931923,0.0,60.0,1000000.0,0.0
CHACONN2,False,NLC:SmoothNLP,NLC,SmoothNLP,llm_raw,5,0.0,False,,,,,,2.4639229419990443,0.0,60.0,1000000.0,0.0
CHACONN2,False,NLC:SmoothNLP,NLC,SmoothNLP,random_post,10,1.0,True,1.0,0.08445692399982363,-9.002970758536035e+19,0.903566506000061,10.0,,,0.08445692399982363,1.0,0.0
CHACONN2,False,NLC:SmoothNLP,NLC,SmoothNLP,random_raw,10,1.0,True,1.0,0.08391287400081637,-9.002970758536035e+19,0.953900116001023,10.0,,,0.08391287400081637,1.0,0.0
CLIFF,False,USmoothNLP,U,SmoothNLP,cutest,1,1.0,True,47.0,0.0020076039982086513,6.280256342121843,,,,,0.0020076039982086513,47.0,0.0
CLIFF,False,USmoothNLP,U,SmoothNLP,llm_post,5,0.4,True,47.0,0.0012428529989847448,6.280256342121843,,,0.004679990997829009,94.0,0.0012428529989847448,47.0,0.0
CLIFF,False,USmoothNLP,U,SmoothNLP,llm_raw,5,0.4,True,47.0,0.001242008998815436,6.280256342121843,,,0.0047403709941136185,94.0,0.001242008998815436,47.0,0.0
CLIFF,False,USmoothNLP,U,SmoothNLP,random_post,10,1.0,True,4.0,0.0003004850004799664,6.280256342121843,0.011537362999661127,332.0,,,0.0003004850004799664,4.0,0.0
CLIFF,False,USmoothNLP,U,SmoothNLP,random_raw,10,1.0,True,4.0,0.0003419419990677852,6.280256342121843,0.11604527000235976,332.0,,,0.0003419419990677852,4.0,0.2
CLUSTER,False,NLC:SmoothNLP,NLC,SmoothNLP,cutest,1,1.0,True,1.0,0.005016069997509476,0.0,,,,,0.005016069997509476,1.0,0.0
CLUSTER,False,NLC:SmoothNLP,NLC,SmoothNLP,llm_post,5,1.0,True,1.0,0.0021751700005552266,0.0,,,0.01182564200280467,5.0,0.0021751700005552266,1.0,0.0
CLUSTER,False,NLC:SmoothNLP,NLC,SmoothNLP,llm_raw,5,1.0,True,1.0,0.0022888450002938043,0.0,,,0.011721614002453862,5.0,0.0022888450002938043,1.0,0.0
CLUSTER,False,NLC:SmoothNLP,NLC,SmoothNLP,random_post,10,1.0,True,1.0,0.0012721589991997462,0.0,0.019552554993424565,10.0,,,0.0012721589991997462,1.0,0.0
CLUSTER,False,NLC:SmoothNLP,NLC,SmoothNLP,random_raw,10,1.0,True,1.0,0.0012095419988327194,0.0,0.013946132003184175,10.0,,,0.0012095419988327194,1.0,0.0
CORE1,True,NLC:Nonsmooth,NLC,Nonsmooth,cutest,1,1.0,True,354.0,0.5565320050009177,54.40156040164469,,,,,0.5565320050009177,354.0,0.0
CORE1,True,NLC:Nonsmooth,NLC,Nonsmooth,llm_post,5,1.0,True,11.0,0.023768669001583476,54.401563658589225,,,0.16367901300327503,55.0,0.023768669001583476,11.0,0.0
CORE1,True,NLC:Nonsmooth,NLC,Nonsmooth,llm_raw,5,1.0,True,12.0,0.02213307099736994,54.40155900488928,,,0.11353258999224636,60.0,0.02213307099736994,12.0,0.0
CORE1,True,NLC:Nonsmooth,NLC,Nonsmooth,random_post,10,1.0,True,12.0,0.024505343000782887,54.401547917171705,0.30913126000450575,133.0,,,0.024505343000782887,12.0,0.0
CORE1,True,NLC:Nonsmooth,NLC,Nonsmooth,random_raw,10,1.0,True,12.0,0.022217887999431696,54.40155664810025,0.24474489900967455,130.0,,,0.022217887999431696,12.0,0.0
CORE2,True,NLC:Nonsmooth,NLC,Nonsmooth,cutest,1,1.0,True,104.0,0.21580234200155246,36.01111191873177,,,,,0.21580234200155246,104.0,0.0
CORE2,True,NLC:Nonsmooth,NLC,Nonsmooth,random_post,10,1.0,True,19.0,0.040030434000073,36.01110073269007,0.5245592880019103,266.0,,,0.040030434000073,19.0,0.0
CORE2,True,NLC:Nonsmooth,NLC,Nonsmooth,random_raw,10,1.0,True,17.0,0.03353897800116101,36.011109902653395,0.4332881300106237,235.0,,,0.03353897800116101,17.0,0.0
CRESC100,True,NLC:SmoothNLP,NLC,SmoothNLP,cutest,1,1.0,True,11.0,0.022631615000136662,1.2890278116801489e-06,,,,,0.022631615000136662,11.0,0.0
CRESC100,True,NLC:SmoothNLP,NLC,SmoothNLP,llm_post,5,1.0,True,9.0,0.018358727000304498,1.0368911569725034e-06,,,0.11062297600074089,51.0,0.018358727000304498,9.0,0.0
CRESC100,True,NLC:SmoothNLP,NLC,SmoothNLP,llm_raw,5,1.0,True,10.0,0.015106543000001693,1.2888555030133748e-06,,,0.08119401300427853,53.0,0.015106543000001693,10.0,0.0
CRESC100,True,NLC:SmoothNLP,NLC,SmoothNLP,random_post,10,0.6,True,16.0,0.03382754000267596,478013497985.94556,1.2381982630031416,110.0,,,0.03382754000267596,16.0,0.0
CRESC100,True,NLC:SmoothNLP,NLC,SmoothNLP,random_raw,10,0.0,False,,,,2.4631813109954237,0.0,,,60.0,1000000.0,0.0
CRESC50,True,NLC:SmoothNLP,NLC,SmoothNLP,cutest,1,1.0,True,11.0,0.020878842999081826,1.2890278116801489e-06,,,,,0.020878842999081826,11.0,0.0
CRESC50,True,NLC:SmoothNLP,NLC,SmoothNLP,llm_post,5,1.0,True,10.0,0.015331441001762869,1.3154801785707548e-06,,,0.12241882799935411,50.0,0.015331441001762869,10.0,0.0
CRESC50,True,NLC:SmoothNLP,NLC,SmoothNLP,llm_raw,5,1.0,True,11.0,0.015840701998968143,1.2890278116801489e-06,,,0.08268509800109314,55.0,0.015840701998968143,11.0,0.0
CRESC50,True,NLC:SmoothNLP,NLC,SmoothNLP,random_post,10,0.6,True,16.0,0.032426918998680776,478013502024.5238,1.2455576000065776,419.0,,,0.032426918998680776,16.0,0.0
CRESC50,True,NLC:SmoothNLP,NLC,SmoothNLP,random_raw,10,0.0,False,,,,2.477477958000236,0.0,,,60.0,1000000.0,0.0
CSFI1,True,NLC:SmoothNLP,NLC,SmoothNLP,cutest,1,0.0,False,,,,,,,,60.0,1000000.0,0.0
CSFI1,True,NLC:SmoothNLP,NLC,SmoothNLP,llm_post,5,0.0,False,,,,,,2.419276202999754,0.0,60.0,1000000.0,0.0
CSFI1,True,NLC:SmoothNLP,NLC,SmoothNLP,llm_raw,5,0.0,False,,,,,,2.373354699004267,0.0,60.0,1000000.0,0.0
CSFI1,True,NLC:SmoothNLP,NLC,SmoothNLP,random_post,10,1.0,True,569.0,0.10434898899984546,-9.837694545488606e+19,1.086976851001964,5913.0,,,0.10434898899984546,569.0,0.0
CSFI1,True,NLC:SmoothNLP,NLC,SmoothNLP,random_raw,10,1.0,True,284.0,0.09485844200025895,-9.837694545488606e+19,1.0602522080007475,3374.0,,,0.09485844200025895,284.0,0.0
CSFI2,True,NLC:SmoothNLP,NLC,SmoothNLP,cutest,1,1.0,True,12.0,0.02574020400061272,6.400809758834411e-06,,,,,0.02574020400061272,12.0,0.0
CSFI2,True,NLC:SmoothNLP,NLC,SmoothNLP,llm_post,5,1.0,True,53.0,0.05554137999934028,6.400820343196594e-06,,,0.3248780559988518,265.0,0.05554137999934028,53.0,0.0
CSFI2,True,NLC:SmoothNLP,NLC,SmoothNLP,llm_raw,5,1.0,True,9.0,0.013657564002642175,6.400820341356256e-06,,,0.0696237279989873,45.0,0.013657564002642175,9.0,0.0
CSFI2,True,NLC:SmoothNLP,NLC,SmoothNLP,random_post,10,1.0,True,570.0,0.10436457999821869,4.985146207319823e+18,1.07908029999453,6058.0,,,0.10436457999821869,570.0,0.0
CSFI2,True,NLC:SmoothNLP,NLC,SmoothNLP,random_raw,10,1.0,True,1.0,0.08502387900080066,4.985146207319823e+18,0.8650099799961026,10.0,,,0.08502387900080066,1.0,0.0
CUBE,False,U:LS,U,LS,cutest,1,1.0,True,45.0,0.11033736600074917,3.421051295078155e-14,,,,,0.11033736600074917,45.0,0.0
CUBE,False,U:LS,U,LS,llm_post,5,1.0,True,34.0,0.0009921260025294032,2.917955754656986e-15,,,0.006978224999329541,206.0,0.0009921260025294032,34.0,0.0
CUBE,False,U:LS,U,LS,llm_raw,5,1.0,True,34.0,0.000552958001208026,2.917955754656986e-15,,,0.004097510005522054,206.0,0.000552958001208026,34.0,0.0
CUBE,False,U:LS,U,LS,random_post,10,0.5,True,181.0,0.004512339997745585,2.9399382913127794e+40,0.06105529400156229,950.0,,,0.004512339997745585,181.0,0.0
CUBE,False,U:LS,U,LS,random_raw,10,0.5,True,181.0,0.002740273001109017,2.9399382913127794e+40,0.06503124799928628,950.0,,,0.002740273001109017,181.0,0.0
CUBENE,False,NLC:SmoothNLP,NLC,SmoothNLP,cutest,1,1.0,True,1.0,0.004784394001035253,0.0,,,,,0.004784394001035253,1.0,0.0
CUBENE,False,NLC:SmoothNLP,NLC,SmoothNLP,llm_post,5,1.0,True,1.0,0.0023239580004883464,0.0,,,0.012641747001907788,5.0,0.0023239580004883464,1.0,0.0
CUBENE,False,NLC:SmoothNLP,NLC,SmoothNLP,llm_raw,5,1.0,True,1.0,0.002276688999700127,0.0,,,0.012653616999159567,5.0,0.002276688999700127,1.0,0.0
CUBENE,False,NLC:SmoothNLP,NLC,SmoothNLP,random_post,10,1.0,True,1.0,0.0013122420023137238,0.0,0.020210682003380498,10.0,,,0.0013122420023137238,1.0,0.0
CUBENE,False,NLC:SmoothNLP,NLC,SmoothNLP,random_raw,10,1.0,True,1.0,0.001183284999569878,0.0,0.0128768200011109,10.0,,,0.001183284999569878,1.0,0.0
DECONVB,True,B:LS,B,LS,cutest,1,1.0,True,64.0,0.06489162099751411,5.105379120814502e-08,,,,,0.06489162099751411,64.0,0.0
DECONVB,True,B:LS,B,LS,llm_post,5,1.0,True,64.0,0.002290655997057911,1.9790196074655826e-08,,,0.017138290000730194,358.0,0.002290655997057911,64.0,0.0
DECONVB,True,B:LS,B,LS,llm_raw,5,1.0,True,64.0,0.003640749000624055,1.9790196074655826e-08,,,0.019473277006909484,358.0,0.003640749000624055,64.0,0.0
DECONVB,True,B:LS,B,LS,random_post,10,1.0,True,2.0,0.0004363470034149941,66.73839452551113,0.008825913999316981,55.0,,,0.0004363470034149941,2.0,0.0
DECONVB,True,B:LS,B,LS,random_raw,10,1.0,True,2.0,0.0004670609996537678,66.73839452551113,0.02222737099873484,55.0,,,0.0004670609996537678,2.0,0.0
DECONVC,True,NLC:LS,NLC,LS,cutest,1,1.0,True,117.0,1.0156929760014464,0.002569477078950361,,,,,1.0156929760014464,117.0,0.0
DECONVC,True,NLC:LS,NLC,LS,llm_post,5,1.0,True,120.0,0.8685130880003271,0.0025694770788186653,,,4.565867339999386,610.0,0.8685130880003271,120.0,0.0
DECONVC,True,NLC:LS,NLC,LS,llm_raw,5,1.0,True,117.0,0.8753046759993595,0.0025694770788461333,,,4.55224030500176,620.0,0.8753046759993595,117.0,0.0
DECONVC,True,NLC:LS,NLC,LS,random_post,10,1.0,True,47.0,0.08733787999881315,149746595750496.75,1.0064435000022058,498.0,,,0.08733787999881315,47.0,0.0
DECONVC,True,NLC:LS,NLC,LS,random_raw,10,1.0,True,1.0,0.14337452900144854,1.2449480217449534e+82,1.4870961380001972,10.0,,,0.14337452900144854,1.0,0.0
DECONVNE,False,NLC:SmoothNLP,NLC,SmoothNLP,cutest,1,1.0,True,1.0,0.00542296400089981,0.0,,,,,0.00542296400089981,1.0,0.0
DECONVNE,False,NLC:SmoothNLP,NLC,SmoothNLP,llm_post,5,1.0,True,1.0,0.0013960270007373765,0.0,,,0.011115921999589773,5.0,0.0013960270007373765,1.0,0.0
DECONVNE,False,NLC:SmoothNLP,NLC,SmoothNLP,llm_raw,5,1.0,True,1.0,0.00238178300060099,0.0,,,0.01278913300120621,5.0,0.00238178300060099,1.0,0.0
DECONVNE,False,NLC:SmoothNLP,NLC,SmoothNLP,random_post,10,1.0,True,1.0,0.0024459720007143915,0.0,0.02685096200366388,10.0,,,0.0024459720007143915,1.0,0.0
DECONVNE,False,NLC:SmoothNLP,NLC,SmoothNLP,random_raw,10,1.0,True,1.0,0.0012657320003199857,0.0,0.014303857999038883,10.0,,,0.0012657320003199857,1.0,0.0
DEGENLPA,True,LEBSmoothNLP,LEB,SmoothNLP,cutest,1,1.0,True,7.0,0.014623401999415364,0.0,,,,,0.014623401999415364,7.0,0.0
DEGENLPA,True,LEBSmoothNLP,LEB,SmoothNLP,llm_post,5,1.0,True,2.0,0.0002465720026521012,0.0,,,0.001630684007977834,16.0,0.0002465720026521012,2.0,0.0
DEGENLPA,True,LEBSmoothNLP,LEB,SmoothNLP,llm_raw,5,1.0,True,6.0,0.0003809529989666771,0.0,,,0.0036368330002005678,34.0,0.0003809529989666771,6.0,0.0
DEGENLPA,True,LEBSmoothNLP,LEB,SmoothNLP,random_post,10,1.0,True,2.0,0.00034279800092917867,0.0,0.004915171000902774,27.0,,,0.00034279800092917867,2.0,0.0
DEGENLPA,True,LEBSmoothNLP,LEB,SmoothNLP,random_raw,10,1.0,True,5.0,0.0004033660006825812,0.0,0.08026009200330009,85.0,,,0.0004033660006825812,5.0,0.0
DEGENLPB,True,LEBSmoothNLP,LEB,SmoothNLP,cutest,1,1.0,True,1.0,0.0015802350026206113,-533.369,,,,,0.0015802350026206113,1.0,0.0
DEGENLPB,True,LEBSmoothNLP,LEB,SmoothNLP,llm_post,5,1.0,True,6.0,0.0003747179980564397,-533.369,,,0.0025160169971059076,31.0,0.0003747179980564397,6.0,0.0
DEGENLPB,True,LEBSmoothNLP,LEB,SmoothNLP,llm_raw,5,1.0,True,1.0,0.00036793799881706946,-533.369,,,0.003292935998615576,25.0,0.00036793799881706946,1.0,0.0
DEGENLPB,True,LEBSmoothNLP,LEB,SmoothNLP,random_post,10,1.0,True,6.0,0.0007243979998747818,-533.369,0.008190548003767617,68.0,,,0.0007243979998747818,6.0,0.0
DEGENLPB,True,LEBSmoothNLP,LEB,SmoothNLP,random_raw,10,1.0,True,6.0,0.0003726980030478444,-533.369,0.023581176010338822,79.0,,,0.0003726980030478444,6.0,0.0
DEMBO7,True,NLC:SmoothNLP,NLC,SmoothNLP,cutest,1,1.0,True,21.0,0.538642247000098,154.82667295642275,,,,,0.538642247000098,21.0,0.0
DEMBO7,True,NLC:SmoothNLP,NLC,SmoothNLP,llm_post,5,1.0,True,18.0,0.5060097310015408,154.826673265906,,,2.602997588008293,95.0,0.5060097310015408,18.0,0.0
DEMBO7,True,NLC:SmoothNLP,NLC,SmoothNLP,llm_raw,5,1.0,True,20.0,0.5149053940003796,154.82667270579415,,,2.617920308995963,119.0,0.5149053940003796,20.0,0.0
DEMBO7,True,NLC:SmoothNLP,NLC,SmoothNLP,random_post,10,1.0,True,10.0,0.026218682000035187,154.82667221839662,2.3190218919953622,291.0,,,0.026218682000035187,10.0,0.0
DEMBO7,True,NLC:SmoothNLP,NLC,SmoothNLP,random_raw,10,1.0,True,24.0,0.49691352499939967,154.82667218623803,5.180666019998171,286.0,,,0.49691352499939967,24.0,0.0
DENSCHNA,False,USmoothNLP,U,SmoothNLP,cutest,1,1.0,True,12.0,0.04297957499875338,4.503639373344602e-14,,,,,0.04297957499875338,12.0,0.0
DENSCHNA,False,USmoothNLP,U,SmoothNLP,llm_post,5,1.0,True,10.0,0.0002777250010694843,1.1921600558138852e-14,,,0.0021901529980823398,53.0,0.0002777250010694843,10.0,0.0
DENSCHNA,False,USmoothNLP,U,SmoothNLP,llm_raw,5,1.0,True,10.0,0.00048153100215131417,1.1921600558138852e-14,,,0.002714431000640616,53.0,0.00048153100215131417,10.0,0.0
DENSCHNA,False,USmoothNLP,U,SmoothNLP,random_post,10,1.0,True,48.0,0.0010049560005427338,5134640069.167422,0.029055840990622528,743.0,,,0.0010049560005427338,48.0,0.0
DENSCHNA,False,USmoothNLP,U,SmoothNLP,random_raw,10,1.0,True,48.0,0.0008877939981175587,5134640069.167422,0.03224484299425967,743.0,,,0.0008877939981175587,48.0,0.0
DENSCHNB,False,U:LS,U,LS,cutest,1,1.0,True,7.0,0.04267147800055682,2.1352380863632682e-11,,,,,0.04267147800055682,7.0,0.0
DENSCHNB,False,U:LS,U,LS,llm_post,5,1.0,True,7.0,0.0002875689970096573,1.1447717840273027e-16,,,0.002010822998272488,38.0,0.0002875689970096573,7.0,0.0
DENSCHNB,False,U:LS,U,LS,llm_raw,5,1.0,True,7.0,0.00023076300203683786,1.1447717840273027e-16,,,0.0013429869977699127,38.0,0.00023076300203683786,7.0,0.0
DENSCHNB,False,U:LS,U,LS,random_post,10,1.0,True,10.0,0.00029890100267948583,0.0,0.005151886001840467,132.0,,,0.00029890100267948583,10.0,0.0
DENSCHNB,False,U:LS,U,LS,random_raw,10,1.0,True,10.0,0.0004098450008314103,0.0,0.04296087400143733,132.0,,,0.0004098450008314103,10.0,0.0
DENSCHNC,False,U:LS,U,LS,cutest,1,1.0,True,20.0,0.03819730800023535,0.18336165467793503,,,,,0.03819730800023535,20.0,0.0
DENSCHNC,False,U:LS,U,LS,llm_post,5,1.0,True,15.0,0.0006459050018747803,0.18336165467793503,,,0.004238516001350945,95.0,0.0006459050018747803,15.0,0.0
DENSCHNC,False,U:LS,U,LS,llm_raw,5,1.0,True,15.0,0.0006834880005044397,0.18336165467793503,,,0.004567987001792062,95.0,0.0006834880005044397,15.0,0.0
DENSCHNC,False,U:LS,U,LS,random_post,10,1.0,True,6.0,0.0003562740021152422,0.18336165467793503,0.02101222300188965,510.0,,,0.0003562740021152422,6.0,0.0
DENSCHNC,False,U:LS,U,LS,random_raw,10,1.0,True,6.0,0.00041686300028231926,0.18336165467793503,0.021050193998235045,510.0,,,0.00041686300028231926,6.0,0.2
DENSCHNF,False,U:LS,U,LS,cutest,1,1.0,True,18.0,0.051543514000513824,3.123030538983811e-14,,,,,0.051543514000513824,18.0,0.0
DENSCHNF,False,U:LS,U,LS,llm_post,5,1.0,True,11.0,0.000259019998338772,2.6610931291290907e-20,,,0.0028044650025549345,69.0,0.000259019998338772,11.0,0.0
DENSCHNF,False,U:LS,U,LS,llm_raw,5,1.0,True,11.0,0.0005490519979503006,2.6610931291290907e-20,,,0.003090688998781843,69.0,0.0005490519979503006,11.0,0.0
DENSCHNF,False,U:LS,U,LS,random_post,10,1.0,True,164.0,0.0031327769975177944,1.795363767830824e-18,0.05211578300804831,1735.0,,,0.0031327769975177944,164.0,0.0
DENSCHNF,False,U:LS,U,LS,random_raw,10,1.0,True,164.0,0.00351389199931873,1.795363767830824e-18,0.061974185995495645,1735.0,,,0.00351389199931873,164.0,0.0
DISC2,True,NLC:SmoothNLP,NLC,SmoothNLP,cutest,1,1.0,True,9.0,0.024352827000257093,3.2020283866425356e-05,,,,,0.024352827000257093,9.0,0.0
DISC2,True,NLC:SmoothNLP,NLC,SmoothNLP,llm_post,5,1.0,True,9.0,0.015499770001042634,3.202030806610893e-05,,,0.10026313800335629,45.0,0.015499770001042634,9.0,0.0
DISC2,True,NLC:SmoothNLP,NLC,SmoothNLP,llm_raw,5,1.0,True,9.0,0.0137025399999402,3.2020283866425356e-05,,,0.07099227899379912,45.0,0.0137025399999402,9.0,0.0
DISC2,True,NLC:SmoothNLP,NLC,SmoothNLP,random_post,10,1.0,True,9.0,0.013733675998082617,3.202030441972983e-05,0.196872776003147,90.0,,,0.013733675998082617,9.0,0.0
DISC2,True,NLC:SmoothNLP,NLC,SmoothNLP,random_raw,10,1.0,True,9.0,0.013834831999702146,3.202030441972983e-05,0.14440151099915965,90.0,,,0.013834831999702146,9.0,0.0
DJTL,False,USmoothNLP,U,SmoothNLP,cutest,1,0.0,False,,,,,,,,60.0,1000000.0,0.0
DJTL,False,USmoothNLP,U,SmoothNLP,llm_post,5,0.4,True,176.0,0.0034671630019147415,-5297.119285130809,,,0.015180861002590973,384.0,0.0034671630019147415,176.0,0.0
DJTL,False,USmoothNLP,U,SmoothNLP,llm_raw,5,0.4,True,176.0,0.00446234899936826,-5297.119285130809,,,0.017217718999745557,384.0,0.00446234899936826,176.0,0.0
DJTL,False,USmoothNLP,U,SmoothNLP,random_post,10,0.2,True,295.0,0.00985452799795894,-8260.598841837034,0.07183885300401016,640.0,,,0.00985452799795894,295.0,0.0
DJTL,False,USmoothNLP,U,SmoothNLP,random_raw,10,0.2,True,295.0,0.00499584199860692,-8260.598841837034,0.16850620799232274,640.0,,,0.00499584199860692,295.0,0.0
DUAL2,True,LEBSmoothNLP,LEB,SmoothNLP,cutest,1,1.0,True,1.0,0.03882155300016166,0.0,,,,,0.03882155300016166,1.0,0.0
DUAL2,True,LEBSmoothNLP,LEB,SmoothNLP,llm_post,1,1.0,True,71.0,0.05582399299964891,2.4993320070240835e-17,,,0.05582399299964891,71.0,0.05582399299964891,71.0,0.0
DUAL2,True,LEBSmoothNLP,LEB,SmoothNLP,llm_raw,1,1.0,True,1.0,0.002263351998408325,0.0,,,0.002263351998408325,1.0,0.002263351998408325,1.0,0.0
DUAL2,True,LEBSmoothNLP,LEB,SmoothNLP,random_post,10,1.0,True,61.0,0.04848990100072115,6.539906454874178e-18,0.5555652689981798,727.0,,,0.04848990100072115,61.0,0.0
DUAL2,True,LEBSmoothNLP,LEB,SmoothNLP,random_raw,10,1.0,True,116.0,0.08297642999968957,1.5502294404204995e-17,1.0056007110069913,1201.0,,,0.08297642999968957,116.0,0.0
DUAL3,True,LEBSmoothNLP,LEB,SmoothNLP,cutest,1,1.0,True,1.0,0.04302787000051467,0.0,,,,,0.04302787000051467,1.0,0.0
DUAL3,True,LEBSmoothNLP,LEB,SmoothNLP,llm_post,1,1.0,True,68.0,0.09179631799997878,2.0605901778482825e-13,,,0.09179631799997878,68.0,0.09179631799997878,68.0,0.0
DUAL3,True,LEBSmoothNLP,LEB,SmoothNLP,llm_raw,1,1.0,True,1.0,0.004010943001048872,0.0,,,0.004010943001048872,1.0,0.004010943001048872,1.0,0.0
DUAL3,True,LEBSmoothNLP,LEB,SmoothNLP,random_post,10,1.0,True,66.0,0.06247636700209114,0.0,0.9121724519973213,783.0,,,0.06247636700209114,66.0,0.0
DUAL3,True,LEBSmoothNLP,LEB,SmoothNLP,random_raw,10,1.0,True,135.0,0.136511871998664,2.0587376741844962e-16,1.7306494649928936,1406.0,,,0.136511871998664,135.0,0.0
DUAL4,True,LEBSmoothNLP,LEB,SmoothNLP,cutest,1,1.0,True,1.0,0.029607550000946503,0.0,,,,,0.029607550000946503,1.0,0.0
DUAL4,True,LEBSmoothNLP,LEB,SmoothNLP,llm_post,1,1.0,True,38.0,0.023150811000959948,1.857609421219613e-14,,,0.023150811000959948,38.0,0.023150811000959948,38.0,0.0
DUAL4,True,LEBSmoothNLP,LEB,SmoothNLP,llm_raw,1,1.0,True,38.0,0.02949619599894504,1.857609421219613e-14,,,0.02949619599894504,38.0,0.02949619599894504,38.0,0.0
DUAL4,True,LEBSmoothNLP,LEB,SmoothNLP,random_post,10,1.0,True,23.0,0.01577058600014425,0.0,0.2689039339966257,318.0,,,0.01577058600014425,23.0,0.0
DUAL4,True,LEBSmoothNLP,LEB,SmoothNLP,random_raw,10,1.0,True,66.0,0.041577176001737826,1.4436086252459112e-14,0.568108742005279,753.0,,,0.041577176001737826,66.0,0.0
EG1,True,BSmoothNLP,B,SmoothNLP,cutest,1,1.0,True,14.0,0.0384692180014099,-1.1328007825836583,,,,,0.0384692180014099,14.0,0.0
EG1,True,BSmoothNLP,B,SmoothNLP,llm_post,5,1.0,True,14.0,0.00034856599813792855,-1.429306753575438,,,0.005908630002522841,73.0,0.00034856599813792855,14.0,0.0
EG1,True,BSmoothNLP,B,SmoothNLP,llm_raw,5,1.0,True,14.0,0.0003330350009491667,-1.429306753575438,,,0.0018584079989523161,73.0,0.0003330350009491667,14.0,0.0
EG1,True,BSmoothNLP,B,SmoothNLP,random_post,10,1.0,True,10.0,0.00031791700166650116,-1.429306753575439,0.008537068006262416,163.0,,,0.00031791700166650116,10.0,0.0
EG1,True,BSmoothNLP,B,SmoothNLP,random_raw,10,1.0,True,10.0,0.0003792420029640198,-1.429306753575439,0.009323706006398425,163.0,,,0.0003792420029640198,10.0,0.0
EQC,True,LCBSmoothNLP,LCB,SmoothNLP,cutest,1,1.0,True,2.0,0.4841636640012439,-829.547705283049,,,,,0.4841636640012439,2.0,0.0
EQC,True,LCBSmoothNLP,LCB,SmoothNLP,llm_post,5,1.0,True,2.0,0.14091252299840562,-892.5704040727738,,,0.9692663339992578,3386.0,0.14091252299840562,2.0,0.0
EQC,True,LCBSmoothNLP,LCB,SmoothNLP,llm_raw,5,1.0,True,2.0,0.14088908799749333,-892.5704040727738,,,0.9621481340000173,3386.0,0.14088908799749333,2.0,0.0
EQC,True,LCBSmoothNLP,LCB,SmoothNLP,random_post,10,0.9,True,380.0,0.07440725099877454,-838.9731823943141,1.3031767369975569,4311.0,,,0.07440725099877454,380.0,0.0
EQC,True,LCBSmoothNLP,LCB,SmoothNLP,random_raw,10,1.0,True,382.0,0.07504072099982295,-830.8126813886776,1.1644463390002784,5221.0,,,0.07504072099982295,382.0,0.0
ERRINBAR,True,NLC:SmoothNLP,NLC,SmoothNLP,cutest,1,1.0,True,10.0,0.027859457000886323,19.031557670490635,,,,,0.027859457000886323,10.0,0.0
ERRINBAR,True,NLC:SmoothNLP,NLC,SmoothNLP,llm_post,5,1.0,True,20.0,0.024738539999816567,19.031825882170722,,,0.1765159090027737,100.0,0.024738539999816567,20.0,0.0
ERRINBAR,True,NLC:SmoothNLP,NLC,SmoothNLP,llm_raw,5,1.0,True,9.0,0.01287057399895275,19.031818996248482,,,0.06730611999591929,45.0,0.01287057399895275,9.0,0.0
ERRINBAR,True,NLC:SmoothNLP,NLC,SmoothNLP,random_post,10,1.0,True,12.0,0.017917514996952377,19.03027152979296,1.2228944179987593,6570.0,,,0.017917514996952377,12.0,0.0
ERRINBAR,True,NLC:SmoothNLP,NLC,SmoothNLP,random_raw,10,1.0,True,1.0,0.0962477190005302,1.230700595052366e+21,0.983061449998786,10.0,,,0.0962477190005302,1.0,0.0
EXPFIT,False,U:LS,U,LS,cutest,1,1.0,True,18.0,0.07062451100136968,0.24051059399931032,,,,,0.07062451100136968,18.0,0.0
EXPFIT,False,U:LS,U,LS,llm_post,5,1.0,True,18.0,0.0006165990016597789,0.24051059399931032,,,0.0040899039995565545,90.0,0.0006165990016597789,18.0,0.0
EXPFIT,False,U:LS,U,LS,llm_raw,5,1.0,True,18.0,0.0007702139992034063,0.24051059399931032,,,0.0394424660007644,90.0,0.0007702139992034063,18.0,0.0
EXPFIT,False,U:LS,U,LS,random_post,10,1.0,True,1.0,0.0002015229983953759,24.0625,0.002202329003921477,10.0,,,0.0002015229983953759,1.0,0.0
EXPFIT,False,U:LS,U,LS,random_raw,10,1.0,True,1.0,0.00020809399939025752,24.0625,0.002693373000511201,10.0,,,0.00020809399939025752,1.0,0.0
FCCU,True,LEB:LS,LEB,LS,cutest,1,1.0,True,11.0,0.002355664000788238,7.778168601978963e-28,,,,,0.002355664000788238,11.0,0.0
FCCU,True,LEB:LS,LEB,LS,llm_post,5,1.0,True,9.0,0.0002787949997582473,3.44547329726633e-28,,,0.001593473003595136,51.0,0.0002787949997582473,9.0,0.0
FCCU,True,LEB:LS,LEB,LS,llm_raw,5,1.0,True,9.0,0.00023245400006999262,7.778168601978963e-28,,,0.0014938240019546356,49.0,0.00023245400006999262,9.0,0.0
FCCU,True,LEB:LS,LEB,LS,random_post,10,1.0,True,9.0,0.0002474880020599812,9.093199745246966e-27,0.7778100139985327,2175.0,,,0.0002474880020599812,9.0,0.0
FCCU,True,LEB:LS,LEB,LS,random_raw,10,1.0,True,1.0,0.11721304099773988,8.455308832426142e+40,1.2679621459974442,10.0,,,0.11721304099773988,1.0,0.0
FLETCHER,True,NLC:SmoothNLP,NLC,SmoothNLP,cutest,1,1.0,True,8.0,0.018023751999862725,8.373554524554076e-15,,,,,0.018023751999862725,8.0,0.0
FLETCHER,True,NLC:SmoothNLP,NLC,SmoothNLP,llm_post,5,0.0,False,,,,,,0.985047982994729,0.0,60.0,1000000.0,0.0
FLETCHER,True,NLC:SmoothNLP,NLC,SmoothNLP,llm_raw,5,0.6,True,6.0,0.011317049000354018,8.373554524554076e-15,,,0.3523625630004972,22.0,0.011317049000354018,6.0,0.0
FLETCHER,True,NLC:SmoothNLP,NLC,SmoothNLP,random_post,10,1.0,True,1.0,0.10842129599768668,-9.999999997708347e+39,1.201545812004042,34.0,,,0.10842129599768668,1.0,0.0
FLETCHER,True,NLC:SmoothNLP,NLC,SmoothNLP,random_raw,10,1.0,True,1.0,0.10633463300109725,-7.195222644587498e+39,1.086991352000041,10.0,,,0.10633463300109725,1.0,0.0
GENHS28,False,LEBSmoothNLP,LEB,SmoothNLP,cutest,1,1.0,True,22.0,0.0026055380003526807,2.210161020049217e-18,,,,,0.0026055380003526807,22.0,0.0
GENHS28,False,LEBSmoothNLP,LEB,SmoothNLP,llm_post,5,1.0,True,19.0,0.00036651999835157767,0.0,,,0.0019874029931088444,99.0,0.00036651999835157767,19.0,0.0
GENHS28,False,LEBSmoothNLP,LEB,SmoothNLP,llm_raw,5,1.0,True,19.0,0.00030179899840732105,3.0814879110195774e-33,,,0.0016765549989941064,101.0,0.00030179899840732105,19.0,0.0
GENHS28,False,LEBSmoothNLP,LEB,SmoothNLP,random_post,10,1.0,True,1.0,0.00033228599932044744,0.0,0.35676162699746783,150.0,,,0.00033228599932044744,1.0,0.0
GENHS28,False,LEBSmoothNLP,LEB,SmoothNLP,random_raw,10,1.0,True,1.0,0.10944304000076954,1.6043348459475695e+40,1.1940581800045038,10.0,,,0.10944304000076954,1.0,0.0
GIGOMEZ2,False,NLC:SmoothNLP,NLC,SmoothNLP,cutest,1,0.0,False,,,,,,,,60.0,1000000.0,0.0
GIGOMEZ2,False,NLC:SmoothNLP,NLC,SmoothNLP,llm_post,5,0.0,False,,,,,,2.3712230249948334,0.0,60.0,1000000.0,0.0
GIGOMEZ2,False,NLC:SmoothNLP,NLC,SmoothNLP,llm_raw,5,0.0,False,,,,,,2.386682585001836,0.0,60.0,1000000.0,0.0
GIGOMEZ2,False,NLC:SmoothNLP,NLC,SmoothNLP,random_post,10,1.0,True,1.0,0.0847046910021163,-9.002970758536035e+19,0.8771559160049947,10.0,,,0.0847046910021163,1.0,0.0
GIGOMEZ2,False,NLC:SmoothNLP,NLC,SmoothNLP,random_raw,10,1.0,True,1.0,0.08770860900040134,-9.002970758536035e+19,0.946306754998659,10.0,,,0.08770860900040134,1.0,0.0
GOTTFR,False,NLC:SmoothNLP,NLC,SmoothNLP,cutest,1,1.0,True,1.0,0.004535899999609683,0.0,,,,,0.004535899999609683,1.0,0.0
GOTTFR,False,NLC:SmoothNLP,NLC,SmoothNLP,llm_post,5,1.0,True,1.0,0.001244137001776835,0.0,,,0.007007154003076721,5.0,0.001244137001776835,1.0,0.0
GOTTFR,False,NLC:SmoothNLP,NLC,SmoothNLP,llm_raw,5,1.0,True,1.0,0.0021735459995397832,0.0,,,0.011082119002821855,5.0,0.0021735459995397832,1.0,0.0
GOTTFR,False,NLC:SmoothNLP,NLC,SmoothNLP,random_post,10,1.0,True,1.0,0.0022106260003056377,0.0,0.023048888997436734,10.0,,,0.0022106260003056377,1.0,0.0
GOTTFR,False,NLC:SmoothNLP,NLC,SmoothNLP,random_raw,10,1.0,True,1.0,0.0011313670001982246,0.0,0.013007186997128883,10.0,,,0.0011313670001982246,1.0,0.0
GROUPING,True,NLC:LS,NLC,LS,cutest,1,1.0,True,71.0,0.2602256979989761,2.8943796411047766e-11,,,,,0.2602256979989761,71.0,0.0
GROUPING,True,NLC:LS,NLC,LS,llm_post,5,1.0,True,56.0,0.11739027399744373,3.981047804046497e-11,,,0.6428664529958041,286.0,0.11739027399744373,56.0,0.0
GROUPING,True,NLC:LS,NLC,LS,llm_raw,5,1.0,True,47.0,0.09554462600135594,1.1484638731194958e-11,,,0.48569834400041145,247.0,0.09554462600135594,47.0,0.0
GROUPING,True,NLC:LS,NLC,LS,random_post,10,1.0,True,63.0,0.1443259269981354,1.87275555975045e-11,1.6203032289922703,706.0,,,0.1443259269981354,63.0,0.0
GROUPING,True,NLC:LS,NLC,LS,random_raw,10,1.0,True,36.0,0.0700331810003263,1.43749848224736e-12,0.8365207820024807,427.0,,,0.0700331810003263,36.0,0.0
HAIFAM,False,NLC:SmoothNLP,NLC,SmoothNLP,cutest,1,0.0,False,,,,,,,,60.0,1000000.0,0.0
HAIFAM,False,NLC:SmoothNLP,NLC,SmoothNLP,llm_post,5,0.0,False,,,,,,3.4846632629996748,0.0,60.0,1000000.0,0.0
HAIFAM,False,NLC:SmoothNLP,NLC,SmoothNLP,llm_raw,5,0.0,False,,,,,,3.606665117000375,0.0,60.0,1000000.0,0.0
HAIFAM,False,NLC:SmoothNLP,NLC,SmoothNLP,random_post,10,1.0,True,1.0,0.15719203900152934,-9.9823909451857e+21,1.6418256659926556,10.0,,,0.15719203900152934,1.0,0.0
HAIFAM,False,NLC:SmoothNLP,NLC,SmoothNLP,random_raw,10,1.0,True,1.0,0.15684191000036662,-9.9823909451857e+21,1.653865816002508,10.0,,,0.15684191000036662,1.0,0.0
HAIFAS,False,NLC:SmoothNLP,NLC,SmoothNLP,cutest,1,0.0,False,,,,,,,,60.0,1000000.0,0.0
HAIFAS,False,NLC:SmoothNLP,NLC,SmoothNLP,llm_post,5,0.0,False,,,,,,2.5058496150049905,0.0,60.0,1000000.0,0.0
HAIFAS,False,NLC:SmoothNLP,NLC,SmoothNLP,llm_raw,5,0.0,False,,,,,,2.4720418929973675,0.0,60.0,1000000.0,0.0
HAIFAS,False,NLC:SmoothNLP,NLC,SmoothNLP,random_post,10,1.0,True,1.0,0.09185789500043029,-9.9823909451857e+19,0.9907406359925517,10.0,,,0.09185789500043029,1.0,0.0
HAIFAS,False,NLC:SmoothNLP,NLC,SmoothNLP,random_raw,10,1.0,True,1.0,0.09289681999871391,-9.9823909451857e+19,1.0596378080008435,10.0,,,0.09289681999871391,1.0,0.0
HALDMADS,False,NLC:SmoothNLP,NLC,SmoothNLP,cutest,1,0.0,False,,,,,,,,60.0,1000000.0,0.0
HALDMADS,False,NLC:SmoothNLP,NLC,SmoothNLP,llm_post,5,0.0,False,,,,,,2.4280242680033552,0.0,60.0,1000000.0,0.0
HALDMADS,False,NLC:SmoothNLP,NLC,SmoothNLP,llm_raw,5,0.0,False,,,,,,2.3830302199967264,0.0,60.0,1000000.0,0.0
HALDMADS,False,NLC:SmoothNLP,NLC,SmoothNLP,random_post,10,1.0,True,1.0,0.08745157999874209,1.09789059059248e+19,0.8897919379924133,10.0,,,0.08745157999874209,1.0,0.0
HALDMADS,False,NLC:SmoothNLP,NLC,SmoothNLP,random_raw,10,1.0,True,1.0,0.08680583900058991,-6.179274398384225e+19,0.9669175400013046,10.0,,,0.08680583900058991,1.0,0.0
HART6,True,BSmoothNLP,B,SmoothNLP,cutest,1,1.0,True,17.0,0.09343902299951878,-3.322886891589267,,,,,0.09343902299951878,17.0,0.0
HART6,True,BSmoothNLP,B,SmoothNLP,llm_post,5,1.0,True,15.0,0.00029988599999342114,-3.3228868915893153,,,0.001768960999470437,85.0,0.00029988599999342114,15.0,0.0
HART6,True,BSmoothNLP,B,SmoothNLP,llm_raw,5,1.0,True,15.0,0.0002948709989141207,-3.3228868915893153,,,0.0017863120010588318,85.0,0.0002948709989141207,15.0,0.0
HART6,True,BSmoothNLP,B,SmoothNLP,random_post,10,1.0,True,14.0,0.00031914099963614717,-3.322886891589304,0.007712610993621638,289.0,,,0.00031914099963614717,14.0,0.0
HART6,True,BSmoothNLP,B,SmoothNLP,random_raw,10,1.0,True,14.0,0.00036561399974743836,-3.322886891589304,0.036664148999989266,289.0,,,0.00036561399974743836,14.0,0.0
HATFLDD,False,U:LS,U,LS,cutest,1,1.0,True,27.0,0.06011183399823494,2.546948337008648e-07,,,,,0.06011183399823494,27.0,0.0
HATFLDD,False,U:LS,U,LS,llm_post,5,1.0,True,27.0,0.0006330739997792989,2.5469481847683314e-07,,,0.0035945210001955274,140.0,0.0006330739997792989,27.0,0.0
HATFLDD,False,U:LS,U,LS,llm_raw,5,1.0,True,27.0,0.0006720149976899847,2.5469481847683314e-07,,,0.003753246990527259,140.0,0.0006720149976899847,27.0,0.0
HATFLDD,False,U:LS,U,LS,random_post,10,1.0,True,1.0,0.00012150000111432746,14.044040859999999,0.0014789259985263925,10.0,,,0.00012150000111432746,1.0,0.0
HATFLDD,False,U:LS,U,LS,random_raw,10,1.0,True,1.0,0.00013022699931752868,14.044040859999999,0.0020150349992036354,10.0,,,0.00013022699931752868,1.0,0.0
HATFLDF,False,NLC:SmoothNLP,NLC,SmoothNLP,cutest,1,1.0,True,1.0,0.004133464997721603,0.0,,,,,0.004133464997721603,1.0,0.0
HATFLDF,False,NLC:SmoothNLP,NLC,SmoothNLP,llm_post,5,1.0,True,1.0,0.0021684169987565838,0.0,,,0.011705828994308831,5.0,0.0021684169987565838,1.0,0.0
HATFLDF,False,NLC:SmoothNLP,NLC,SmoothNLP,llm_raw,5,1.0,True,1.0,0.0015749220001453068,0.0,,,0.00817503300277167,5.0,0.0015749220001453068,1.0,0.0
HATFLDF,False,NLC:SmoothNLP,NLC,SmoothNLP,random_post,10,1.0,True,1.0,0.0019486900018819142,0.0,0.023714029000984738,10.0,,,0.0019486900018819142,1.0,0.0
HATFLDF,False,NLC:SmoothNLP,NLC,SmoothNLP,random_raw,10,1.0,True,1.0,0.0010897469983319752,0.0,0.013280808998388238,10.0,,,0.0010897469983319752,1.0,0.0
HATFLDFL,False,USmoothNLP,U,SmoothNLP,cutest,1,1.0,True,10.0,0.03182774499873631,6.657469848867237e-05,,,,,0.03182774499873631,10.0,0.0
HATFLDFL,False,USmoothNLP,U,SmoothNLP,llm_post,5,1.0,True,10.0,0.00044546600111061707,6.657469848867237e-05,,,0.006203689001267776,280.0,0.00044546600111061707,10.0,0.0
HATFLDFL,False,USmoothNLP,U,SmoothNLP,llm_raw,5,1.0,True,10.0,0.0004984259976481553,6.657469848867237e-05,,,0.009578018998581683,280.0,0.0004984259976481553,10.0,0.0
HATFLDFL,False,USmoothNLP,U,SmoothNLP,random_post,10,1.0,True,37.0,0.0004991009991499595,1.4875953114538087e+37,0.03935079999428126,1730.0,,,0.0004991009991499595,37.0,0.0
HATFLDFL,False,USmoothNLP,U,SmoothNLP,random_raw,10,1.0,True,37.0,0.0013681790005648509,1.4875953114538087e+37,0.059208302991464734,1730.0,,,0.0013681790005648509,37.0,0.0
HATFLDG,False,NLC:SmoothNLP,NLC,SmoothNLP,cutest,1,1.0,True,1.0,0.004495802997553255,0.0,,,,,0.004495802997553255,1.0,0.0
HATFLDG,False,NLC:SmoothNLP,NLC,SmoothNLP,llm_post,5,1.0,True,1.0,0.0017003859975375235,0.0,,,0.00900301000001491,5.0,0.0017003859975375235,1.0,0.0
HATFLDG,False,NLC:SmoothNLP,NLC,SmoothNLP,llm_raw,5,1.0,True,1.0,0.00161441100135562,0.0,,,0.00848714700259734,5.0,0.00161441100135562,1.0,0.0
HATFLDG,False,NLC:SmoothNLP,NLC,SmoothNLP,random_post,10,1.0,True,1.0,0.0016986610025924165,0.0,0.019719971001904923,10.0,,,0.0016986610025924165,1.0,0.0
HATFLDG,False,NLC:SmoothNLP,NLC,SmoothNLP,random_raw,10,1.0,True,1.0,0.0012112530021113344,0.0,0.014572104009857867,10.0,,,0.0012112530021113344,1.0,0.0
HATFLDH,True,LCBSmoothNLP,LCB,SmoothNLP,cutest,1,1.0,True,7.0,0.012360369000816718,-49.98400067593995,,,,,0.012360369000816718,7.0,0.0
HATFLDH,True,LCBSmoothNLP,LCB,SmoothNLP,llm_post,5,1.0,True,7.0,0.00789946599979885,-49.99485136547072,,,0.04351649299860583,36.0,0.00789946599979885,7.0,0.0
HATFLDH,True,LCBSmoothNLP,LCB,SmoothNLP,llm_raw,5,1.0,True,7.0,0.00817973700031871,-49.99506068830314,,,0.04782907500339206,41.0,0.00817973700031871,7.0,0.0
HATFLDH,True,LCBSmoothNLP,LCB,SmoothNLP,random_post,10,1.0,True,7.0,0.008051175998843974,-49.997530816000676,0.09745591499449802,80.0,,,0.008051175998843974,7.0,0.0
HATFLDH,True,LCBSmoothNLP,LCB,SmoothNLP,random_raw,10,1.0,True,8.0,0.009755648003192618,-49.997530816000676,0.14885383400542196,130.0,,,0.009755648003192618,8.0,0.0
HEART6LS,False,U:LS,U,LS,cutest,1,1.0,True,510.0,0.12267448400234571,0.03528353133337092,,,,,0.12267448400234571,510.0,0.0
HEART6LS,False,U:LS,U,LS,llm_post,5,0.8,True,369.0,0.00540008999814745,0.03528353133337092,,,0.06833058499978506,1776.0,0.00540008999814745,369.0,0.0
HEART6LS,False,U:LS,U,LS,llm_raw,5,0.8,True,369.0,0.012899031000415562,0.03528353133337092,,,0.07856640100726509,1776.0,0.012899031000415562,369.0,0.0
HEART6LS,False,U:LS,U,LS,random_post,10,1.0,True,2.0,0.00011772899961215444,0.0,0.0021368279958551284,96.0,,,0.00011772899961215444,2.0,0.0
HEART6LS,False,U:LS,U,LS,random_raw,10,1.0,True,2.0,0.00012939299995196052,0.0,0.004165262998867547,96.0,,,0.00012939299995196052,2.0,0.0
HEART8,False,NLC:SmoothNLP,NLC,SmoothNLP,cutest,1,1.0,True,1.0,0.005185932001040783,0.0,,,,,0.005185932001040783,1.0,0.0
HEART8,False,NLC:SmoothNLP,NLC,SmoothNLP,llm_post,5,1.0,True,1.0,0.0021847169991815463,0.0,,,0.011677731999952812,5.0,0.0021847169991815463,1.0,0.0
HEART8,False,NLC:SmoothNLP,NLC,SmoothNLP,llm_raw,5,1.0,True,1.0,0.001081859998521395,0.0,,,0.005745597998611629,5.0,0.001081859998521395,1.0,0.0
HEART8,False,NLC:SmoothNLP,NLC,SmoothNLP,random_post,10,1.0,True,1.0,0.001063295996573288,0.0,0.042113176994462265,10.0,,,0.001063295996573288,1.0,0.0
HEART8,False,NLC:SmoothNLP,NLC,SmoothNLP,random_raw,10,1.0,True,1.0,0.0011076350019720849,0.0,0.012570750001032138,10.0,,,0.0011076350019720849,1.0,0.0
HEART8LS,False,U:LS,U,LS,cutest,1,1.0,True,423.0,0.12929497100049048,5.60690305718049e-13,,,,,0.12929497100049048,423.0,0.0
HEART8LS,False,U:LS,U,LS,llm_post,5,0.4,True,423.0,0.010677202000806574,4.2972477977375023e-13,,,0.06294254700333113,891.0,0.010677202000806574,423.0,0.0
HEART8LS,False,U:LS,U,LS,llm_raw,5,0.4,True,423.0,0.013074721999146277,4.2972477977375023e-13,,,0.08742261000588769,891.0,0.013074721999146277,423.0,0.0
HEART8LS,False,U:LS,U,LS,random_post,10,0.9,True,2.0,0.00015048400018713437,0.0,0.02376830399953178,830.0,,,0.00015048400018713437,2.0,0.0
HEART8LS,False,U:LS,U,LS,random_raw,10,0.9,True,2.0,0.0002753039989329409,0.0,0.029250350995425833,830.0,,,0.0002753039989329409,2.0,0.0
HELIX,False,U:LS,U,LS,cutest,1,1.0,True,34.0,0.03898788700098521,5.342033740546531e-17,,,,,0.03898788700098521,34.0,0.0
HELIX,False,U:LS,U,LS,llm_post,5,1.0,True,29.0,0.0006903790017531719,5.342033740546531e-17,,,0.004089908998139435,165.0,0.0006903790017531719,29.0,0.0
HELIX,False,U:LS,U,LS,llm_raw,5,1.0,True,29.0,0.0006419460005417932,5.342033740546531e-17,,,0.003748739000002388,165.0,0.0006419460005417932,29.0,0.0
HELIX,False,U:LS,U,LS,random_post,10,1.0,True,26.0,0.0006107409972173627,2.4935889841935705e-18,0.012047593991155736,331.0,,,0.0006107409972173627,26.0,0.0
HELIX,False,U:LS,U,LS,random_raw,10,1.0,True,26.0,0.0007999159970495384,2.4935889841935705e-18,0.0302219079931092,331.0,,,0.0007999159970495384,26.0,0.0
HIMMELBA,False,LEBSmoothNLP,LEB,SmoothNLP,cutest,1,1.0,True,1.0,0.0013865789987903554,0.0,,,,,0.0013865789987903554,1.0,0.0
HIMMELBA,False,LEBSmoothNLP,LEB,SmoothNLP,llm_post,5,1.0,True,1.0,0.00021274000027915463,0.0,,,0.0013056080024398398,5.0,0.00021274000027915463,1.0,0.0
HIMMELBA,False,LEBSmoothNLP,LEB,SmoothNLP,llm_raw,5,1.0,True,1.0,9.286999920732342e-05,0.0,,,0.0005168069947103504,5.0,9.286999920732342e-05,1.0,0.0
HIMMELBA,False,LEBSmoothNLP,LEB,SmoothNLP,random_post,10,1.0,True,1.0,0.00012485099796322174,0.0,0.0015244469868775923,10.0,,,0.00012485099796322174,1.0,0.0
HIMMELBA,False,LEBSmoothNLP,LEB,SmoothNLP,random_raw,10,1.0,True,1.0,8.876699939719401e-05,0.0,0.0011985370038019028,10.0,,,8.876699939719401e-05,1.0,0.0
HIMMELBD,False,NLC:SmoothNLP,NLC,SmoothNLP,cutest,1,1.0,True,1.0,0.004251549999025883,0.0,,,,,0.004251549999025883,1.0,0.0
HIMMELBD,False,NLC:SmoothNLP,NLC,SmoothNLP,llm_post,5,1.0,True,1.0,0.0017969729997275863,0.0,,,0.01146615800098516,5.0,0.0017969729997275863,1.0,0.0
HIMMELBD,False,NLC:SmoothNLP,NLC,SmoothNLP,llm_raw,5,1.0,True,1.0,0.001257941999938339,0.0,,,0.00997839099727571,5.0,0.001257941999938339,1.0,0.0
HIMMELBD,False,NLC:SmoothNLP,NLC,SmoothNLP,random_post,10,1.0,True,1.0,0.0012242119992151856,0.0,0.014875782999297371,10.0,,,0.0012242119992151856,1.0,0.0
HIMMELBD,False,NLC:SmoothNLP,NLC,SmoothNLP,random_raw,10,1.0,True,1.0,0.001068968998879427,0.0,0.01185763800458517,10.0,,,0.001068968998879427,1.0,0.0
HIMMELBE,False,NLC:SmoothNLP,NLC,SmoothNLP,cutest,1,1.0,True,1.0,0.004181258998869453,0.0,,,,,0.004181258998869453,1.0,0.0
HIMMELBE,False,NLC:SmoothNLP,NLC,SmoothNLP,llm_post,5,1.0,True,1.0,0.0012267719976080116,0.0,,,0.007586695999634685,5.0,0.0012267719976080116,1.0,0.0
HIMMELBE,False,NLC:SmoothNLP,NLC,SmoothNLP,llm_raw,5,1.0,True,1.0,0.002211230999819236,0.0,,,0.011521953998453682,5.0,0.002211230999819236,1.0,0.0
HIMMELBE,False,NLC:SmoothNLP,NLC,SmoothNLP,random_post,10,1.0,True,1.0,0.001612931999261491,0.0,0.01907966200087685,10.0,,,0.001612931999261491,1.0,0.0
HIMMELBE,False,NLC:SmoothNLP,NLC,SmoothNLP,random_raw,10,1.0,True,1.0,0.0011241600004723296,0.0,0.01259982199917431,10.0,,,0.0011241600004723296,1.0,0.0
HIMMELBG,False,USmoothNLP,U,SmoothNLP,cutest,1,1.0,True,10.0,0.029269236998516135,9.058849602974784e-15,,,,,0.029269236998516135,10.0,0.0
HIMMELBG,False,USmoothNLP,U,SmoothNLP,llm_post,5,1.0,True,10.0,0.0005288959982863162,9.058849602974784e-15,,,0.004175710997515125,51.0,0.0005288959982863162,10.0,0.0
HIMMELBG,False,USmoothNLP,U,SmoothNLP,llm_raw,5,1.0,True,10.0,0.0005156020015419926,9.058849602974784e-15,,,0.002977526997710811,51.0,0.0005156020015419926,10.0,0.0
HIMMELBG,False,USmoothNLP,U,SmoothNLP,random_post,10,1.0,True,1.0,0.0002202950017817784,0.0,0.0048385169939137995,82.0,,,0.0002202950017817784,1.0,0.0
HIMMELBG,False,USmoothNLP,U,SmoothNLP,random_raw,10,1.0,True,1.0,0.0002647809997142758,0.0,0.006332459997793194,82.0,,,0.0002647809997142758,1.0,0.8
HIMMELBH,False,USmoothNLP,U,SmoothNLP,cutest,1,1.0,True,9.0,0.003665267999167554,-0.9999999999999998,,,,,0.003665267999167554,9.0,0.0
HIMMELBH,False,USmoothNLP,U,SmoothNLP,llm_post,5,1.0,True,9.0,0.00033243600046262145,-0.9999999999999998,,,0.006462138997449074,48.0,0.00033243600046262145,9.0,0.0
HIMMELBH,False,USmoothNLP,U,SmoothNLP,llm_raw,5,1.0,True,9.0,0.00044952399912290275,-0.9999999999999998,,,0.00927075100116781,48.0,0.00044952399912290275,9.0,0.0
HIMMELBH,False,USmoothNLP,U,SmoothNLP,random_post,10,1.0,True,4.0,0.00013012300041737035,-1e+60,0.006717179006955121,40.0,,,0.00013012300041737035,4.0,0.0
HIMMELBH,False,USmoothNLP,U,SmoothNLP,random_raw,10,1.0,True,4.0,0.00014683600238640793,-1e+60,0.0064576510012557264,40.0,,,0.00014683600238640793,4.0,0.0
HIMMELBI,True,LCBSmoothNLP,LCB,SmoothNLP,cutest,1,1.0,True,28.0,0.17863847999979043,-1754.999990910298,,,,,0.17863847999979043,28.0,0.0
HIMMELBI,True,LCBSmoothNLP,LCB,SmoothNLP,llm_post,5,1.0,True,31.0,0.061017421998258214,-1754.9999897277803,,,0.31411623600070016,159.0,0.061017421998258214,31.0,0.0
HIMMELBI,True,LCBSmoothNLP,LCB,SmoothNLP,llm_raw,5,1.0,True,28.0,0.05364006700256141,-1754.999990910298,,,0.3034483660085243,154.0,0.05364006700256141,28.0,0.0
HIMMELBI,True,LCBSmoothNLP,LCB,SmoothNLP,random_post,10,1.0,True,29.0,0.0565557859990804,-1754.9999855012957,0.6031021759918076,303.0,,,0.0565557859990804,29.0,0.0
HIMMELBI,True,LCBSmoothNLP,LCB,SmoothNLP,random_raw,10,1.0,True,3.0,0.011077499999373686,-1755.0,0.15004652100105886,45.0,,,0.011077499999373686,3.0,0.0
HIMMELBJ,True,LEBSmoothNLP,LEB,SmoothNLP,cutest,1,0.0,False,,,,,,,,60.0,1000000.0,0.0
HIMMELBJ,True,LEBSmoothNLP,LEB,SmoothNLP,llm_post,5,0.0,False,,,,,,7.356935606996558,0.0,60.0,1000000.0,0.0
HIMMELBJ,True,LEBSmoothNLP,LEB,SmoothNLP,llm_raw,5,0.0,False,,,,,,7.078995005998877,0.0,60.0,1000000.0,0.0
HIMMELBJ,True,LEBSmoothNLP,LEB,SmoothNLP,random_post,10,0.0,False,,,,14.837009997994755,0.0,,,60.0,1000000.0,0.0
HIMMELBJ,True,LEBSmoothNLP,LEB,SmoothNLP,random_raw,10,1.0,True,1.0,0.00043324400030542165,-1.8788414929943596e+22,0.01524336299917195,10.0,,,0.00043324400030542165,1.0,0.0
HIMMELP2,True,NLC:SmoothNLP,NLC,SmoothNLP,cutest,1,1.0,True,17.0,0.025964017000660533,-62.053935062792334,,,,,0.025964017000660533,17.0,0.0
HIMMELP2,True,NLC:SmoothNLP,NLC,SmoothNLP,llm_post,5,1.0,True,15.0,0.018743199998425553,-62.05393506279586,,,0.10933491999094258,84.0,0.018743199998425553,15.0,0.0
HIMMELP2,True,NLC:SmoothNLP,NLC,SmoothNLP,llm_raw,5,1.0,True,15.0,0.01959592500134022,-62.05393506279586,,,0.10763202900488977,84.0,0.01959592500134022,15.0,0.0
HIMMELP2,True,NLC:SmoothNLP,NLC,SmoothNLP,random_post,10,1.0,True,14.0,0.01693161400180543,-62.053935062796086,0.20044386900190148,144.0,,,0.01693161400180543,14.0,0.0
HIMMELP2,True,NLC:SmoothNLP,NLC,SmoothNLP,random_raw,10,1.0,True,11.0,0.015574506000120891,-62.05393506279506,0.19682839999950374,156.0,,,0.015574506000120891,11.0,0.0
HIMMELP3,True,NLC:SmoothNLP,NLC,SmoothNLP,cutest,1,1.0,True,10.0,0.016500100999110145,-59.01144891335298,,,,,0.016500100999110145,10.0,0.0
HIMMELP3,True,NLC:SmoothNLP,NLC,SmoothNLP,llm_post,5,1.0,True,10.0,0.011563751999347005,-59.01191861717314,,,0.0664882730015961,56.0,0.011563751999347005,10.0,0.0
HIMMELP3,True,NLC:SmoothNLP,NLC,SmoothNLP,llm_raw,5,1.0,True,10.0,0.011873765997734154,-59.01191861717314,,,0.06779438500234392,56.0,0.011873765997734154,10.0,0.0
HIMMELP3,True,NLC:SmoothNLP,NLC,SmoothNLP,random_post,10,1.0,True,6.0,0.007117252000170993,-59.01145661281339,0.08528217700586538,67.0,,,0.007117252000170993,6.0,0.0
HIMMELP3,True,NLC:SmoothNLP,NLC,SmoothNLP,random_raw,10,1.0,True,9.0,0.011417244997574016,-59.01151772526282,0.16985567799201817,138.0,,,0.011417244997574016,9.0,0.0
HIMMELP4,True,NLC:SmoothNLP,NLC,SmoothNLP,cutest,1,1.0,True,10.0,0.016894685999432113,-59.01144891335298,,,,,0.016894685999432113,10.0,0.0
HIMMELP4,True,NLC:SmoothNLP,NLC,SmoothNLP,llm_post,5,1.0,True,10.0,0.01136702900112141,-59.01169571879291,,,0.0584088059986243,51.0,0.01136702900112141,10.0,0.0
HIMMELP4,True,NLC:SmoothNLP,NLC,SmoothNLP,llm_raw,5,1.0,True,10.0,0.0115714499988826,-59.01169571879291,,,0.05901113799336599,51.0,0.0115714499988826,10.0,0.0
HIMMELP4,True,NLC:SmoothNLP,NLC,SmoothNLP,random_post,10,1.0,True,6.0,0.0070685319988115225,-59.01145661281339,0.08114911499797017,67.0,,,0.0070685319988115225,6.0,0.0
HIMMELP4,True,NLC:SmoothNLP,NLC,SmoothNLP,random_raw,10,1.0,True,9.0,0.010974486001941841,-59.01151772526282,0.1627923810046923,138.0,,,0.010974486001941841,9.0,0.0
HIMMELP6,True,NLC:SmoothNLP,NLC,SmoothNLP,cutest,1,1.0,True,9.0,0.014804616999754217,-59.011697403380026,,,,,0.014804616999754217,9.0,0.0
HIMMELP6,True,NLC:SmoothNLP,NLC,SmoothNLP,llm_post,5,1.0,True,7.0,0.008646676000353182,-59.011832289606104,,,0.05379746799735585,49.0,0.008646676000353182,7.0,0.0
HIMMELP6,True,NLC:SmoothNLP,NLC,SmoothNLP,llm_raw,5,1.0,True,9.0,0.011010212001565378,-59.012711991340666,,,0.06417995799711207,51.0,0.011010212001565378,9.0,0.0
HIMMELP6,True,NLC:SmoothNLP,NLC,SmoothNLP,random_post,10,1.0,True,6.0,0.007022867001069244,-59.01145661281339,0.08265729300183011,67.0,,,0.007022867001069244,6.0,0.0
HIMMELP6,True,NLC:SmoothNLP,NLC,SmoothNLP,random_raw,10,1.0,True,9.0,0.011472755002614576,-59.01151772526282,0.16875302500920952,138.0,,,0.011472755002614576,9.0,0.0
HONG,True,LEBSmoothNLP,LEB,SmoothNLP,cutest,1,1.0,True,2.0,0.0021534050029003993,4.061062663274334,,,,,0.0021534050029003993,2.0,0.0
HONG,True,LEBSmoothNLP,LEB,SmoothNLP,llm_post,5,1.0,True,2.0,0.00027041599969379604,4.061062663274334,,,0.0015264009998645633,12.0,0.00027041599969379604,2.0,0.0
HONG,True,LEBSmoothNLP,LEB,SmoothNLP,llm_raw,5,1.0,True,1.0,0.00025088199981837533,4.061062663274334,,,0.0014225240011001006,10.0,0.00025088199981837533,1.0,0.0
HONG,True,LEBSmoothNLP,LEB,SmoothNLP,random_post,10,1.0,True,2.0,0.0003055689994653221,4.061062663274334,0.007434958002704661,31.0,,,0.0003055689994653221,2.0,0.0
HONG,True,LEBSmoothNLP,LEB,SmoothNLP,random_raw,10,1.0,True,2.0,0.0001871109998319298,4.061062663274334,0.025557489003404044,27.0,,,0.0001871109998319298,2.0,0.0
HS1,True,B:LS,B,LS,cutest,1,1.0,True,30.0,0.06517294100194704,2.369120530377293e-16,,,,,0.06517294100194704,30.0,0.0
HS1,True,B:LS,B,LS,llm_post,5,1.0,True,24.0,0.0009747170006448869,2.369120530377293e-16,,,0.005959812999208225,150.0,0.0009747170006448869,24.0,0.0
HS1,True,B:LS,B,LS,llm_raw,5,1.0,True,24.0,0.0009153210012300406,2.369120530377293e-16,,,0.005371947001549415,150.0,0.0009153210012300406,24.0,0.0
HS1,True,B:LS,B,LS,random_post,10,0.4,True,80.0,0.0016276540009130258,1.5722985843613422e+18,0.030688238999573514,358.0,,,0.0016276540009130258,80.0,0.0
HS1,True,B:LS,B,LS,random_raw,10,0.4,True,80.0,0.0033636890002526343,1.5722985843613422e+18,0.04723724899668014,358.0,,,0.0033636890002526343,80.0,0.0
HS10,False,NLC:SmoothNLP,NLC,SmoothNLP,cutest,1,0.0,False,,,,,,,,60.0,1000000.0,0.0
HS10,False,NLC:SmoothNLP,NLC,SmoothNLP,llm_post,5,0.0,False,,,,,,2.4027116099969135,0.0,60.0,1000000.0,0.0
HS10,False,NLC:SmoothNLP,NLC,SmoothNLP,llm_raw,5,0.0,False,,,,,,2.3234671510035696,0.0,60.0,1000000.0,0.0
HS10,False,NLC:SmoothNLP,NLC,SmoothNLP,random_post,10,0.1,True,1.0,0.4933565460014506,-3631047542869268.0,4.8159578860067995,1.0,,,0.4933565460014506,1.0,0.0
HS10,False,NLC:SmoothNLP,NLC,SmoothNLP,random_raw,10,1.0,True,1.0,0.08391352499893401,-1.6966857386414198e+20,0.9018763050007692,10.0,,,0.08391352499893401,1.0,0.0
HS100,False,NLC:SmoothNLP,NLC,SmoothNLP,cutest,1,1.0,True,17.0,0.02782233000107226,-16.09731739468514,,,,,0.02782233000107226,17.0,0.0
HS100,False,NLC:SmoothNLP,NLC,SmoothNLP,llm_post,5,1.0,True,17.0,0.021886344999074936,-16.09731739468514,,,0.1145271670029615,85.0,0.021886344999074936,17.0,0.0
HS100,False,NLC:SmoothNLP,NLC,SmoothNLP,llm_raw,5,1.0,True,17.0,0.02154240299933008,-16.09731739468514,,,0.11541434899845626,85.0,0.02154240299933008,17.0,0.0
HS100,False,NLC:SmoothNLP,NLC,SmoothNLP,random_post,10,1.0,True,1.0,0.10573475999990478,5.070047611068086e+110,1.1581984629992803,10.0,,,0.10573475999990478,1.0,0.0
HS100,False,NLC:SmoothNLP,NLC,SmoothNLP,random_raw,10,1.0,True,1.0,0.10570752199782874,3.6209704460837366e+113,1.0899223220076237,10.0,,,0.10570752199782874,1.0,0.0
HS100LNP,False,NLC:SmoothNLP,NLC,SmoothNLP,cutest,1,1.0,True,17.0,0.031167619999905583,-16.09731739468514,,,,,0.031167619999905583,17.0,0.0
HS100LNP,False,NLC:SmoothNLP,NLC,SmoothNLP,llm_post,5,1.0,True,17.0,0.023021850000077393,-16.09731739468366,,,0.16535856700284057,105.0,0.023021850000077393,17.0,0.0
HS100LNP,False,NLC:SmoothNLP,NLC,SmoothNLP,llm_raw,5,1.0,True,14.0,0.018445256999257253,-16.09731739468519,,,0.10696600099618081,81.0,0.018445256999257253,14.0,0.0
HS100LNP,False,NLC:SmoothNLP,NLC,SmoothNLP,random_post,10,1.0,True,1.0,0.10574391099726199,5.070047611068086e+110,1.2009041210003488,10.0,,,0.10574391099726199,1.0,0.0
HS100LNP,False,NLC:SmoothNLP,NLC,SmoothNLP,random_raw,10,1.0,True,1.0,0.10826711400295608,3.6209704460837366e+113,1.2104262730026676,10.0,,,0.10826711400295608,1.0,0.0
HS101,True,NLC:SmoothNLP,NLC,SmoothNLP,cutest,1,1.0,True,176.0,0.5056103159986378,0.6934017516230291,,,,,0.5056103159986378,176.0,0.0
HS101,True,NLC:SmoothNLP,NLC,SmoothNLP,llm_post,5,1.0,True,88.0,0.10540910300187534,0.6934017516234832,,,0.9626356000007945,499.0,0.10540910300187534,88.0,0.0
HS101,True,NLC:SmoothNLP,NLC,SmoothNLP,llm_raw,5,1.0,True,102.0,0.2511063040001318,0.693401751622997,,,1.7486611050007923,1094.0,0.2511063040001318,102.0,0.0
HS101,True,NLC:SmoothNLP,NLC,SmoothNLP,random_post,10,1.0,True,72.0,0.09452518199759652,0.6934017516229252,1.9444803779952053,1044.0,,,0.09452518199759652,72.0,0.0
HS101,True,NLC:SmoothNLP,NLC,SmoothNLP,random_raw,10,1.0,True,86.0,0.10161950700057787,0.6934017516229254,2.2036497079971014,1219.0,,,0.10161950700057787,86.0,0.0
HS103,True,NLC:SmoothNLP,NLC,SmoothNLP,cutest,1,1.0,True,120.0,0.1283435549994465,0.685248950425928,,,,,0.1283435549994465,120.0,0.0
HS103,True,NLC:SmoothNLP,NLC,SmoothNLP,llm_post,5,1.0,True,80.0,0.08478940799977863,0.6852429510584948,,,0.7357576270005666,507.0,0.08478940799977863,80.0,0.0
HS103,True,NLC:SmoothNLP,NLC,SmoothNLP,llm_raw,5,1.0,True,100.0,0.11102428300000611,0.6852488900020826,,,0.6471107529978326,586.0,0.11102428300000611,100.0,0.0
HS103,True,NLC:SmoothNLP,NLC,SmoothNLP,random_post,10,1.0,True,70.0,0.07988835200012545,0.6852429510594279,1.4273437609954271,917.0,,,0.07988835200012545,70.0,0.0
HS103,True,NLC:SmoothNLP,NLC,SmoothNLP,random_raw,10,1.0,True,59.0,0.08575043299788376,0.6852429510584908,1.6184909469920967,940.0,,,0.08575043299788376,59.0,0.0
HS105,True,LCBSmoothNLP,LCB,SmoothNLP,cutest,1,1.0,True,51.0,0.18532681799842976,1044.7251296809902,,,,,0.18532681799842976,51.0,0.0
HS105,True,LCBSmoothNLP,LCB,SmoothNLP,llm_post,5,1.0,True,70.0,0.07250120700336993,1044.6116963385307,,,0.37298715700308094,350.0,0.07250120700336993,70.0,0.0
HS105,True,LCBSmoothNLP,LCB,SmoothNLP,llm_raw,5,1.0,True,70.0,0.07379366099848994,1044.6116963385307,,,0.3720388829970034,350.0,0.07379366099848994,70.0,0.0
HS105,True,LCBSmoothNLP,LCB,SmoothNLP,random_post,10,1.0,True,40.0,0.047516752001683926,1044.6116958911077,0.647505816006742,573.0,,,0.047516752001683926,40.0,0.0
HS105,True,LCBSmoothNLP,LCB,SmoothNLP,random_raw,10,1.0,True,40.0,0.045781706998241134,1044.6116958911077,0.6894344100001035,573.0,,,0.045781706998241134,40.0,0.0
HS107,True,NLC:SmoothNLP,NLC,SmoothNLP,cutest,1,1.0,True,10.0,0.02107685399823822,0.001518128341629263,,,,,0.02107685399823822,10.0,0.0
HS107,True,NLC:SmoothNLP,NLC,SmoothNLP,llm_post,5,1.0,True,11.0,0.017152729000372346,0.000424079056910068,,,0.11515901500024484,55.0,0.017152729000372346,11.0,0.0
HS107,True,NLC:SmoothNLP,NLC,SmoothNLP,llm_raw,5,1.0,True,10.0,0.01299377400209778,0.001518128341629263,,,0.06905618199743913,50.0,0.01299377400209778,10.0,0.0
HS107,True,NLC:SmoothNLP,NLC,SmoothNLP,random_post,10,1.0,True,10.0,0.014793221998843364,0.00026682708985426636,0.20587673900445225,114.0,,,0.014793221998843364,10.0,0.0
HS107,True,NLC:SmoothNLP,NLC,SmoothNLP,random_raw,10,1.0,True,25.0,0.10881090700058849,1.4697883891015986e+60,1.1272376790038834,250.0,,,0.10881090700058849,25.0,0.0
HS108,True,NLC:SmoothNLP,NLC,SmoothNLP,cutest,1,0.0,False,,,,,,,,60.0,1000000.0,0.0
HS108,True,NLC:SmoothNLP,NLC,SmoothNLP,llm_post,5,0.0,False,,,,,,1.2285471120012517,0.0,60.0,1000000.0,0.0
HS108,True,NLC:SmoothNLP,NLC,SmoothNLP,llm_raw,5,0.0,False,,,,,,1.5625166129975696,0.0,60.0,1000000.0,0.0
HS108,True,NLC:SmoothNLP,NLC,SmoothNLP,random_post,10,0.0,False,,,,1.910844822992658,0.0,,,60.0,1000000.0,0.0
HS108,True,NLC:SmoothNLP,NLC,SmoothNLP,random_raw,10,1.0,True,1.0,0.10617150400139508,-6.002450823491014e+39,1.145831152000028,10.0,,,0.10617150400139508,1.0,0.0
HS109,True,NLC:SmoothNLP,NLC,SmoothNLP,cutest,1,1.0,True,17.0,0.027051328001107322,0.0016015824110851514,,,,,0.027051328001107322,17.0,0.0
HS109,True,NLC:SmoothNLP,NLC,SmoothNLP,llm_post,5,1.0,True,16.0,0.021384686999226687,6.381900137107981e-05,,,0.1526264839922078,80.0,0.021384686999226687,16.0,0.0
HS109,True,NLC:SmoothNLP,NLC,SmoothNLP,llm_raw,5,1.0,True,10.0,0.014528302999679,6.354047179166593e-05,,,0.07503811599963228,50.0,0.014528302999679,10.0,0.0
HS109,True,NLC:SmoothNLP,NLC,SmoothNLP,random_post,10,1.0,True,10.0,0.014365729999553878,1.1583606420059946e-05,0.15501836300609284,103.0,,,0.014365729999553878,10.0,0.0
HS109,True,NLC:SmoothNLP,NLC,SmoothNLP,random_raw,10,1.0,True,25.0,0.10759313599919551,1.1510070277065926e+51,1.127433169996948,262.0,,,0.10759313599919551,25.0,0.0
HS11,False,NLC:LS,NLC,LS,cutest,1,1.0,True,3.0,0.00714862200038624,-25.0,,,,,0.00714862200038624,3.0,0.0
HS11,False,NLC:LS,NLC,LS,llm_post,5,1.0,True,3.0,0.00287910500264843,-25.0,,,0.015799021002749214,15.0,0.00287910500264843,3.0,0.0
HS11,False,NLC:LS,NLC,LS,llm_raw,5,1.0,True,3.0,0.0028200269989611115,-25.0,,,0.015409463001560653,15.0,0.0028200269989611115,3.0,0.0
HS11,False,NLC:LS,NLC,LS,random_post,10,1.0,True,1.0,0.1024327919985808,4.068849255980142e+38,1.1043570509937126,10.0,,,0.1024327919985808,1.0,0.0
HS11,False,NLC:LS,NLC,LS,random_raw,10,1.0,True,1.0,0.10125900700222701,4.496191591369598e+38,1.041667857003631,10.0,,,0.10125900700222701,1.0,0.0
HS112,True,LEBSmoothNLP,LEB,SmoothNLP,cutest,1,0.0,False,,,,,,,,60.0,1000000.0,0.0
HS112,True,LEBSmoothNLP,LEB,SmoothNLP,llm_post,5,0.0,False,,,,,,2.2541239979982493,0.0,60.0,1000000.0,0.0
HS112,True,LEBSmoothNLP,LEB,SmoothNLP,llm_raw,5,0.0,False,,,,,,2.4229854570003226,0.0,60.0,1000000.0,0.0
HS112,True,LEBSmoothNLP,LEB,SmoothNLP,random_post,10,0.0,False,,,,5.134326500003226,0.0,,,60.0,1000000.0,0.0
HS112,True,LEBSmoothNLP,LEB,SmoothNLP,random_raw,10,1.0,True,1.0,0.00013053799921181053,-1.2446389683929714e+22,0.0016495260024385061,12.0,,,0.00013053799921181053,1.0,0.0
HS113,False,NLC:SmoothNLP,NLC,SmoothNLP,cutest,1,1.0,True,24.0,0.0352754810010083,-31.000000000000092,,,,,0.0352754810010083,24.0,0.0
HS113,False,NLC:SmoothNLP,NLC,SmoothNLP,llm_post,5,1.0,True,24.0,0.02828165299797547,-31.000000000000092,,,0.14702159800435766,120.0,0.02828165299797547,24.0,0.0
HS113,False,NLC:SmoothNLP,NLC,SmoothNLP,llm_raw,5,1.0,True,24.0,0.02892168399921502,-31.000000000000092,,,0.14999717499813414,120.0,0.02892168399921502,24.0,0.0
HS113,False,NLC:SmoothNLP,NLC,SmoothNLP,random_post,10,1.0,True,1.0,0.11031655699844123,1.4215867700915323e+40,1.2302011470019352,10.0,,,0.11031655699844123,1.0,0.0
HS113,False,NLC:SmoothNLP,NLC,SmoothNLP,random_raw,10,1.0,True,1.0,0.10954072900130996,2.923538567167133e+40,1.1244157280052605,10.0,,,0.10954072900130996,1.0,0.0
HS119,True,LEBSmoothNLP,LEB,SmoothNLP,cutest,1,1.0,True,3.0,0.0023425200015481096,46.00000000000003,,,,,0.0023425200015481096,3.0,0.0
HS119,True,LEBSmoothNLP,LEB,SmoothNLP,llm_post,5,1.0,True,2.0,0.0004519969988905359,46.0,,,0.0024457940089632757,10.0,0.0004519969988905359,2.0,0.0
HS119,True,LEBSmoothNLP,LEB,SmoothNLP,llm_raw,5,1.0,True,3.0,0.0002521499991416931,46.00000000000003,,,0.00141240400262177,15.0,0.0002521499991416931,3.0,0.0
HS119,True,LEBSmoothNLP,LEB,SmoothNLP,random_post,10,1.0,True,2.0,0.00038692700036335737,46.0,0.005150340999534819,26.0,,,0.00038692700036335737,2.0,0.0
HS119,True,LEBSmoothNLP,LEB,SmoothNLP,random_raw,10,1.0,True,2.0,0.000247768999543041,46.0,0.027779718995589064,27.0,,,0.000247768999543041,2.0,0.0
HS12,False,NLC:SmoothNLP,NLC,SmoothNLP,cutest,1,1.0,True,10.0,0.019102665999525925,-122.49999999999994,,,,,0.019102665999525925,10.0,0.0
HS12,False,NLC:SmoothNLP,NLC,SmoothNLP,llm_post,5,1.0,True,10.0,0.012836034002248198,-122.5,,,0.0678874530021858,50.0,0.012836034002248198,10.0,0.0
HS12,False,NLC:SmoothNLP,NLC,SmoothNLP,llm_raw,5,1.0,True,10.0,0.014342450998810818,-122.5,,,0.0805497360015579,50.0,0.014342450998810818,10.0,0.0
HS12,False,NLC:SmoothNLP,NLC,SmoothNLP,random_post,10,1.0,True,29.0,0.0288998449977953,-122.50000000000003,0.3761968349972449,316.0,,,0.0288998449977953,29.0,0.0
HS12,False,NLC:SmoothNLP,NLC,SmoothNLP,random_raw,10,1.0,True,1.0,0.10294531399995321,3.516427821252426e+38,1.055871376000141,10.0,,,0.10294531399995321,1.0,0.0
HS13,True,NLC:SmoothNLP,NLC,SmoothNLP,cutest,1,1.0,True,12.0,0.021759687002486316,3.5283766610320086e-05,,,,,0.021759687002486316,12.0,0.0
HS13,True,NLC:SmoothNLP,NLC,SmoothNLP,llm_post,5,1.0,True,10.0,0.01307334399825777,4.79962243969234e-05,,,0.06728540000040084,50.0,0.01307334399825777,10.0,0.0
HS13,True,NLC:SmoothNLP,NLC,SmoothNLP,llm_raw,5,1.0,True,10.0,0.013043202001426835,4.79962243969234e-05,,,0.06894832999751088,50.0,0.013043202001426835,10.0,0.0
HS13,True,NLC:SmoothNLP,NLC,SmoothNLP,random_post,10,1.0,True,10.0,0.013266938000015216,4.79962243969234e-05,0.13533662700501736,100.0,,,0.013266938000015216,10.0,0.0
HS13,True,NLC:SmoothNLP,NLC,SmoothNLP,random_raw,10,1.0,True,1.0,0.10114758400231949,1.694013924557277e+38,1.0307030630065128,10.0,,,0.10114758400231949,1.0,0.0
HS17,True,NLC:LS,NLC,LS,cutest,1,1.0,True,47.0,0.04947603400069056,0.250006399901675,,,,,0.04947603400069056,47.0,0.0
HS17,True,NLC:LS,NLC,LS,llm_post,5,1.0,True,28.0,0.02969187599956058,0.25000639990096285,,,0.15841292899858672,155.0,0.02969187599956058,28.0,0.0
HS17,True,NLC:LS,NLC,LS,llm_raw,5,1.0,True,29.0,0.029180352001276333,0.25000639990148393,,,0.171983050993731,188.0,0.029180352001276333,29.0,0.0
HS17,True,NLC:LS,NLC,LS,random_post,10,1.0,True,22.0,0.024688426998181967,0.25000639989639045,0.2831184679962462,268.0,,,0.024688426998181967,22.0,0.0
HS17,True,NLC:LS,NLC,LS,random_raw,10,1.0,True,420.0,0.11405035700227018,4.821629957242069e+39,1.2026825330030988,4200.0,,,0.11405035700227018,420.0,0.0
HS18,True,NLC:LS,NLC,LS,cutest,1,1.0,True,11.0,0.019047048001084477,0.041223346052865574,,,,,0.019047048001084477,11.0,0.0
HS18,True,NLC:LS,NLC,LS,llm_post,5,1.0,True,13.0,0.016335705000528833,0.04027108433222914,,,0.08539915399887832,65.0,0.016335705000528833,13.0,0.0
HS18,True,NLC:LS,NLC,LS,llm_raw,5,1.0,True,11.0,0.013657724997756304,0.040074146901740854,,,0.07527535400004126,60.0,0.013657724997756304,11.0,0.0
HS18,True,NLC:LS,NLC,LS,random_post,10,1.0,True,9.0,0.013628618999064201,0.04007350559839124,0.17349581599773956,130.0,,,0.013628618999064201,9.0,0.0
HS18,True,NLC:LS,NLC,LS,random_raw,10,1.0,True,10.0,0.013758917000814108,0.04007350559839124,0.18413927600340685,132.0,,,0.013758917000814108,10.0,0.0
HS20,True,NLC:LS,NLC,LS,cutest,1,1.0,True,37.0,0.04285677200095961,0.25082180101710266,,,,,0.04285677200095961,37.0,0.0
HS20,True,NLC:LS,NLC,LS,llm_post,5,1.0,True,27.0,0.02790226800061646,0.2500064007096574,,,0.15051666799990926,150.0,0.02790226800061646,27.0,0.0
HS20,True,NLC:LS,NLC,LS,llm_raw,5,1.0,True,27.0,0.026645394002116518,0.25000640070988667,,,0.1473657880051178,157.0,0.026645394002116518,27.0,0.0
HS20,True,NLC:LS,NLC,LS,random_post,10,0.1,True,26.0,0.053279989002476213,0.25000103913410543,4.385919199001364,26.0,,,0.053279989002476213,26.0,0.0
HS20,True,NLC:LS,NLC,LS,random_raw,10,1.0,True,420.0,0.11846705000061775,4.0688492450426913e+40,1.2736481920001097,4200.0,,,0.11846705000061775,420.0,0.0
HS21,True,LCBSmoothNLP,LCB,SmoothNLP,cutest,1,1.0,True,10.0,0.01778784199996153,-99.95983398308788,,,,,0.01778784199996153,10.0,0.0
HS21,True,LCBSmoothNLP,LCB,SmoothNLP,llm_post,5,1.0,True,5.0,0.007689034999202704,-99.95983459550442,,,0.05595792899475782,43.0,0.007689034999202704,5.0,0.0
HS21,True,LCBSmoothNLP,LCB,SmoothNLP,llm_raw,5,1.0,True,5.0,0.007806145000358811,-99.95983459550442,,,0.056708016996708466,43.0,0.007806145000358811,5.0,0.0
HS21,True,LCBSmoothNLP,LCB,SmoothNLP,random_post,10,1.0,True,9.0,0.011522728000272764,-99.95999871968255,0.137656042999879,103.0,,,0.011522728000272764,9.0,0.0
HS21,True,LCBSmoothNLP,LCB,SmoothNLP,random_raw,10,1.0,True,9.0,0.011822009000752587,-99.95999871968255,0.14285280600597616,103.0,,,0.011822009000752587,9.0,0.0
HS22,False,NLC:SmoothNLP,NLC,SmoothNLP,cutest,1,1.0,True,3.0,0.006660038001427893,0.0,,,,,0.006660038001427893,3.0,0.0
HS22,False,NLC:SmoothNLP,NLC,SmoothNLP,llm_post,5,1.0,True,3.0,0.002889219998905901,2.465190328815662e-31,,,0.014924021001206711,15.0,0.002889219998905901,3.0,0.0
HS22,False,NLC:SmoothNLP,NLC,SmoothNLP,llm_raw,5,1.0,True,3.0,0.002863508998416364,0.0,,,0.015058023996971315,15.0,0.002863508998416364,3.0,0.0
HS22,False,NLC:SmoothNLP,NLC,SmoothNLP,random_post,10,1.0,True,1.0,0.10233506000076886,4.068849255980142e+38,1.088124390997109,10.0,,,0.10233506000076886,1.0,0.0
HS22,False,NLC:SmoothNLP,NLC,SmoothNLP,random_raw,10,1.0,True,1.0,0.1012530459993286,4.496191591369598e+38,1.0473227670008782,10.0,,,0.1012530459993286,1.0,0.0
HS23,True,NLC:SmoothNLP,NLC,SmoothNLP,cutest,1,1.0,True,4.0,0.013824698999087559,9.327042578545982e-42,,,,,0.013824698999087559,4.0,0.0
HS23,True,NLC:SmoothNLP,NLC,SmoothNLP,llm_post,5,1.0,True,3.0,0.004905705001874594,2.8698592549372254e-42,,,0.06976516500071739,19.0,0.004905705001874594,3.0,0.0
HS23,True,NLC:SmoothNLP,NLC,SmoothNLP,llm_raw,5,1.0,True,4.0,0.007720063000306254,5.739718509874451e-42,,,0.04160732899981667,20.0,0.007720063000306254,4.0,0.0
HS23,True,NLC:SmoothNLP,NLC,SmoothNLP,random_post,10,1.0,True,5.0,0.005851108999195276,8.96831017167883e-43,0.08356503300456097,56.0,,,0.005851108999195276,5.0,0.0
HS23,True,NLC:SmoothNLP,NLC,SmoothNLP,random_raw,10,1.0,True,5.0,0.005162088000361109,2.2958874039497803e-41,0.07237041600092198,52.0,,,0.005162088000361109,5.0,0.0
HS24,True,LCBSmoothNLP,LCB,SmoothNLP,cutest,1,0.0,False,,,,,,,,60.0,1000000.0,0.0
HS24,True,LCBSmoothNLP,LCB,SmoothNLP,llm_post,5,0.0,False,,,,,,2.294171022997034,0.0,60.0,1000000.0,0.0
HS24,True,LCBSmoothNLP,LCB,SmoothNLP,llm_raw,5,0.0,False,,,,,,2.3214018250000663,0.0,60.0,1000000.0,0.0
HS24,True,LCBSmoothNLP,LCB,SmoothNLP,random_post,10,1.0,True,1.0,0.4598774779988162,0.0,4.673898101995292,10.0,,,0.4598774779988162,1.0,0.0
HS24,True,LCBSmoothNLP,LCB,SmoothNLP,random_raw,10,1.0,True,1.0,0.10619638299976941,3.654545702478184e+89,1.1425849160041253,10.0,,,0.10619638299976941,1.0,0.0
HS25,True,B:LS,B,LS,cutest,1,1.0,True,1.0,0.001395860999764409,32.834999999663594,,,,,0.001395860999764409,1.0,0.0
HS25,True,B:LS,B,LS,llm_post,5,1.0,True,1.0,0.0001658449982642196,32.834999999663594,,,0.001017687998682959,5.0,0.0001658449982642196,1.0,0.0
HS25,True,B:LS,B,LS,llm_raw,5,1.0,True,1.0,0.0001409860014973674,32.834999999663594,,,0.0007953560016176198,5.0,0.0001409860014973674,1.0,0.0
HS25,True,B:LS,B,LS,random_post,10,1.0,True,1.0,0.0001485539978602901,1.4176043574615906e-15,0.02352564799366519,274.0,,,0.0001485539978602901,1.0,0.0
HS25,True,B:LS,B,LS,random_raw,10,1.0,True,1.0,0.000176425000972813,1.4176043574615906e-15,0.058651297993492335,274.0,,,0.000176425000972813,1.0,0.0
HS26,False,NLC:SmoothNLP,NLC,SmoothNLP,cutest,1,1.0,True,22.0,0.03417969400106813,5.305420259855803e-10,,,,,0.03417969400106813,22.0,0.0
HS26,False,NLC:SmoothNLP,NLC,SmoothNLP,llm_post,5,1.0,True,22.0,0.026540221999312053,5.305420259855803e-10,,,0.13407090400141897,110.0,0.026540221999312053,22.0,0.0
HS26,False,NLC:SmoothNLP,NLC,SmoothNLP,llm_raw,5,1.0,True,22.0,0.02569091999976081,5.305420259855803e-10,,,0.13717992499732645,110.0,0.02569091999976081,22.0,0.0
HS26,False,NLC:SmoothNLP,NLC,SmoothNLP,random_post,10,1.0,True,49.0,0.10718540600282722,7.237299792147109e+73,1.1154308010045497,622.0,,,0.10718540600282722,49.0,0.0
HS26,False,NLC:SmoothNLP,NLC,SmoothNLP,random_raw,10,1.0,True,1.0,0.10341499699643464,7.689121131638368e+72,1.056232454990095,10.0,,,0.10341499699643464,1.0,0.0
HS268,False,LCBSmoothNLP,LCB,SmoothNLP,cutest,1,1.0,True,36.0,0.04636897599993972,-3.637978807091713e-12,,,,,0.04636897599993972,36.0,0.0
HS268,False,LCBSmoothNLP,LCB,SmoothNLP,llm_post,5,1.0,True,36.0,0.04215871300038998,-2.1827872842550278e-11,,,0.2630429369964986,284.0,0.04215871300038998,36.0,0.0
HS268,False,LCBSmoothNLP,LCB,SmoothNLP,llm_raw,5,1.0,True,36.0,0.04188966500078095,-1.0913936421275139e-11,,,0.22863090099781402,197.0,0.04188966500078095,36.0,0.0
HS268,False,LCBSmoothNLP,LCB,SmoothNLP,random_post,10,1.0,True,1.0,0.10585940000237315,3.281393922116679e+41,1.1311247230078152,10.0,,,0.10585940000237315,1.0,0.0
HS268,False,LCBSmoothNLP,LCB,SmoothNLP,random_raw,10,1.0,True,1.0,0.10597724200124503,4.390463439711411e+42,1.0902481590055686,10.0,,,0.10597724200124503,1.0,0.0
HS30,True,NLC:SmoothNLP,NLC,SmoothNLP,cutest,1,1.0,True,5.0,0.011398694998206338,1.0008120152736126,,,,,0.011398694998206338,5.0,0.0
HS30,True,NLC:SmoothNLP,NLC,SmoothNLP,llm_post,5,1.0,True,5.0,0.006421992999094073,1.0008120152736126,,,0.03569428900300409,25.0,0.006421992999094073,5.0,0.0
HS30,True,NLC:SmoothNLP,NLC,SmoothNLP,llm_raw,5,1.0,True,5.0,0.0062701280003238935,1.0008120152736126,,,0.034987342995009385,25.0,0.0062701280003238935,5.0,0.0
HS30,True,NLC:SmoothNLP,NLC,SmoothNLP,random_post,10,1.0,True,5.0,0.006295008002780378,1.0008054271147426,0.07271853400743566,57.0,,,0.006295008002780378,5.0,0.0
HS30,True,NLC:SmoothNLP,NLC,SmoothNLP,random_raw,10,1.0,True,5.0,0.006405167001503287,1.0008054271147426,0.0730674949954846,57.0,,,0.006405167001503287,5.0,0.0
HS31,True,NLC:SmoothNLP,NLC,SmoothNLP,cutest,1,1.0,True,11.0,0.021455991998664103,1.000006400320352,,,,,0.021455991998664103,11.0,0.0
HS31,True,NLC:SmoothNLP,NLC,SmoothNLP,llm_post,5,1.0,True,10.0,0.014250211999751627,1.0000064003162177,,,0.07549536299120518,54.0,0.014250211999751627,10.0,0.0
HS31,True,NLC:SmoothNLP,NLC,SmoothNLP,llm_raw,5,1.0,True,11.0,0.015268907001882326,1.0000064003161193,,,0.07860142099889345,55.0,0.015268907001882326,11.0,0.0
HS31,True,NLC:SmoothNLP,NLC,SmoothNLP,random_post,10,1.0,True,11.0,0.012723219999315916,1.000032007927773,0.1513123490040016,115.0,,,0.012723219999315916,11.0,0.0
HS31,True,NLC:SmoothNLP,NLC,SmoothNLP,random_raw,10,1.0,True,11.0,0.012902062997454777,1.000160200696381,0.14790032600285485,115.0,,,0.012902062997454777,11.0,0.0
HS32,True,NLC:LS,NLC,LS,cutest,1,1.0,True,14.0,0.022088213001552504,0.0001436287316155106,,,,,0.022088213001552504,14.0,0.0
HS32,True,NLC:LS,NLC,LS,llm_post,5,1.0,True,14.0,0.016886719997273758,0.0001436287316155106,,,0.08819767100067111,70.0,0.016886719997273758,14.0,0.0
HS32,True,NLC:LS,NLC,LS,llm_raw,5,1.0,True,14.0,0.01651633599976776,0.0001436287316155106,,,0.08604521599772852,70.0,0.01651633599976776,14.0,0.0
HS32,True,NLC:LS,NLC,LS,random_post,10,1.0,True,13.0,0.016741515002649976,0.00014375403187302048,0.18610768299549818,136.0,,,0.016741515002649976,13.0,0.0
HS32,True,NLC:LS,NLC,LS,random_raw,10,1.0,True,1.0,0.10388286499801325,3.4754431547045777e+39,1.0549576069970499,10.0,,,0.10388286499801325,1.0,0.0
HS33,True,NLC:SmoothNLP,NLC,SmoothNLP,cutest,1,1.0,True,50.0,0.05770810400281334,-5.999987179786406,,,,,0.05770810400281334,50.0,0.0
HS33,True,NLC:SmoothNLP,NLC,SmoothNLP,llm_post,5,1.0,True,44.0,0.047694991997559555,-5.999990623559489,,,0.2603924699978961,247.0,0.047694991997559555,44.0,0.0
HS33,True,NLC:SmoothNLP,NLC,SmoothNLP,llm_raw,5,1.0,True,44.0,0.048254388999339426,-5.999990623559489,,,0.26621125699966797,247.0,0.048254388999339426,44.0,0.0
HS33,True,NLC:SmoothNLP,NLC,SmoothNLP,random_post,10,1.0,True,43.0,0.04597119800018845,-5.999991097189372,0.6514135809884465,637.0,,,0.04597119800018845,43.0,0.0
HS33,True,NLC:SmoothNLP,NLC,SmoothNLP,random_raw,10,1.0,True,25.0,0.10393819599994458,6.825243484537062e+50,1.0833121009964088,262.0,,,0.10393819599994458,25.0,0.0
HS34,True,NLC:SmoothNLP,NLC,SmoothNLP,cutest,1,1.0,True,109.0,0.11904091999895172,-99.99999359918009,,,,,0.11904091999895172,109.0,0.0
HS34,True,NLC:SmoothNLP,NLC,SmoothNLP,llm_post,5,1.0,True,109.0,0.10698601100011729,-99.99999359918009,,,0.5586135710000235,545.0,0.10698601100011729,109.0,0.0
HS34,True,NLC:SmoothNLP,NLC,SmoothNLP,llm_raw,5,1.0,True,109.0,0.10580084100001841,-99.99999359918009,,,0.5352585489963531,545.0,0.10580084100001841,109.0,0.0
HS34,True,NLC:SmoothNLP,NLC,SmoothNLP,random_post,10,1.0,True,93.0,0.09441163800147478,-99.99999359918009,1.086304726999515,1054.0,,,0.09441163800147478,93.0,0.0
HS34,True,NLC:SmoothNLP,NLC,SmoothNLP,random_raw,10,1.0,True,48.0,0.05161964699800592,-99.99999359918009,0.8424767669930588,841.0,,,0.05161964699800592,48.0,0.0
HS35,True,LCBSmoothNLP,LCB,SmoothNLP,cutest,1,1.0,True,16.0,0.026853177001612494,8.615330671091215e-13,,,,,0.026853177001612494,16.0,0.0
HS35,True,LCBSmoothNLP,LCB,SmoothNLP,llm_post,5,1.0,True,13.0,0.01684360699800891,4.831690603168681e-13,,,0.09893393199672573,72.0,0.01684360699800891,13.0,0.0
HS35,True,LCBSmoothNLP,LCB,SmoothNLP,llm_raw,5,1.0,True,13.0,0.018906728997535538,4.831690603168681e-13,,,0.10172447899822146,72.0,0.018906728997535538,13.0,0.0
HS35,True,LCBSmoothNLP,LCB,SmoothNLP,random_post,10,1.0,True,14.0,0.01701502200012328,5.416649351275282e-10,0.1766880239956663,140.0,,,0.01701502200012328,14.0,0.0
HS35,True,LCBSmoothNLP,LCB,SmoothNLP,random_raw,10,1.0,True,1.0,0.10329746600109502,5.3529288901734184e+38,1.136265139997704,10.0,,,0.10329746600109502,1.0,0.0
HS35I,True,LCBSmoothNLP,LCB,SmoothNLP,cutest,1,1.0,True,15.0,0.02661018300204887,4.849454171562684e-13,,,,,0.02661018300204887,15.0,0.0
HS35I,True,LCBSmoothNLP,LCB,SmoothNLP,llm_post,5,1.0,True,13.0,0.016583646000071894,4.849454171562684e-13,,,0.09116110500326613,70.0,0.016583646000071894,13.0,0.0
HS35I,True,LCBSmoothNLP,LCB,SmoothNLP,llm_raw,5,1.0,True,13.0,0.01765050100220833,4.849454171562684e-13,,,0.0942318180022994,70.0,0.01765050100220833,13.0,0.0
HS35I,True,LCBSmoothNLP,LCB,SmoothNLP,random_post,10,1.0,True,14.0,0.017158766997454222,1.1471268379636967e-11,0.1829345529913553,141.0,,,0.017158766997454222,14.0,0.0
HS35I,True,LCBSmoothNLP,LCB,SmoothNLP,random_raw,10,1.0,True,12.0,0.015549339001154294,5.115907697472721e-13,0.18490627900973777,138.0,,,0.015549339001154294,12.0,0.0
HS35MOD,True,LCBSmoothNLP,LCB,SmoothNLP,cutest,1,1.0,True,9.0,0.01652779200230725,0.25000003778853075,,,,,0.01652779200230725,9.0,0.0
HS35MOD,True,LCBSmoothNLP,LCB,SmoothNLP,llm_post,5,1.0,True,8.0,0.01075946200217004,0.2500000000023592,,,0.06634149100500508,49.0,0.01075946200217004,8.0,0.0
HS35MOD,True,LCBSmoothNLP,LCB,SmoothNLP,llm_raw,5,1.0,True,8.0,0.010748010001407238,0.2500000000023592,,,0.06645495200064033,49.0,0.010748010001407238,8.0,0.0
HS35MOD,True,LCBSmoothNLP,LCB,SmoothNLP,random_post,10,1.0,True,12.0,0.015875791999860667,0.250000000059754,0.1651488050010812,120.0,,,0.015875791999860667,12.0,0.0
HS35MOD,True,LCBSmoothNLP,LCB,SmoothNLP,random_raw,10,1.0,True,1.0,0.10342277599920635,1.7170098601542262e+38,1.0724577570035763,10.0,,,0.10342277599920635,1.0,0.0
HS36,True,LCBSmoothNLP,LCB,SmoothNLP,cutest,1,1.0,True,10.0,0.017149069000879535,-9239.93415257839,,,,,0.017149069000879535,10.0,0.0
HS36,True,LCBSmoothNLP,LCB,SmoothNLP,llm_post,5,1.0,True,9.0,0.009274144998926204,-9239.93415257839,,,0.05293498000173713,51.0,0.009274144998926204,9.0,0.0
HS36,True,LCBSmoothNLP,LCB,SmoothNLP,llm_raw,5,1.0,True,9.0,0.01015480100249988,-9239.93415257839,,,0.05400586500400095,51.0,0.01015480100249988,9.0,0.0
HS36,True,LCBSmoothNLP,LCB,SmoothNLP,random_post,10,1.0,True,8.0,0.008538261998182861,-9239.984894411005,0.2927534019945597,292.0,,,0.008538261998182861,8.0,0.0
HS36,True,LCBSmoothNLP,LCB,SmoothNLP,random_raw,10,1.0,True,8.0,0.008700624999619322,-9239.988558205385,0.26608672799920896,261.0,,,0.008700624999619322,8.0,0.0
HS37,True,LCBSmoothNLP,LCB,SmoothNLP,cutest,1,1.0,True,7.0,0.01121031599905109,-74087.6999847795,,,,,0.01121031599905109,7.0,0.0
HS37,True,LCBSmoothNLP,LCB,SmoothNLP,llm_post,5,1.0,True,7.0,0.00653300100020715,-74087.69998540237,,,0.03381077399899368,35.0,0.00653300100020715,7.0,0.0
HS37,True,LCBSmoothNLP,LCB,SmoothNLP,llm_raw,5,1.0,True,7.0,0.0066823909983213525,-74087.69998540237,,,0.034262034998391755,35.0,0.0066823909983213525,7.0,0.0
HS37,True,LCBSmoothNLP,LCB,SmoothNLP,random_post,10,1.0,True,7.0,0.0066346109997539315,-74087.93959056387,0.10456702000374207,105.0,,,0.0066346109997539315,7.0,0.0
HS37,True,LCBSmoothNLP,LCB,SmoothNLP,random_raw,10,1.0,True,9.0,0.008812213000055635,-74087.93959056387,0.13970627200615127,127.0,,,0.008812213000055635,9.0,0.0
HS38,True,BSmoothNLP,B,SmoothNLP,cutest,1,1.0,True,33.0,0.023298254996916512,3.068262401531545e-16,,,,,0.023298254996916512,33.0,0.0
HS38,True,BSmoothNLP,B,SmoothNLP,llm_post,5,1.0,True,32.0,0.0006941389983694535,7.703359538401704e-17,,,0.006126889995357487,169.0,0.0006941389983694535,32.0,0.0
HS38,True,BSmoothNLP,B,SmoothNLP,llm_raw,5,1.0,True,32.0,0.0005586449988186359,7.703359538401704e-17,,,0.003808327001024736,169.0,0.0005586449988186359,32.0,0.0
HS38,True,BSmoothNLP,B,SmoothNLP,random_post,10,1.0,True,40.0,0.0015427520011144225,5.3583721520359687e-17,0.02247383599751629,592.0,,,0.0015427520011144225,40.0,0.0
HS38,True,BSmoothNLP,B,SmoothNLP,random_raw,10,1.0,True,40.0,0.0015644230006728321,5.3583721520359687e-17,0.03973615900395089,592.0,,,0.0015644230006728321,40.0,0.0
HS3MOD,True,BSmoothNLP,B,SmoothNLP,cutest,1,1.0,True,9.0,0.002178613001888152,0.0,,,,,0.002178613001888152,9.0,0.0
HS3MOD,True,BSmoothNLP,B,SmoothNLP,llm_post,5,1.0,True,9.0,0.00018101100067724474,0.0,,,0.0012380080006550997,45.0,0.00018101100067724474,9.0,0.0
HS3MOD,True,BSmoothNLP,B,SmoothNLP,llm_raw,5,1.0,True,9.0,0.00018124400230590254,0.0,,,0.0027308110002195463,45.0,0.00018124400230590254,9.0,0.0
HS3MOD,True,BSmoothNLP,B,SmoothNLP,random_post,10,0.2,True,4.0,0.00016927199976635166,1.2044516248015858e+19,0.007247680998261785,9.0,,,0.00016927199976635166,4.0,0.0
HS3MOD,True,BSmoothNLP,B,SmoothNLP,random_raw,10,0.2,True,4.0,0.00014219299919204786,1.2044516248015858e+19,0.019899241997336503,9.0,,,0.00014219299919204786,4.0,0.0
HS40,False,NLC:SmoothNLP,NLC,SmoothNLP,cutest,1,1.0,True,34.0,0.14370065800176235,-1.0000000000000007e+80,,,,,0.14370065800176235,34.0,0.0
HS40,False,NLC:SmoothNLP,NLC,SmoothNLP,llm_post,5,0.0,False,,,,,,0.7790953340045235,0.0,60.0,1000000.0,0.0
HS40,False,NLC:SmoothNLP,NLC,SmoothNLP,llm_raw,5,0.2,True,34.0,0.15193310399990878,-1.0000000000000007e+80,,,0.7308792419971724,34.0,0.15193310399990878,34.0,0.0
HS40,False,NLC:SmoothNLP,NLC,SmoothNLP,random_post,10,0.1,True,58.0,0.14924813700054074,-8.173778151617592e+79,1.5411401429955731,58.0,,,0.14924813700054074,58.0,0.0
HS40,False,NLC:SmoothNLP,NLC,SmoothNLP,random_raw,10,1.0,True,1.0,0.09915580100278021,-2.278291819759353e+79,1.040134074006346,10.0,,,0.09915580100278021,1.0,0.0
HS42,False,NLC:LS,NLC,LS,cutest,1,1.0,True,3.0,0.006940283998119412,0.0,,,,,0.006940283998119412,3.0,0.0
HS42,False,NLC:LS,NLC,LS,llm_post,5,1.0,True,3.0,0.003423598998779198,0.0,,,0.018386633000773145,15.0,0.003423598998779198,3.0,0.0
HS42,False,NLC:LS,NLC,LS,llm_raw,5,1.0,True,3.0,0.0030188290002115536,0.0,,,0.016006378002202837,15.0,0.0030188290002115536,3.0,0.0
HS42,False,NLC:LS,NLC,LS,random_post,10,1.0,True,1.0,0.10621334099778323,4.496222668039972e+38,1.1607294980021834,10.0,,,0.10621334099778323,1.0,0.0
HS42,False,NLC:LS,NLC,LS,random_raw,10,1.0,True,1.0,0.10587336300159222,4.005865669010048e+39,1.08487241200055,10.0,,,0.10587336300159222,1.0,0.0
HS45,True,BSmoothNLP,B,SmoothNLP,cutest,1,1.0,True,11.0,0.0015543139998044353,1.000000000004,,,,,0.0015543139998044353,11.0,0.0
HS45,True,BSmoothNLP,B,SmoothNLP,llm_post,5,1.0,True,11.0,0.00017717000082484446,1.000000000004,,,0.0009500220003246795,55.0,0.00017717000082484446,11.0,0.0
HS45,True,BSmoothNLP,B,SmoothNLP,llm_raw,5,1.0,True,11.0,0.00017975899754674174,1.000000000004,,,0.0009962379990611225,55.0,0.00017975899754674174,11.0,0.0
HS45,True,BSmoothNLP,B,SmoothNLP,random_post,10,1.0,True,8.0,0.00018655700114322826,1.000000000004,0.0024993350052682217,152.0,,,0.00018655700114322826,8.0,0.0
HS45,True,BSmoothNLP,B,SmoothNLP,random_raw,10,1.0,True,8.0,0.00017476200082455762,1.000000000004,0.002922038998804055,152.0,,,0.00017476200082455762,8.0,0.0
HS46,False,NLC:SmoothNLP,NLC,SmoothNLP,cutest,1,1.0,True,30.0,0.04048176799915382,5.7182460602314336e-09,,,,,0.04048176799915382,30.0,0.0
HS46,False,NLC:SmoothNLP,NLC,SmoothNLP,llm_post,5,1.0,True,30.0,0.0343068440015486,5.717103444199215e-09,,,0.18999869499748456,150.0,0.0343068440015486,30.0,0.0
HS46,False,NLC:SmoothNLP,NLC,SmoothNLP,llm_raw,5,1.0,True,30.0,0.03500200000053155,5.7182097691290945e-09,,,0.17889227799605578,150.0,0.03500200000053155,30.0,0.0
HS46,False,NLC:SmoothNLP,NLC,SmoothNLP,random_post,10,1.0,True,1.0,0.10599189799904707,3.3588795152816686e+104,1.140374571994471,10.0,,,0.10599189799904707,1.0,0.0
HS46,False,NLC:SmoothNLP,NLC,SmoothNLP,random_raw,10,1.0,True,1.0,0.1054236950003542,3.620970446083736e+112,1.0826161600016349,10.0,,,0.1054236950003542,1.0,0.0
HS47,False,NLC:SmoothNLP,NLC,SmoothNLP,cutest,1,0.0,False,,,,,,,,60.0,1000000.0,0.0
HS47,False,NLC:SmoothNLP,NLC,SmoothNLP,llm_post,5,0.2,True,262.0,0.2920849369984353,-8.000000000000004e+60,,,1.8868757660020492,262.0,0.2920849369984353,262.0,0.0
HS47,False,NLC:SmoothNLP,NLC,SmoothNLP,llm_raw,5,0.0,False,,,,,,1.9241900320012064,0.0,60.0,1000000.0,0.0
HS47,False,NLC:SmoothNLP,NLC,SmoothNLP,random_post,10,1.0,True,1.0,0.10598678499809466,2.5024800809677895e+77,1.1375521890004165,10.0,,,0.10598678499809466,1.0,0.0
HS47,False,NLC:SmoothNLP,NLC,SmoothNLP,random_raw,10,1.0,True,1.0,0.10609808500157669,1.3294997158205636e+78,1.131246060002013,10.0,,,0.10609808500157669,1.0,0.0
HS49,False,LEBSmoothNLP,LEB,SmoothNLP,cutest,1,1.0,True,52.0,0.01346030200147652,3.746219172386122e-13,,,,,0.01346030200147652,52.0,0.0
HS49,False,LEBSmoothNLP,LEB,SmoothNLP,llm_post,5,1.0,True,52.0,0.000685839000652777,3.746219172386122e-13,,,0.003573834997951053,267.0,0.000685839000652777,52.0,0.0
HS49,False,LEBSmoothNLP,LEB,SmoothNLP,llm_raw,5,1.0,True,51.0,0.0006688290013698861,3.746219172386122e-13,,,0.0038015670033928473,261.0,0.0006688290013698861,51.0,0.0
HS49,False,LEBSmoothNLP,LEB,SmoothNLP,random_post,10,1.0,True,1.0,0.10705034899729071,3.184909295550298e+108,1.1103746370026784,10.0,,,0.10705034899729071,1.0,0.0
HS49,False,LEBSmoothNLP,LEB,SmoothNLP,random_raw,10,1.0,True,1.0,0.10549551299845916,3.6209704460837363e+112,1.1579740519991901,10.0,,,0.10549551299845916,1.0,0.0
HS50,False,LEBSmoothNLP,LEB,SmoothNLP,cutest,1,1.0,True,39.0,0.0024867690008250065,4.0069436035847445e-13,,,,,0.0024867690008250065,39.0,0.0
HS50,False,LEBSmoothNLP,LEB,SmoothNLP,llm_post,5,1.0,True,38.0,0.0006001139990985394,4.0069436035847445e-13,,,0.003220149996195687,193.0,0.0006001139990985394,38.0,0.0
HS50,False,LEBSmoothNLP,LEB,SmoothNLP,llm_raw,5,1.0,True,38.0,0.0005118279987073038,3.423400886822235e-13,,,0.0031492809939663857,194.0,0.0005118279987073038,38.0,0.0
HS50,False,LEBSmoothNLP,LEB,SmoothNLP,random_post,10,1.0,True,1.0,0.10691155600216007,1.0744882297256607e+75,1.2739409810019424,10.0,,,0.10691155600216007,1.0,0.0
HS50,False,LEBSmoothNLP,LEB,SmoothNLP,random_raw,10,1.0,True,1.0,0.10387019599875202,2.1096163142815234e+76,1.1278731020029227,10.0,,,0.10387019599875202,1.0,0.0
HS51,False,LEBSmoothNLP,LEB,SmoothNLP,cutest,1,1.0,True,5.0,0.00217514800169738,4.930380657631324e-32,,,,,0.00217514800169738,5.0,0.0
HS51,False,LEBSmoothNLP,LEB,SmoothNLP,llm_post,5,1.0,True,5.0,0.00014197199925547466,4.930380657631324e-32,,,0.0008625339942227583,25.0,0.00014197199925547466,5.0,0.0
HS51,False,LEBSmoothNLP,LEB,SmoothNLP,llm_raw,5,1.0,True,5.0,0.0001447850008844398,4.930380657631324e-32,,,0.000899817005119985,25.0,0.0001447850008844398,5.0,0.0
HS51,False,LEBSmoothNLP,LEB,SmoothNLP,random_post,10,1.0,True,1.0,0.10657289899972966,7.43798540625361e+38,1.3012013669977023,10.0,,,0.10657289899972966,1.0,0.0
HS51,False,LEBSmoothNLP,LEB,SmoothNLP,random_raw,10,1.0,True,1.0,0.0038867179973749444,4.000000194443457,1.0318030310008908,1542.0,,,0.0038867179973749444,1.0,0.0
HS52,False,LEBSmoothNLP,LEB,SmoothNLP,cutest,1,1.0,True,8.0,0.002455984002153855,4.437342591868191e-31,,,,,0.002455984002153855,8.0,0.0
HS52,False,LEBSmoothNLP,LEB,SmoothNLP,llm_post,5,1.0,True,8.0,0.00039240700061782263,0.0,,,0.002121918005286716,40.0,0.00039240700061782263,8.0,0.0
HS52,False,LEBSmoothNLP,LEB,SmoothNLP,llm_raw,5,1.0,True,8.0,0.00016203699851757847,0.0,,,0.0011534320037753787,40.0,0.00016203699851757847,8.0,0.0
HS52,False,LEBSmoothNLP,LEB,SmoothNLP,random_post,10,1.0,True,1.0,0.1048178929995629,2.073577891853461e+39,1.1331700880036806,10.0,,,0.1048178929995629,1.0,0.0
HS52,False,LEBSmoothNLP,LEB,SmoothNLP,random_raw,10,1.0,True,1.0,0.10316917299860506,3.792652327189937e+39,1.1543560419995629,10.0,,,0.10316917299860506,1.0,0.0
HS53,True,LEBSmoothNLP,LEB,SmoothNLP,cutest,1,1.0,True,5.0,0.002158338000299409,4.930380657631324e-32,,,,,0.002158338000299409,5.0,0.0
HS53,True,LEBSmoothNLP,LEB,SmoothNLP,llm_post,5,1.0,True,5.0,0.00033021299896063283,1.232595164407831e-32,,,0.0018082840033457614,25.0,0.00033021299896063283,5.0,0.0
HS53,True,LEBSmoothNLP,LEB,SmoothNLP,llm_raw,5,1.0,True,5.0,0.00032343600105377845,0.0,,,0.00174744900141377,25.0,0.00032343600105377845,5.0,0.0
HS53,True,LEBSmoothNLP,LEB,SmoothNLP,random_post,10,1.0,True,5.0,0.0003437249979469925,0.0,0.004036317994177807,58.0,,,0.0003437249979469925,5.0,0.0
HS53,True,LEBSmoothNLP,LEB,SmoothNLP,random_raw,10,1.0,True,5.0,0.0001971769997908268,6.162975822039155e-32,0.06162063998999656,68.0,,,0.0001971769997908268,5.0,0.0
HS54,True,LEBSmoothNLP,LEB,SmoothNLP,cutest,1,1.0,True,29.0,0.0024700039975869004,-0.9552174960257613,,,,,0.0024700039975869004,29.0,0.0
HS54,True,LEBSmoothNLP,LEB,SmoothNLP,llm_post,5,1.0,True,31.0,0.0008996159995149355,-0.9552174960257085,,,0.006462375000410248,158.0,0.0008996159995149355,31.0,0.0
HS54,True,LEBSmoothNLP,LEB,SmoothNLP,llm_raw,5,1.0,True,29.0,0.0012185750019853003,-0.955217496025763,,,0.006495535002613906,147.0,0.0012185750019853003,29.0,0.0
HS54,True,LEBSmoothNLP,LEB,SmoothNLP,random_post,10,1.0,True,1.0,0.00022056799934944138,-0.9871307335741578,0.007848391000152333,150.0,,,0.00022056799934944138,1.0,0.0
HS54,True,LEBSmoothNLP,LEB,SmoothNLP,random_raw,10,1.0,True,1.0,9.544600106892176e-05,-0.9207708305497164,0.0019446119949861895,50.0,,,9.544600106892176e-05,1.0,0.0
HS55,True,LEBSmoothNLP,LEB,SmoothNLP,cutest,1,1.0,True,2.0,0.0025003880000440404,1.0000000000000002,,,,,0.0025003880000440404,2.0,0.0
HS55,True,LEBSmoothNLP,LEB,SmoothNLP,llm_post,5,1.0,True,2.0,0.00017591499999980442,1.0000000000000027,,,0.001022335000016028,10.0,0.00017591499999980442,2.0,0.0
HS55,True,LEBSmoothNLP,LEB,SmoothNLP,llm_raw,5,1.0,True,2.0,0.00019847899966407567,1.0000000000000002,,,0.0010366090027673636,10.0,0.00019847899966407567,2.0,0.0
HS55,True,LEBSmoothNLP,LEB,SmoothNLP,random_post,10,1.0,True,2.0,0.0001715340004011523,1.0,0.002053603999229381,20.0,,,0.0001715340004011523,2.0,0.0
HS55,True,LEBSmoothNLP,LEB,SmoothNLP,random_raw,10,1.0,True,12.0,0.0002082700011669658,3.3619547271192007e+19,0.01927665000766865,120.0,,,0.0002082700011669658,12.0,0.0
HS57,True,NLC:LS,NLC,LS,cutest,1,1.0,True,12.0,0.020900341001834022,0.030646322360788406,,,,,0.020900341001834022,12.0,0.0
HS57,True,NLC:LS,NLC,LS,llm_post,5,1.0,True,7.0,0.014721563999046339,0.0055939909867680155,,,0.6038619930004643,81.0,0.014721563999046339,7.0,0.0
HS57,True,NLC:LS,NLC,LS,llm_raw,5,1.0,True,7.0,0.01065283800198813,0.0055939909867680155,,,0.5555544270027895,79.0,0.01065283800198813,7.0,0.0
HS57,True,NLC:LS,NLC,LS,random_post,10,1.0,True,3.0,0.042137881002418,3.484751465709725e+102,0.4419567700024345,30.0,,,0.042137881002418,3.0,0.0
HS57,True,NLC:LS,NLC,LS,random_raw,10,1.0,True,1.0,0.08791088599900831,3.2558275202568863e+35,1.0510938400002487,10.0,,,0.08791088599900831,1.0,0.0
HS59,True,NLC:SmoothNLP,NLC,SmoothNLP,cutest,1,1.0,True,32.0,0.03631393800242222,-51.73774724411599,,,,,0.03631393800242222,32.0,0.0
HS59,True,NLC:SmoothNLP,NLC,SmoothNLP,llm_post,5,1.0,True,13.0,0.016678463001881028,-6.749504719658489,,,0.08577716499348753,67.0,0.016678463001881028,13.0,0.0
HS59,True,NLC:SmoothNLP,NLC,SmoothNLP,llm_raw,5,1.0,True,14.0,0.016077704000053927,-51.73774724411761,,,0.0934088160029205,78.0,0.016077704000053927,14.0,0.0
HS59,True,NLC:SmoothNLP,NLC,SmoothNLP,random_post,10,1.0,True,10.0,0.01381142099853605,-23.88274294824034,0.16830768098589033,129.0,,,0.01381142099853605,10.0,0.0
HS59,True,NLC:SmoothNLP,NLC,SmoothNLP,random_raw,10,1.0,True,10.0,0.014638664997619344,-51.737747244116946,0.1862887919996865,149.0,,,0.014638664997619344,10.0,0.0
HS6,False,NLC:SmoothNLP,NLC,SmoothNLP,cutest,1,1.0,True,3.0,0.0067720670012931805,4.930380657631324e-32,,,,,0.0067720670012931805,3.0,0.0
HS6,False,NLC:SmoothNLP,NLC,SmoothNLP,llm_post,5,1.0,True,3.0,0.0031498919997829944,6.039716305598372e-31,,,0.01798684399909689,15.0,0.0031498919997829944,3.0,0.0
HS6,False,NLC:SmoothNLP,NLC,SmoothNLP,llm_raw,5,1.0,True,3.0,0.0028239900020707864,4.930380657631324e-32,,,0.014860564002447063,15.0,0.0028239900020707864,3.0,0.0
HS6,False,NLC:SmoothNLP,NLC,SmoothNLP,random_post,10,1.0,True,18.0,0.016632836999633582,0.0,0.23761443100738688,197.0,,,0.016632836999633582,18.0,0.0
HS6,False,NLC:SmoothNLP,NLC,SmoothNLP,random_raw,10,1.0,True,1.0,0.10309646200039424,1.8293991549521542e+37,1.0441111770051066,10.0,,,0.10309646200039424,1.0,0.0
HS62,True,LEBSmoothNLP,LEB,SmoothNLP,cutest,1,1.0,True,17.0,0.002644671003508847,-30525.100194843773,,,,,0.002644671003508847,17.0,0.0
HS62,True,LEBSmoothNLP,LEB,SmoothNLP,llm_post,5,1.0,True,17.0,0.00046160000056261197,-30525.100194843773,,,0.002514291994884843,85.0,0.00046160000056261197,17.0,0.0
HS62,True,LEBSmoothNLP,LEB,SmoothNLP,llm_raw,5,1.0,True,17.0,0.0004347200010670349,-30525.100194843773,,,0.002360685000894591,85.0,0.0004347200010670349,17.0,0.0
HS62,True,LEBSmoothNLP,LEB,SmoothNLP,random_post,10,1.0,True,13.0,0.0004419700017024297,-30525.101709651546,0.01955694900971139,245.0,,,0.0004419700017024297,13.0,0.0
HS62,True,LEBSmoothNLP,LEB,SmoothNLP,random_raw,10,1.0,True,11.0,0.0006341670014080591,-30525.101709651546,0.03239131900045322,204.0,,,0.0006341670014080591,11.0,0.0
HS64,True,NLC:SmoothNLP,NLC,SmoothNLP,cutest,1,1.0,True,36.0,0.04606455300017842,5800.000000000005,,,,,0.04606455300017842,36.0,0.0
HS64,True,NLC:SmoothNLP,NLC,SmoothNLP,llm_post,5,1.0,True,38.0,0.03956508899864275,5800.000000000001,,,0.2921890549987438,232.0,0.03956508899864275,38.0,0.0
HS64,True,NLC:SmoothNLP,NLC,SmoothNLP,llm_raw,5,1.0,True,34.0,0.039637456997297704,5800.0,,,0.20414565899773152,175.0,0.039637456997297704,34.0,0.0
HS64,True,NLC:SmoothNLP,NLC,SmoothNLP,random_post,10,1.0,True,1.0,0.08525169099812047,3.992202159242117e+20,0.8715077489905525,10.0,,,0.08525169099812047,1.0,0.0
HS64,True,NLC:SmoothNLP,NLC,SmoothNLP,random_raw,10,1.0,True,1.0,0.08263170400095987,3.992202159242117e+20,0.8569268510000256,10.0,,,0.08263170400095987,1.0,0.0
HS65,True,NLC:SmoothNLP,NLC,SmoothNLP,cutest,1,1.0,True,15.0,0.02382233900061692,0.11152688589162703,,,,,0.02382233900061692,15.0,0.0
HS65,True,NLC:SmoothNLP,NLC,SmoothNLP,llm_post,5,1.0,True,12.0,0.013513797999621602,0.1115268227361013,,,0.08279441799822962,72.0,0.013513797999621602,12.0,0.0
HS65,True,NLC:SmoothNLP,NLC,SmoothNLP,llm_raw,5,1.0,True,12.0,0.013900497000577161,0.1115268227361013,,,0.08372572600273998,72.0,0.013900497000577161,12.0,0.0
HS65,True,NLC:SmoothNLP,NLC,SmoothNLP,random_post,10,1.0,True,12.0,0.014107143000728684,0.11146089951305106,0.1607952489903255,145.0,,,0.014107143000728684,12.0,0.0
HS65,True,NLC:SmoothNLP,NLC,SmoothNLP,random_raw,10,1.0,True,12.0,0.014372139998158673,0.11146089951305106,0.15965326299556182,145.0,,,0.014372139998158673,12.0,0.0
HS68,True,NLC:SmoothNLP,NLC,SmoothNLP,cutest,1,1.0,True,29.0,0.036006970000016736,-0.9852293903571991,,,,,0.036006970000016736,29.0,0.0
HS68,True,NLC:SmoothNLP,NLC,SmoothNLP,llm_post,5,1.0,True,15.0,0.02116581000154838,-0.9852293383769439,,,0.11178368000400951,79.0,0.02116581000154838,15.0,0.0
HS68,True,NLC:SmoothNLP,NLC,SmoothNLP,llm_raw,5,1.0,True,15.0,0.02189586099848384,-0.9852293944597311,,,0.12507825299690012,101.0,0.02189586099848384,15.0,0.0
HS68,True,NLC:SmoothNLP,NLC,SmoothNLP,random_post,10,1.0,True,33.0,0.03549843200016767,-0.985231977910035,2.3175449810005375,1103.0,,,0.03549843200016767,33.0,0.0
HS68,True,NLC:SmoothNLP,NLC,SmoothNLP,random_raw,10,1.0,True,17.0,0.027097431000584038,-0.9852319779100379,2.5770115250052186,336.0,,,0.027097431000584038,17.0,0.0
HS69,True,NLC:SmoothNLP,NLC,SmoothNLP,cutest,1,1.0,True,24.0,0.035930876998463646,-995.5212609164953,,,,,0.035930876998463646,24.0,0.0
HS69,True,NLC:SmoothNLP,NLC,SmoothNLP,llm_post,5,1.0,True,21.0,0.02667490100066061,-995.5212714649495,,,0.15140335800606408,114.0,0.02667490100066061,21.0,0.0
HS69,True,NLC:SmoothNLP,NLC,SmoothNLP,llm_raw,5,1.0,True,21.0,0.025589692002540687,-995.5212655750931,,,0.14310494000164908,119.0,0.025589692002540687,21.0,0.0
HS69,True,NLC:SmoothNLP,NLC,SmoothNLP,random_post,10,1.0,True,21.0,0.03920931299944641,-995.5212745301416,2.8507831119968614,1005.0,,,0.03920931299944641,21.0,0.0
HS69,True,NLC:SmoothNLP,NLC,SmoothNLP,random_raw,10,1.0,True,21.0,0.022544751001987606,-995.5212627981866,0.8442966979928315,841.0,,,0.022544751001987606,21.0,0.0
HS70,True,NLC:LS,NLC,LS,cutest,1,1.0,True,36.0,0.046835576999001205,0.007498463752616348,,,,,0.046835576999001205,36.0,0.0
HS70,True,NLC:LS,NLC,LS,llm_post,5,1.0,True,33.0,0.04057920800187276,0.007498463669854296,,,0.21053698000469012,179.0,0.04057920800187276,33.0,0.0
HS70,True,NLC:LS,NLC,LS,llm_raw,5,1.0,True,33.0,0.03829267900073319,0.007498463669854296,,,0.2038665959989885,179.0,0.03829267900073319,33.0,0.0
HS70,True,NLC:LS,NLC,LS,random_post,10,1.0,True,21.0,0.048578621997876326,0.18637548173070423,0.9862362400017446,625.0,,,0.048578621997876326,21.0,0.0
HS70,True,NLC:LS,NLC,LS,random_raw,10,1.0,True,21.0,0.0573431509983493,0.18637548173070423,0.9930119010023191,625.0,,,0.0573431509983493,21.0,0.0
HS72,True,NLC:SmoothNLP,NLC,SmoothNLP,cutest,1,1.0,True,7.0,0.0157634009992762,1.0072858853943134,,,,,0.0157634009992762,7.0,0.0
HS72,True,NLC:SmoothNLP,NLC,SmoothNLP,llm_post,5,1.0,True,141.0,0.14010384700304712,1.0072045129325953,,,0.8667856920001213,826.0,0.14010384700304712,141.0,0.0
HS72,True,NLC:SmoothNLP,NLC,SmoothNLP,llm_raw,5,1.0,True,7.0,0.009355212998343632,1.0072068760352242,,,0.053894134995061904,41.0,0.009355212998343632,7.0,0.0
HS72,True,NLC:SmoothNLP,NLC,SmoothNLP,random_post,10,1.0,True,26.0,0.47551558800114435,1.0039999999999996,4.885585317999357,303.0,,,0.47551558800114435,26.0,0.0
HS72,True,NLC:SmoothNLP,NLC,SmoothNLP,random_raw,10,1.0,True,26.0,0.46565162600018084,1.0039999999999996,5.009140996000497,303.0,,,0.46565162600018084,26.0,0.0
HS73,True,NLC:SmoothNLP,NLC,SmoothNLP,cutest,1,1.0,True,8.0,0.019341623003128916,0.017256108443886597,,,,,0.019341623003128916,8.0,0.0
HS73,True,NLC:SmoothNLP,NLC,SmoothNLP,llm_post,5,1.0,True,8.0,0.009219780997227645,0.0160000655269711,,,0.047563952997734305,40.0,0.009219780997227645,8.0,0.0
HS73,True,NLC:SmoothNLP,NLC,SmoothNLP,llm_raw,5,1.0,True,7.0,0.00865791700198315,0.014906975394540375,,,0.04673033300059615,39.0,0.00865791700198315,7.0,0.0
HS73,True,NLC:SmoothNLP,NLC,SmoothNLP,random_post,10,1.0,True,8.0,0.009974791999411536,0.015770172820343743,0.11975621998499264,80.0,,,0.009974791999411536,8.0,0.0
HS73,True,NLC:SmoothNLP,NLC,SmoothNLP,random_raw,10,1.0,True,1.0,0.0862052689990378,2.3470005280781912e+21,0.8926295239980391,12.0,,,0.0862052689990378,1.0,0.0
HS75,True,NLC:SmoothNLP,NLC,SmoothNLP,cutest,1,1.0,True,6.0,0.013538496998080518,0.001956155697021972,,,,,0.013538496998080518,6.0,0.0
HS75,True,NLC:SmoothNLP,NLC,SmoothNLP,llm_post,5,1.0,True,15.0,0.02124903100047959,5.2925201993641525e-05,,,0.1308328220002295,84.0,0.02124903100047959,15.0,0.0
HS75,True,NLC:SmoothNLP,NLC,SmoothNLP,llm_raw,5,1.0,True,6.0,0.008725141000468284,0.0003199764867867009,,,0.05650020000393852,38.0,0.008725141000468284,6.0,0.0
HS75,True,NLC:SmoothNLP,NLC,SmoothNLP,random_post,10,1.0,True,15.0,0.01879844599898206,5.017315954219007e-05,0.2595866199953889,170.0,,,0.01879844599898206,15.0,0.0
HS75,True,NLC:SmoothNLP,NLC,SmoothNLP,random_raw,10,1.0,True,12.0,0.014800079999986337,5.541647419697689e-05,0.17583544199806056,137.0,,,0.014800079999986337,12.0,0.0
HS76,True,LCBSmoothNLP,LCB,SmoothNLP,cutest,1,1.0,True,12.0,0.02239480500065838,-5.249993599214662,,,,,0.02239480500065838,12.0,0.0
HS76,True,LCBSmoothNLP,LCB,SmoothNLP,llm_post,5,1.0,True,11.0,0.014633295002568047,-5.249993599310081,,,0.08119737400193117,59.0,0.014633295002568047,11.0,0.0
HS76,True,LCBSmoothNLP,LCB,SmoothNLP,llm_raw,5,1.0,True,11.0,0.01620048100085114,-5.249993599310081,,,0.08578126199063263,59.0,0.01620048100085114,11.0,0.0
HS76,True,LCBSmoothNLP,LCB,SmoothNLP,random_post,10,1.0,True,11.0,0.016560406002099626,-5.249998720005847,0.23272227200868656,128.0,,,0.016560406002099626,11.0,0.0
HS76,True,LCBSmoothNLP,LCB,SmoothNLP,random_raw,10,1.0,True,1.0,0.10277237300033448,1.0989455070431947e+39,1.0481010949915799,10.0,,,0.10277237300033448,1.0,0.0
HS76I,True,LCBSmoothNLP,LCB,SmoothNLP,cutest,1,1.0,True,12.0,0.02097833999869181,-5.249993598890724,,,,,0.02097833999869181,12.0,0.0
HS76I,True,LCBSmoothNLP,LCB,SmoothNLP,llm_post,5,1.0,True,12.0,0.01598651599852019,-5.249993598890724,,,0.08192425100060063,60.0,0.01598651599852019,12.0,0.0
HS76I,True,LCBSmoothNLP,LCB,SmoothNLP,llm_raw,5,1.0,True,12.0,0.016307021000102395,-5.249993598890724,,,0.0833392750027997,60.0,0.016307021000102395,12.0,0.0
HS76I,True,LCBSmoothNLP,LCB,SmoothNLP,random_post,10,1.0,True,12.0,0.015653909998945892,-5.249993599888929,0.2151269720052369,133.0,,,0.015653909998945892,12.0,0.0
HS76I,True,LCBSmoothNLP,LCB,SmoothNLP,random_raw,10,1.0,True,12.0,0.01646672900096746,-5.249998719994773,0.18929819498953293,141.0,,,0.01646672900096746,12.0,0.0
HS77,False,NLC:SmoothNLP,NLC,SmoothNLP,cutest,1,1.0,True,38.0,0.05164140399938333,2.1108485903981586e-09,,,,,0.05164140399938333,38.0,0.0
HS77,False,NLC:SmoothNLP,NLC,SmoothNLP,llm_post,5,1.0,True,36.0,0.04206725599942729,1.1097716771321998e-09,,,0.284000712003035,231.0,0.04206725599942729,36.0,0.0
HS77,False,NLC:SmoothNLP,NLC,SmoothNLP,llm_raw,5,1.0,True,30.0,0.035475295000651386,2.1108485903981586e-09,,,0.23295850700014853,203.0,0.035475295000651386,30.0,0.0
HS77,False,NLC:SmoothNLP,NLC,SmoothNLP,random_post,10,1.0,True,1.0,0.10677031000159332,3.3588795152816686e+104,1.1559894100100792,10.0,,,0.10677031000159332,1.0,0.0
HS77,False,NLC:SmoothNLP,NLC,SmoothNLP,random_raw,10,1.0,True,1.0,0.106199211000785,3.6209704460837363e+112,1.0863474099969608,10.0,,,0.106199211000785,1.0,0.0
HS78,False,NLC:SmoothNLP,NLC,SmoothNLP,cutest,1,0.0,False,,,,,,,,60.0,1000000.0,0.0
HS78,False,NLC:SmoothNLP,NLC,SmoothNLP,llm_post,5,0.0,False,,,,,,0.8034064780003973,0.0,60.0,1000000.0,0.0
HS78,False,NLC:SmoothNLP,NLC,SmoothNLP,llm_raw,5,0.0,False,,,,,,0.7273564699971757,0.0,60.0,1000000.0,0.0
HS78,False,NLC:SmoothNLP,NLC,SmoothNLP,random_post,10,1.0,True,1.0,0.10439282700099284,-7.185610976691667e+97,1.1376610490005987,10.0,,,0.10439282700099284,1.0,0.0
HS78,False,NLC:SmoothNLP,NLC,SmoothNLP,random_raw,10,1.0,True,1.0,0.1054261140016024,-8.265732194301747e+98,1.1397140539957036,10.0,,,0.1054261140016024,1.0,0.0
HS79,False,NLC:SmoothNLP,NLC,SmoothNLP,cutest,1,1.0,True,38.0,0.05391560999851208,8.035742661831107e-10,,,,,0.05391560999851208,38.0,0.0
HS79,False,NLC:SmoothNLP,NLC,SmoothNLP,llm_post,5,1.0,True,31.0,0.03528543399806949,4.6251532861874073e-10,,,0.2659380329932901,205.0,0.03528543399806949,31.0,0.0
HS79,False,NLC:SmoothNLP,NLC,SmoothNLP,llm_raw,5,1.0,True,32.0,0.03777639699910651,5.892957245538867e-10,,,0.2059806609977386,179.0,0.03777639699910651,32.0,0.0
HS79,False,NLC:SmoothNLP,NLC,SmoothNLP,random_post,10,1.0,True,1.0,0.10328415999902063,2.5024800809677895e+77,1.1239034500067646,10.0,,,0.10328415999902063,1.0,0.0
HS79,False,NLC:SmoothNLP,NLC,SmoothNLP,random_raw,10,1.0,True,1.0,0.1058705289979116,1.3294997158205636e+78,1.1088238109914528,10.0,,,0.1058705289979116,1.0,0.0
HS8,False,NLC:SmoothNLP,NLC,SmoothNLP,cutest,1,1.0,True,1.0,0.005427170999610098,-1.0,,,,,0.005427170999610098,1.0,0.0
HS8,False,NLC:SmoothNLP,NLC,SmoothNLP,llm_post,5,1.0,True,1.0,0.002172402000724105,-1.0,,,0.011538439997821115,5.0,0.002172402000724105,1.0,0.0
HS8,False,NLC:SmoothNLP,NLC,SmoothNLP,llm_raw,5,1.0,True,1.0,0.0013025050029682461,-1.0,,,0.009452273003262235,5.0,0.0013025050029682461,1.0,0.0
HS8,False,NLC:SmoothNLP,NLC,SmoothNLP,random_post,10,1.0,True,1.0,0.0015701590018579736,-1.0,0.01679660200170474,10.0,,,0.0015701590018579736,1.0,0.0
HS8,False,NLC:SmoothNLP,NLC,SmoothNLP,random_raw,10,1.0,True,1.0,0.0011299260004307143,-1.0,0.012898073993710568,10.0,,,0.0011299260004307143,1.0,0.0
HS83,True,NLC:SmoothNLP,NLC,SmoothNLP,cutest,1,1.0,True,12.0,0.02317190499888966,-32217.431018121206,,,,,0.02317190499888966,12.0,0.0
HS83,True,NLC:SmoothNLP,NLC,SmoothNLP,llm_post,5,1.0,True,14.0,0.019060000999161275,-32217.431018016614,,,0.1001204409985803,70.0,0.019060000999161275,14.0,0.0
HS83,True,NLC:SmoothNLP,NLC,SmoothNLP,llm_raw,5,1.0,True,12.0,0.018060843998682685,-32217.431018121206,,,0.09177188600006048,60.0,0.018060843998682685,12.0,0.0
HS83,True,NLC:SmoothNLP,NLC,SmoothNLP,random_post,10,1.0,True,13.0,0.019438056002400117,-32217.4310184367,0.23696494699834147,143.0,,,0.019438056002400117,13.0,0.0
HS83,True,NLC:SmoothNLP,NLC,SmoothNLP,random_raw,10,1.0,True,13.0,0.017920815000252333,-32217.431018079755,0.19878431799588725,141.0,,,0.017920815000252333,13.0,0.0
HS84,True,NLC:SmoothNLP,NLC,SmoothNLP,cutest,1,1.0,True,17.0,0.027403854997828603,-1175336751.6256218,,,,,0.027403854997828603,17.0,0.0
HS84,True,NLC:SmoothNLP,NLC,SmoothNLP,llm_post,5,1.0,True,17.0,0.0172496740015049,-1175336751.6256218,,,0.08771090200025355,85.0,0.0172496740015049,17.0,0.0
HS84,True,NLC:SmoothNLP,NLC,SmoothNLP,llm_raw,5,1.0,True,17.0,0.016872997999598738,-1175336751.6256218,,,0.08879247299773851,85.0,0.016872997999598738,17.0,0.0
HS84,True,NLC:SmoothNLP,NLC,SmoothNLP,random_post,10,0.1,True,136.0,0.12321611399966059,-1175336751.608511,4.443174645999534,136.0,,,0.12321611399966059,136.0,0.0
HS84,True,NLC:SmoothNLP,NLC,SmoothNLP,random_raw,10,0.3,True,43.0,0.04283105900321971,-1175336751.762065,4.203355186004046,604.0,,,0.04283105900321971,43.0,0.0
HS85,True,NLC:Nonsmooth,NLC,Nonsmooth,cutest,1,1.0,True,31.0,0.03799741300099413,-3.00212834798662,,,,,0.03799741300099413,31.0,0.0
HS85,True,NLC:Nonsmooth,NLC,Nonsmooth,llm_post,5,1.0,True,25.0,0.02892232799786143,-3.0022190226784953,,,0.16285400599736022,153.0,0.02892232799786143,25.0,0.0
HS85,True,NLC:Nonsmooth,NLC,Nonsmooth,llm_raw,5,1.0,True,25.0,0.02722373800133937,-3.0022190226784953,,,0.15851104299508734,153.0,0.02722373800133937,25.0,0.0
HS85,True,NLC:Nonsmooth,NLC,Nonsmooth,random_post,10,1.0,True,17.0,0.02047641899844166,-3.0022385227379234,0.3004220200018608,224.0,,,0.02047641899844166,17.0,0.0
HS85,True,NLC:Nonsmooth,NLC,Nonsmooth,random_raw,10,1.0,True,13.0,0.018607210997288348,-3.0022410133340713,0.26780963899363996,228.0,,,0.018607210997288348,13.0,0.0
HS87,True,NLC:Nonsmooth,NLC,Nonsmooth,cutest,1,1.0,True,17.0,0.03232356099761091,1.2805923192772798e-05,,,,,0.03232356099761091,17.0,0.0
HS87,True,NLC:Nonsmooth,NLC,Nonsmooth,llm_post,5,1.0,True,17.0,0.022547062999365153,1.2805493621361454e-05,,,0.1501114660022722,85.0,0.022547062999365153,17.0,0.0
HS87,True,NLC:Nonsmooth,NLC,Nonsmooth,llm_raw,5,1.0,True,17.0,0.021431958997709444,1.2805612391376558e-05,,,0.11124978499719873,85.0,0.021431958997709444,17.0,0.0
HS87,True,NLC:Nonsmooth,NLC,Nonsmooth,random_post,10,1.0,True,14.0,0.019865386999299517,1.2794288681664748e-05,0.2583460589958122,162.0,,,0.019865386999299517,14.0,0.0
HS87,True,NLC:Nonsmooth,NLC,Nonsmooth,random_raw,10,1.0,True,14.0,0.017417021001165267,1.2962144275657602e-05,0.2743961359919922,237.0,,,0.017417021001165267,14.0,0.0
HS89,False,NLC:SmoothNLP,NLC,SmoothNLP,cutest,1,1.0,True,3.0,0.0074979499986511655,0.0,,,,,0.0074979499986511655,3.0,0.0
HS89,False,NLC:SmoothNLP,NLC,SmoothNLP,llm_post,5,1.0,True,3.0,0.004473044002224924,0.0,,,0.025362348002090584,15.0,0.004473044002224924,3.0,0.0
HS89,False,NLC:SmoothNLP,NLC,SmoothNLP,llm_raw,5,1.0,True,3.0,0.002961198999400949,0.0,,,0.015824291000171797,15.0,0.002961198999400949,3.0,0.0
HS89,False,NLC:SmoothNLP,NLC,SmoothNLP,random_post,10,1.0,True,1.0,0.10345406499982346,4.833943248513986e+38,1.0802886729943566,10.0,,,0.10345406499982346,1.0,0.0
HS89,False,NLC:SmoothNLP,NLC,SmoothNLP,random_raw,10,1.0,True,1.0,0.10250114199880045,4.833943248513986e+38,1.0650076999991143,10.0,,,0.10250114199880045,1.0,0.0
HS91,False,NLC:SmoothNLP,NLC,SmoothNLP,cutest,1,1.0,True,3.0,0.006887697003548965,0.0,,,,,0.006887697003548965,3.0,0.0
HS91,False,NLC:SmoothNLP,NLC,SmoothNLP,llm_post,5,1.0,True,3.0,0.004550067998934537,0.0,,,0.023689399000431877,15.0,0.004550067998934537,3.0,0.0
HS91,False,NLC:SmoothNLP,NLC,SmoothNLP,llm_raw,5,1.0,True,3.0,0.0029571419981948566,0.0,,,0.015685731996200047,15.0,0.0029571419981948566,3.0,0.0
HS91,False,NLC:SmoothNLP,NLC,SmoothNLP,random_post,10,1.0,True,1.0,0.10460502100249869,4.0389489311946415e+39,1.0575887829982094,10.0,,,0.10460502100249869,1.0,0.0
HS91,False,NLC:SmoothNLP,NLC,SmoothNLP,random_raw,10,1.0,True,1.0,0.10335894099989673,4.0389489311946415e+39,1.06657702099983,10.0,,,0.10335894099989673,1.0,0.0
HS92,False,NLC:SmoothNLP,NLC,SmoothNLP,cutest,1,1.0,True,3.0,0.007162924997828668,1.8488927466117464e-32,,,,,0.007162924997828668,3.0,0.0
HS92,False,NLC:SmoothNLP,NLC,SmoothNLP,llm_post,5,1.0,True,3.0,0.0038521690003108233,0.0,,,0.022888307001267094,15.0,0.0038521690003108233,3.0,0.0
HS92,False,NLC:SmoothNLP,NLC,SmoothNLP,llm_raw,5,1.0,True,3.0,0.003067698999075219,1.617781153285278e-32,,,0.017625437998503912,15.0,0.003067698999075219,3.0,0.0
HS92,False,NLC:SmoothNLP,NLC,SmoothNLP,random_post,10,1.0,True,1.0,0.10614919699946768,5.506481459776468e+39,1.0844581269993796,10.0,,,0.10614919699946768,1.0,0.0
HS92,False,NLC:SmoothNLP,NLC,SmoothNLP,random_raw,10,1.0,True,1.0,0.10677885300174239,5.506481459776468e+39,1.0880549549983698,10.0,,,0.10677885300174239,1.0,0.0
HS93,True,NLC:SmoothNLP,NLC,SmoothNLP,cutest,1,1.0,True,21.0,0.03214264599955641,1.3536362150757496e-05,,,,,0.03214264599955641,21.0,0.0
HS93,True,NLC:SmoothNLP,NLC,SmoothNLP,llm_post,5,1.0,True,21.0,0.026411532002384774,1.3536362150757496e-05,,,0.13538162900294992,105.0,0.026411532002384774,21.0,0.0
HS93,True,NLC:SmoothNLP,NLC,SmoothNLP,llm_raw,5,1.0,True,21.0,0.02590279899959569,1.3536362150757496e-05,,,0.1328249580001284,105.0,0.02590279899959569,21.0,0.0
HS93,True,NLC:SmoothNLP,NLC,SmoothNLP,random_post,10,1.0,True,13.0,0.017840300002717413,2.4805590919536214e-06,0.18996349900771747,130.0,,,0.017840300002717413,13.0,0.0
HS93,True,NLC:SmoothNLP,NLC,SmoothNLP,random_raw,10,1.0,True,1.0,0.10611804600193864,1.5892249321907455e+96,1.1580576349915646,10.0,,,0.10611804600193864,1.0,0.0
HS95,True,NLC:SmoothNLP,NLC,SmoothNLP,cutest,1,1.0,True,10.0,0.02119564899840043,0.023714220969404426,,,,,0.02119564899840043,10.0,0.0
HS95,True,NLC:SmoothNLP,NLC,SmoothNLP,llm_post,5,1.0,True,10.0,0.012291282997466624,0.023435227016139964,,,0.06373511299898382,50.0,0.012291282997466624,10.0,0.0
HS95,True,NLC:SmoothNLP,NLC,SmoothNLP,llm_raw,5,1.0,True,10.0,0.012413185999321286,0.02371341595628621,,,0.06614868199903867,50.0,0.012413185999321286,10.0,0.0
HS95,True,NLC:SmoothNLP,NLC,SmoothNLP,random_post,10,1.0,True,10.0,0.012519259998953203,0.0048141483027073165,0.13342674899467966,102.0,,,0.012519259998953203,10.0,0.0
HS95,True,NLC:SmoothNLP,NLC,SmoothNLP,random_raw,10,1.0,True,10.0,0.012421669998730067,0.0048141483027073165,0.13408742300089216,102.0,,,0.012421669998730067,10.0,0.0
HS99EXP,True,NLC:SmoothNLP,NLC,SmoothNLP,cutest,1,1.0,True,3.0,0.014149323000310687,-2.1844856443529552e-75,,,,,0.014149323000310687,3.0,0.0
HS99EXP,True,NLC:SmoothNLP,NLC,SmoothNLP,llm_post,5,0.0,False,,,,,,1.290900245996454,0.0,60.0,1000000.0,0.0
HS99EXP,True,NLC:SmoothNLP,NLC,SmoothNLP,llm_raw,5,1.0,True,3.0,0.008422386999882292,-2.1844856443529552e-75,,,0.04435059300158173,15.0,0.008422386999882292,3.0,0.0
HS99EXP,True,NLC:SmoothNLP,NLC,SmoothNLP,random_post,10,1.0,True,1.0,0.12061090700080968,-4.92829765633936e+39,1.3061607779964106,13.0,,,0.12061090700080968,1.0,0.0
HS99EXP,True,NLC:SmoothNLP,NLC,SmoothNLP,random_raw,10,1.0,True,1.0,0.12079698500019731,-7.658301757788632e+39,1.2545015119940217,10.0,,,0.12079698500019731,1.0,0.0
HUMPS,False,U:LS,U,LS,cutest,1,1.0,True,234.0,0.032243912002741126,5.030195232467419e-10,,,,,0.032243912002741126,234.0,0.0
HUMPS,False,U:LS,U,LS,llm_post,5,1.0,True,26.0,0.0003746389993466437,1.3559922726787303e-10,,,0.009118277997913538,834.0,0.0003746389993466437,26.0,0.0
HUMPS,False,U:LS,U,LS,llm_raw,5,1.0,True,26.0,0.0004059169987158384,1.3559922726787303e-10,,,0.009399401998962276,834.0,0.0004059169987158384,26.0,0.0
HUMPS,False,U:LS,U,LS,random_post,10,1.0,True,78.0,0.0009129950012720656,8.79813900538041e-11,0.026362675002019387,2406.0,,,0.0009129950012720656,78.0,0.0
HUMPS,False,U:LS,U,LS,random_raw,10,1.0,True,78.0,0.0014974289988458622,8.79813900538041e-11,0.07512204999875394,2406.0,,,0.0014974289988458622,78.0,0.0
HYDROELS,True,LCBSmoothNLP,LCB,SmoothNLP,cutest,1,1.0,True,37.0,1.7645670949968917,-3762300.131823356,,,,,1.7645670949968917,37.0,0.0
HYDROELS,True,LCBSmoothNLP,LCB,SmoothNLP,random_post,10,0.0,False,,,,23.442546835005487,0.0,,,60.0,1000000.0,0.0
HYDROELS,True,LCBSmoothNLP,LCB,SmoothNLP,random_raw,10,0.0,False,,,,26.914133005007898,0.0,,,60.0,1000000.0,0.0
HYPCIR,False,NLC:SmoothNLP,NLC,SmoothNLP,cutest,1,1.0,True,1.0,0.003999676999228541,0.0,,,,,0.003999676999228541,1.0,0.0
HYPCIR,False,NLC:SmoothNLP,NLC,SmoothNLP,llm_post,5,1.0,True,1.0,0.0013535860016418155,0.0,,,0.010434091000206536,5.0,0.0013535860016418155,1.0,0.0
HYPCIR,False,NLC:SmoothNLP,NLC,SmoothNLP,llm_raw,5,1.0,True,1.0,0.001929058002133388,0.0,,,0.010489959004189586,5.0,0.001929058002133388,1.0,0.0
HYPCIR,False,NLC:SmoothNLP,NLC,SmoothNLP,random_post,10,1.0,True,1.0,0.0020558160031214356,0.0,0.022632524003711296,10.0,,,0.0020558160031214356,1.0,0.0
HYPCIR,False,NLC:SmoothNLP,NLC,SmoothNLP,random_raw,10,1.0,True,1.0,0.0011411209998186678,0.0,0.012082781995559344,10.0,,,0.0011411209998186678,1.0,0.0
JENSMP,False,USmoothNLP,U,SmoothNLP,cutest,1,1.0,True,38.0,0.06740498900035163,259.5801754835948,,,,,0.06740498900035163,38.0,0.0
JENSMP,False,USmoothNLP,U,SmoothNLP,llm_post,5,1.0,True,3.0,0.00033595499917282723,124.36218235561486,,,0.005430560995591804,148.0,0.00033595499917282723,3.0,0.0
JENSMP,False,USmoothNLP,U,SmoothNLP,llm_raw,5,1.0,True,3.0,0.00018554000052972697,124.36218235561486,,,0.003424290000111796,148.0,0.00018554000052972697,3.0,0.0
JENSMP,False,USmoothNLP,U,SmoothNLP,random_post,10,1.0,True,1.0,0.0002396930030954536,259.5801754835948,0.011980481998762116,232.0,,,0.0002396930030954536,1.0,0.0
JENSMP,False,USmoothNLP,U,SmoothNLP,random_raw,10,1.0,True,1.0,0.00022450200049206614,259.5801754835948,0.029127364003215916,232.0,,,0.00022450200049206614,1.0,0.6
KOWOSB,False,U:LS,U,LS,cutest,1,1.0,True,32.0,0.10764540300078806,0.0003078009501867874,,,,,0.10764540300078806,32.0,0.0
KOWOSB,False,U:LS,U,LS,llm_post,5,1.0,True,31.0,0.0011585169995669276,0.00030780094676369327,,,0.006251039998460328,168.0,0.0011585169995669276,31.0,0.0
KOWOSB,False,U:LS,U,LS,llm_raw,5,1.0,True,31.0,0.0006969349997234531,0.00030780094676369327,,,0.004680588997871382,168.0,0.0006969349997234531,31.0,0.0
KOWOSB,False,U:LS,U,LS,random_post,10,1.0,True,8.0,0.00028135699903941713,0.005943952860074349,0.005333180000889115,146.0,,,0.00028135699903941713,8.0,0.0
KOWOSB,False,U:LS,U,LS,random_raw,10,1.0,True,8.0,0.00038398299875552766,0.005943952860074349,0.005098692992760334,146.0,,,0.00038398299875552766,8.0,0.0
LAKES,True,NLC:SmoothNLP,NLC,SmoothNLP,cutest,1,1.0,True,9.0,0.02384589799839887,7.11151571513878e-16,,,,,0.02384589799839887,9.0,0.0
LAKES,True,NLC:SmoothNLP,NLC,SmoothNLP,llm_post,5,1.0,True,9.0,0.018659852001292165,2.420324889378012e-15,,,0.1347315270031686,45.0,0.018659852001292165,9.0,0.0
LAKES,True,NLC:SmoothNLP,NLC,SmoothNLP,llm_raw,5,1.0,True,9.0,0.017412058001355035,7.11151571513878e-16,,,0.09089156499976525,45.0,0.017412058001355035,9.0,0.0
LAKES,True,NLC:SmoothNLP,NLC,SmoothNLP,random_post,10,1.0,True,1.0,0.17516674799844623,1.6807418280816853e+41,1.7944174649928755,10.0,,,0.17516674799844623,1.0,0.0
LAKES,True,NLC:SmoothNLP,NLC,SmoothNLP,random_raw,10,1.0,True,1.0,0.17198110800018185,1.6807418280816853e+41,1.7725936199931311,10.0,,,0.17198110800018185,1.0,0.0
LAUNCH,True,NLC:SmoothNLP,NLC,SmoothNLP,cutest,1,1.0,True,21.0,0.913312851000228,4.475120431296295e-06,,,,,0.913312851000228,21.0,0.0
LAUNCH,True,NLC:SmoothNLP,NLC,SmoothNLP,llm_post,5,1.0,True,29.0,0.826912156000617,4.4748497402275295e-06,,,4.228243994002696,145.0,0.826912156000617,29.0,0.0
LAUNCH,True,NLC:SmoothNLP,NLC,SmoothNLP,llm_raw,5,1.0,True,18.0,0.8291625700003351,4.475351038656265e-06,,,4.189741582998977,90.0,0.8291625700003351,18.0,0.0
LAUNCH,True,NLC:SmoothNLP,NLC,SmoothNLP,random_post,10,0.8,True,1.0,0.8345926530018914,1.983359067610459e-05,8.395315099001891,103.0,,,0.8345926530018914,1.0,0.0
LAUNCH,True,NLC:SmoothNLP,NLC,SmoothNLP,random_raw,10,1.0,True,5.0,0.8362086819979595,2.2382775246097695e-05,8.595405354000832,184.0,,,0.8362086819979595,5.0,0.0
LEAKNET,True,NLC:SmoothNLP,NLC,SmoothNLP,cutest,1,1.0,True,285.0,1.5367715159991349,6.96122607752039,,,,,1.5367715159991349,285.0,0.0
LEAKNET,True,NLC:SmoothNLP,NLC,SmoothNLP,llm_post,1,1.0,True,205.0,1.325067461002618,6.961226077520004,,,1.325067461002618,205.0,1.325067461002618,205.0,0.0
LEAKNET,True,NLC:SmoothNLP,NLC,SmoothNLP,llm_raw,1,1.0,True,177.0,1.3038440009986516,6.961226077520286,,,1.3038440009986516,177.0,1.3038440009986516,177.0,0.0
LEAKNET,True,NLC:SmoothNLP,NLC,SmoothNLP,random_post,10,1.0,True,616.0,0.18364540100083104,2.0021542875360993e+18,1.9200298910036508,6352.0,,,0.18364540100083104,616.0,0.0
LEAKNET,True,NLC:SmoothNLP,NLC,SmoothNLP,random_raw,10,1.0,True,318.0,0.17470961500293924,1.2663539231896988e+19,1.845015308001166,4082.0,,,0.17470961500293924,318.0,0.0
LOGHAIRY,False,USmoothNLP,U,SmoothNLP,cutest,1,1.0,True,192.0,0.10651284499908797,0.1823215567939546,,,,,0.10651284499908797,192.0,0.0
LOGHAIRY,False,USmoothNLP,U,SmoothNLP,llm_post,5,1.0,True,192.0,0.00217515699841897,0.1823215567939546,,,0.024460777000058442,1317.0,0.00217515699841897,192.0,0.0
LOGHAIRY,False,USmoothNLP,U,SmoothNLP,llm_raw,5,1.0,True,192.0,0.002144609999959357,0.1823215567939546,,,0.014954168000258505,1317.0,0.002144609999959357,192.0,0.0
LOGHAIRY,False,USmoothNLP,U,SmoothNLP,random_post,10,1.0,True,1.0,0.00010295800166204572,44.47996280129724,0.001336515008006245,10.0,,,0.00010295800166204572,1.0,0.0
LOGHAIRY,False,USmoothNLP,U,SmoothNLP,random_raw,10,1.0,True,1.0,0.0001134590020228643,44.47996280129724,0.001908171998366015,10.0,,,0.0001134590020228643,1.0,0.0
LOOTSMA,True,NLC:SmoothNLP,NLC,SmoothNLP,cutest,1,1.0,True,12.0,0.023915277000924107,1.4163224245283644e-05,,,,,0.023915277000924107,12.0,0.0
LOOTSMA,True,NLC:SmoothNLP,NLC,SmoothNLP,llm_post,5,1.0,True,14.0,0.02029964400207973,9.337517975851974e-06,,,0.14873398599957,76.0,0.02029964400207973,14.0,0.0
LOOTSMA,True,NLC:SmoothNLP,NLC,SmoothNLP,llm_raw,5,1.0,True,13.0,0.019627983998361742,9.49778721991579e-06,,,0.10557201800111216,71.0,0.019627983998361742,13.0,0.0
LOOTSMA,True,NLC:SmoothNLP,NLC,SmoothNLP,random_post,10,1.0,True,43.0,0.051128645998687716,8.902810627664936e-06,0.7235651060072996,637.0,,,0.051128645998687716,43.0,0.0
LOOTSMA,True,NLC:SmoothNLP,NLC,SmoothNLP,random_raw,10,1.0,True,25.0,0.11491116799879819,6.825243484537061e+50,1.197574046003865,262.0,,,0.11491116799879819,25.0,0.0
LOTSCHD,True,LEBSmoothNLP,LEB,SmoothNLP,cutest,1,1.0,True,1.0,0.0018585609977890272,0.0,,,,,0.0018585609977890272,1.0,0.0
LOTSCHD,True,LEBSmoothNLP,LEB,SmoothNLP,llm_post,5,1.0,True,2.0,0.00015317499855882488,8.238772641334064e-22,,,0.0009372010026709177,10.0,0.00015317499855882488,2.0,0.0
LOTSCHD,True,LEBSmoothNLP,LEB,SmoothNLP,llm_raw,5,1.0,True,1.0,0.0002128470005118288,0.0,,,0.001502277002146002,7.0,0.0002128470005118288,1.0,0.0
LOTSCHD,True,LEBSmoothNLP,LEB,SmoothNLP,random_post,10,1.0,True,2.0,0.0003286240025772713,6.616261943021692e-21,0.0038703450045431964,20.0,,,0.0003286240025772713,2.0,0.0
LOTSCHD,True,LEBSmoothNLP,LEB,SmoothNLP,random_raw,10,1.0,True,1.0,0.11289702400245005,7.007242887213841e+39,1.1659337649980444,10.0,,,0.11289702400245005,1.0,0.0
MADSEN,False,NLC:SmoothNLP,NLC,SmoothNLP,cutest,1,0.0,False,,,,,,,,60.0,1000000.0,0.0
MADSEN,False,NLC:SmoothNLP,NLC,SmoothNLP,llm_post,5,0.0,False,,,,,,2.348151839003549,0.0,60.0,1000000.0,0.0
MADSEN,False,NLC:SmoothNLP,NLC,SmoothNLP,llm_raw,5,0.0,False,,,,,,2.4399304469989147,0.0,60.0,1000000.0,0.0
MADSEN,False,NLC:SmoothNLP,NLC,SmoothNLP,random_post,10,1.0,True,1.0,0.08627952499955427,-9.002970758536035e+19,0.9462011410032574,10.0,,,0.08627952499955427,1.0,0.0
MADSEN,False,NLC:SmoothNLP,NLC,SmoothNLP,random_raw,10,1.0,True,1.0,0.08579194299818482,-9.002970758536035e+19,0.9680530599944177,10.0,,,0.08579194299818482,1.0,0.0
MAKELA1,False,NLC:SmoothNLP,NLC,SmoothNLP,cutest,1,0.0,False,,,,,,,,60.0,1000000.0,0.0
MAKELA1,False,NLC:SmoothNLP,NLC,SmoothNLP,llm_post,5,0.0,False,,,,,,2.4781092410012207,0.0,60.0,1000000.0,0.0
MAKELA1,False,NLC:SmoothNLP,NLC,SmoothNLP,llm_raw,5,0.0,False,,,,,,2.3461174399999436,0.0,60.0,1000000.0,0.0
MAKELA1,False,NLC:SmoothNLP,NLC,SmoothNLP,random_post,10,1.0,True,1.0,0.08585830299853114,-9.002970758536035e+19,0.9257376469977316,10.0,,,0.08585830299853114,1.0,0.0
MAKELA1,False,NLC:SmoothNLP,NLC,SmoothNLP,random_raw,10,1.0,True,1.0,0.08521220699913101,-9.002970758536035e+19,0.9065316090054694,10.0,,,0.08521220699913101,1.0,0.0
MAKELA2,False,NLC:SmoothNLP,NLC,SmoothNLP,cutest,1,0.0,False,,,,,,,,60.0,1000000.0,0.0
MAKELA2,False,NLC:SmoothNLP,NLC,SmoothNLP,llm_post,5,0.0,False,,,,,,2.416137201998936,0.0,60.0,1000000.0,0.0
MAKELA2,False,NLC:SmoothNLP,NLC,SmoothNLP,llm_raw,5,0.0,False,,,,,,2.357399364998855,0.0,60.0,1000000.0,0.0
MAKELA2,False,NLC:SmoothNLP,NLC,SmoothNLP,random_post,10,1.0,True,1.0,0.08440101400265121,-9.002970758536035e+19,0.9139487780012132,10.0,,,0.08440101400265121,1.0,0.0
MAKELA2,False,NLC:SmoothNLP,NLC,SmoothNLP,random_raw,10,1.0,True,1.0,0.08482392800215166,-9.002970758536035e+19,0.9382475140009774,10.0,,,0.08482392800215166,1.0,0.0
MAKELA4,False,LCBSmoothNLP,LCB,SmoothNLP,cutest,1,0.0,False,,,,,,,,60.0,1000000.0,0.0
MAKELA4,False,LCBSmoothNLP,LCB,SmoothNLP,llm_post,5,0.0,False,,,,,,2.5478917290020036,0.0,60.0,1000000.0,0.0
MAKELA4,False,LCBSmoothNLP,LCB,SmoothNLP,llm_raw,5,0.0,False,,,,,,2.5067604730029416,0.0,60.0,1000000.0,0.0
MAKELA4,False,LCBSmoothNLP,LCB,SmoothNLP,random_post,10,1.0,True,1.0,0.09733026899994002,3.40636045257664e+19,1.0450492889976886,10.0,,,0.09733026899994002,1.0,0.0
MAKELA4,False,LCBSmoothNLP,LCB,SmoothNLP,random_raw,10,1.0,True,1.0,0.10002702700148802,-9.771343965008991e+19,1.059955060001812,10.0,,,0.10002702700148802,1.0,0.0
MARATOS,False,NLC:SmoothNLP,NLC,SmoothNLP,cutest,1,1.0,True,9.0,0.01503575500100851,-250000.000001,,,,,0.01503575500100851,9.0,0.0
MARATOS,False,NLC:SmoothNLP,NLC,SmoothNLP,llm_post,5,1.0,True,9.0,0.009356901002320228,-250000.000001,,,0.0503064170043217,45.0,0.009356901002320228,9.0,0.0
MARATOS,False,NLC:SmoothNLP,NLC,SmoothNLP,llm_raw,5,1.0,True,9.0,0.0081967469996016,-250000.000001,,,0.04356028700203751,45.0,0.0081967469996016,9.0,0.0
MARATOS,False,NLC:SmoothNLP,NLC,SmoothNLP,random_post,10,1.0,True,20.0,0.019495941000059247,-250000.000001,0.24699675100055174,211.0,,,0.019495941000059247,20.0,0.0
MARATOS,False,NLC:SmoothNLP,NLC,SmoothNLP,random_raw,10,1.0,True,1.0,0.08254205099729006,4.496191591369555e+32,0.8560912080029084,10.0,,,0.08254205099729006,1.0,0.0
MARATOSB,False,USmoothNLP,U,SmoothNLP,cutest,1,0.0,False,,,,,,,,60.0,1000000.0,0.0
MARATOSB,False,USmoothNLP,U,SmoothNLP,llm_post,5,0.0,False,,,,,,0.10755286799758323,0.0,60.0,1000000.0,0.0
MARATOSB,False,USmoothNLP,U,SmoothNLP,llm_raw,5,0.0,False,,,,,,0.08877810599733493,0.0,60.0,1000000.0,0.0
MARATOSB,False,USmoothNLP,U,SmoothNLP,random_post,10,0.2,True,520.0,0.013134781998815015,-1.0000000624999923,0.15298265899764374,1056.0,,,0.013134781998815015,520.0,0.0
MARATOSB,False,USmoothNLP,U,SmoothNLP,random_raw,10,0.2,True,520.0,0.013157612000213703,-1.0000000624999923,0.1798166169974138,1056.0,,,0.013157612000213703,520.0,0.0
MDHOLE,True,BSmoothNLP,B,SmoothNLP,cutest,1,1.0,True,108.0,0.1202876749994175,2.359264181874364e-31,,,,,0.1202876749994175,108.0,0.0
MDHOLE,True,BSmoothNLP,B,SmoothNLP,llm_post,5,1.0,True,11.0,0.0005210660019656643,6.506784409767657e-35,,,0.013501119003194617,422.0,0.0005210660019656643,11.0,0.0
MDHOLE,True,BSmoothNLP,B,SmoothNLP,llm_raw,5,1.0,True,11.0,0.0005160040018381551,6.506784409767657e-35,,,0.014278562004619744,422.0,0.0005160040018381551,11.0,0.0
MDHOLE,True,BSmoothNLP,B,SmoothNLP,random_post,10,1.0,True,10.0,0.0005504510008904617,5.033403776959574e+16,0.007854570998460986,158.0,,,0.0005504510008904617,10.0,0.0
MDHOLE,True,BSmoothNLP,B,SmoothNLP,random_raw,10,1.0,True,10.0,0.0003181770007358864,5.033403776959574e+16,0.006873578007798642,158.0,,,0.0003181770007358864,10.0,0.0
MESH,True,NLC:SmoothNLP,NLC,SmoothNLP,cutest,1,1.0,True,77.0,0.20305329300026642,-1.0000000000000003e+37,,,,,0.20305329300026642,77.0,0.0
MESH,True,NLC:SmoothNLP,NLC,SmoothNLP,llm_post,5,1.0,True,77.0,0.18764133900185698,-1.0000000000000003e+37,,,0.9911470250044658,385.0,0.18764133900185698,77.0,0.0
MESH,True,NLC:SmoothNLP,NLC,SmoothNLP,llm_raw,5,1.0,True,77.0,0.19014410100135137,-1.0000000000000003e+37,,,0.9579172400008247,385.0,0.19014410100135137,77.0,0.0
MESH,True,NLC:SmoothNLP,NLC,SmoothNLP,random_post,10,1.0,True,35.0,0.11792698999852291,-4.625831414283168e+36,1.3584667119976075,1769.0,,,0.11792698999852291,35.0,0.0
MESH,True,NLC:SmoothNLP,NLC,SmoothNLP,random_raw,10,1.0,True,1.0,0.11850698899797862,-4.625831414283168e+36,1.3724195510003483,4316.0,,,0.11850698899797862,1.0,0.0
METHANL8,False,NLC:SmoothNLP,NLC,SmoothNLP,cutest,1,1.0,True,1.0,0.0048337439984607045,0.0,,,,,0.0048337439984607045,1.0,0.0
METHANL8,False,NLC:SmoothNLP,NLC,SmoothNLP,llm_post,5,1.0,True,1.0,0.001340871000138577,0.0,,,0.007788049999362556,5.0,0.001340871000138577,1.0,0.0
METHANL8,False,NLC:SmoothNLP,NLC,SmoothNLP,llm_raw,5,1.0,True,1.0,0.0014307989986264147,0.0,,,0.008651205997011857,5.0,0.0014307989986264147,1.0,0.0
METHANL8,False,NLC:SmoothNLP,NLC,SmoothNLP,random_post,10,1.0,True,1.0,0.0013730489990848582,0.0,0.017860986987216165,10.0,,,0.0013730489990848582,1.0,0.0
METHANL8,False,NLC:SmoothNLP,NLC,SmoothNLP,random_raw,10,1.0,True,1.0,0.0011463289993116632,0.0,0.014281956995546352,10.0,,,0.0011463289993116632,1.0,0.0
MEXHAT,False,USmoothNLP,U,SmoothNLP,cutest,1,1.0,True,67.0,0.09553764199881698,-0.04001,,,,,0.09553764199881698,67.0,0.0
MEXHAT,False,USmoothNLP,U,SmoothNLP,llm_post,5,0.2,True,67.0,0.0008801669973763637,-0.04001,,,0.00204941399715608,67.0,0.0008801669973763637,67.0,0.0
MEXHAT,False,USmoothNLP,U,SmoothNLP,llm_raw,5,0.2,True,67.0,0.0008674109994899482,-0.04001,,,0.0021033320044807624,67.0,0.0008674109994899482,67.0,0.0
MEXHAT,False,USmoothNLP,U,SmoothNLP,random_post,10,0.3,True,242.0,0.002540664001571713,4.071850842992604e+44,0.023760696003591875,773.0,,,0.002540664001571713,242.0,0.0
MEXHAT,False,USmoothNLP,U,SmoothNLP,random_raw,10,0.3,True,242.0,0.0037343330004659947,4.071850842992604e+44,0.02337961900047958,773.0,,,0.0037343330004659947,242.0,0.0
MIFFLIN2,False,NLC:SmoothNLP,NLC,SmoothNLP,cutest,1,0.0,False,,,,,,,,60.0,1000000.0,0.0
MIFFLIN2,False,NLC:SmoothNLP,NLC,SmoothNLP,llm_post,5,0.0,False,,,,,,2.366927481994935,0.0,60.0,1000000.0,0.0
MIFFLIN2,False,NLC:SmoothNLP,NLC,SmoothNLP,llm_raw,5,0.0,False,,,,,,2.4719042379983875,0.0,60.0,1000000.0,0.0
MIFFLIN2,False,NLC:SmoothNLP,NLC,SmoothNLP,random_post,10,1.0,True,1.0,0.08371885500309872,-9.002970758536035e+19,0.917707241998869,10.0,,,0.08371885500309872,1.0,0.0
MIFFLIN2,False,NLC:SmoothNLP,NLC,SmoothNLP,random_raw,10,1.0,True,1.0,0.08376223999948706,-9.002970758536035e+19,0.9387336630097707,10.0,,,0.08376223999948706,1.0,0.0
MISTAKE,True,NLC:SmoothNLP,NLC,SmoothNLP,cutest,1,0.0,False,,,,,,,,60.0,1000000.0,0.0
MISTAKE,True,NLC:SmoothNLP,NLC,SmoothNLP,llm_post,5,0.0,False,,,,,,1.2718429319975257,0.0,60.0,1000000.0,0.0
MISTAKE,True,NLC:SmoothNLP,NLC,SmoothNLP,llm_raw,5,0.0,False,,,,,,1.3872356660067453,0.0,60.0,1000000.0,0.0
MISTAKE,True,NLC:SmoothNLP,NLC,SmoothNLP,random_post,10,0.0,False,,,,2.0036666719897767,0.0,,,60.0,1000000.0,0.0
MISTAKE,True,NLC:SmoothNLP,NLC,SmoothNLP,random_raw,10,1.0,True,1.0,0.10868315900006564,-6.002450823491014e+39,1.1922217849896697,10.0,,,0.10868315900006564,1.0,0.0
MSS1,False,NLC:SmoothNLP,NLC,SmoothNLP,cutest,1,0.0,False,,,,,,,,60.0,1000000.0,0.0
MSS1,False,NLC:SmoothNLP,NLC,SmoothNLP,llm_post,5,0.0,False,,,,,,1.5990974009982892,0.0,60.0,1000000.0,0.0
MSS1,False,NLC:SmoothNLP,NLC,SmoothNLP,llm_raw,5,0.0,False,,,,,,1.6773584650036355,0.0,60.0,1000000.0,0.0
MSS1,False,NLC:SmoothNLP,NLC,SmoothNLP,random_post,10,0.0,False,,,,8.333873216997745,0.0,,,60.0,1000000.0,0.0
MSS1,False,NLC:SmoothNLP,NLC,SmoothNLP,random_raw,10,1.0,True,1.0,0.1714954070012027,-5.954974700475576e+41,1.794165162002173,10.0,,,0.1714954070012027,1.0,0.0
MWRIGHT,False,NLC:SmoothNLP,NLC,SmoothNLP,cutest,1,1.0,True,53.0,0.06462757999906898,8.505391646631058e-10,,,,,0.06462757999906898,53.0,0.0
MWRIGHT,False,NLC:SmoothNLP,NLC,SmoothNLP,llm_post,5,0.2,True,42.0,0.048593898998660734,4.434270849781187e-10,,,1.6934500439965632,42.0,0.048593898998660734,42.0,0.0
MWRIGHT,False,NLC:SmoothNLP,NLC,SmoothNLP,llm_raw,5,0.4,True,53.0,0.059023755999078276,-3.698828936366513e+60,,,1.0454608580002969,171.0,0.059023755999078276,53.0,0.0
MWRIGHT,False,NLC:SmoothNLP,NLC,SmoothNLP,random_post,10,1.0,True,1.0,0.1088047369994456,3.511505354578285e+77,1.1910143820023222,1318.0,,,0.1088047369994456,1.0,0.0
MWRIGHT,False,NLC:SmoothNLP,NLC,SmoothNLP,random_raw,10,1.0,True,1.0,0.10425599900190718,1.3294997158205636e+78,1.0650231000036001,10.0,,,0.10425599900190718,1.0,0.0
NET1,True,NLC:Nonsmooth,NLC,Nonsmooth,cutest,1,0.0,False,,,,,,,,60.0,1000000.0,0.0
NET1,True,NLC:Nonsmooth,NLC,Nonsmooth,llm_post,5,0.0,False,,,,,,3.0347169619999477,0.0,60.0,1000000.0,0.0
NET1,True,NLC:Nonsmooth,NLC,Nonsmooth,llm_raw,5,0.0,False,,,,,,3.041228107005736,0.0,60.0,1000000.0,0.0
NET1,True,NLC:Nonsmooth,NLC,Nonsmooth,random_post,10,0.9,True,169.0,0.13159987900144188,-2.074844119933022e+23,2.2360663949984882,5550.0,,,0.13159987900144188,169.0,0.0
NET1,True,NLC:Nonsmooth,NLC,Nonsmooth,random_raw,10,1.0,True,151.0,0.13278843499938375,-2.074844119933022e+23,1.937739346001763,5176.0,,,0.13278843499938375,151.0,0.0
NET2,True,NLC:Nonsmooth,NLC,Nonsmooth,cutest,1,1.0,True,7.0,6.821303913999145,-1326414636.8902352,,,,,6.821303913999145,7.0,0.0
NET2,True,NLC:Nonsmooth,NLC,Nonsmooth,llm_post,1,0.0,False,,,,,,0.7760784719976073,0.0,60.0,1000000.0,0.0
NET2,True,NLC:Nonsmooth,NLC,Nonsmooth,llm_raw,1,0.0,False,,,,,,0.8374529760003497,0.0,60.0,1000000.0,0.0
NET2,True,NLC:Nonsmooth,NLC,Nonsmooth,random_post,10,0.9,True,215.0,0.40113514800032135,-3.452397973580082e+23,10.695033417996456,6651.0,,,0.40113514800032135,215.0,0.0
NET2,True,NLC:Nonsmooth,NLC,Nonsmooth,random_raw,10,0.9,True,240.0,0.30360614800156327,-3.452397973580082e+23,10.479003521999402,6439.0,,,0.30360614800156327,240.0,0.0
NYSTROM5,False,NLC:SmoothNLP,NLC,SmoothNLP,cutest,1,1.0,True,1.0,0.005019399999582674,0.0,,,,,0.005019399999582674,1.0,0.0
NYSTROM5,False,NLC:SmoothNLP,NLC,SmoothNLP,llm_post,5,1.0,True,1.0,0.0016457509991596453,0.0,,,0.008773786001256667,5.0,0.0016457509991596453,1.0,0.0
NYSTROM5,False,NLC:SmoothNLP,NLC,SmoothNLP,llm_raw,5,1.0,True,1.0,0.0012872739971498959,0.0,,,0.006631028001720551,5.0,0.0012872739971498959,1.0,0.0
NYSTROM5,False,NLC:SmoothNLP,NLC,SmoothNLP,random_post,10,1.0,True,1.0,0.0012824820005334914,0.0,0.013880497004720382,10.0,,,0.0012824820005334914,1.0,0.0
NYSTROM5,False,NLC:SmoothNLP,NLC,SmoothNLP,random_raw,10,1.0,True,1.0,0.0011021689970220905,0.0,0.012938882999151247,10.0,,,0.0011021689970220905,1.0,0.0
ODFITS,True,LEBSmoothNLP,LEB,SmoothNLP,cutest,1,1.0,True,1.0,0.0017522139969514683,-2716.866666678,,,,,0.0017522139969514683,1.0,0.0
ODFITS,True,LEBSmoothNLP,LEB,SmoothNLP,llm_post,5,1.0,True,87.0,0.0015219960005197208,-2716.8666666779995,,,0.012369334002869437,435.0,0.0015219960005197208,87.0,0.0
ODFITS,True,LEBSmoothNLP,LEB,SmoothNLP,llm_raw,5,1.0,True,1.0,0.00010889099939959124,-2716.866666678,,,0.0006091619979997631,5.0,0.00010889099939959124,1.0,0.0
ODFITS,True,LEBSmoothNLP,LEB,SmoothNLP,random_post,10,1.0,True,1.0,0.00016062400027294643,2.680247314892566e+21,0.0020424819995241705,54.0,,,0.00016062400027294643,1.0,0.0
ODFITS,True,LEBSmoothNLP,LEB,SmoothNLP,random_raw,10,1.0,True,1.0,0.00013909300105297007,5.739485071513116e+21,0.0018052220038953237,12.0,,,0.00013909300105297007,1.0,0.0
ORTHREGB,False,NLC:SmoothNLP,NLC,SmoothNLP,cutest,1,1.0,True,1.0,0.005236909000814194,0.0,,,,,0.005236909000814194,1.0,0.0
ORTHREGB,False,NLC:SmoothNLP,NLC,SmoothNLP,llm_post,5,1.0,True,3.0,0.003679077999549918,0.0,,,0.025608087995351525,15.0,0.003679077999549918,3.0,0.0
ORTHREGB,False,NLC:SmoothNLP,NLC,SmoothNLP,llm_raw,5,1.0,True,1.0,0.0012151289993198588,0.0,,,0.00633371799995075,5.0,0.0012151289993198588,1.0,0.0
ORTHREGB,False,NLC:SmoothNLP,NLC,SmoothNLP,random_post,10,1.0,True,1.0,0.12217604799661785,2.342332018041682e+38,1.3192737589961325,10.0,,,0.12217604799661785,1.0,0.0
ORTHREGB,False,NLC:SmoothNLP,NLC,SmoothNLP,random_raw,10,1.0,True,1.0,0.12304954600040219,4.571081270741666e+40,1.2669247909907426,10.0,,,0.12304954600040219,1.0,0.0
OSBORNEA,False,U:LS,U,LS,cutest,1,1.0,True,3.0,0.0014056440013519023,0.8790262935446401,,,,,0.0014056440013519023,3.0,0.0
OSBORNEA,False,U:LS,U,LS,llm_post,5,0.6,True,3.0,0.000297030001092935,0.6806797018429602,,,0.0037258370030031074,28.0,0.000297030001092935,3.0,0.0
OSBORNEA,False,U:LS,U,LS,llm_raw,5,0.6,True,3.0,0.0002946109998447355,0.6806797018429602,,,0.003972925998823484,28.0,0.0002946109998447355,3.0,0.0
OSBORNEA,False,U:LS,U,LS,random_post,10,0.9,True,3.0,0.0003048569997190498,0.8790262935446401,0.011659872998279752,40.0,,,0.0003048569997190498,3.0,0.0
OSBORNEA,False,U:LS,U,LS,random_raw,10,0.9,True,3.0,0.00019549200078472495,0.8790262935446401,0.10667784000543179,40.0,,,0.00019549200078472495,3.0,0.7
PALMER1B,True,B:LS,B,LS,cutest,1,1.0,True,55.0,0.042945096000039484,3.4473546305350213,,,,,0.042945096000039484,55.0,0.0
PALMER1B,True,B:LS,B,LS,llm_post,5,1.0,True,50.0,0.0010868019999179523,3.4473546305350062,,,0.00903409500097041,284.0,0.0010868019999179523,50.0,0.0
PALMER1B,True,B:LS,B,LS,llm_raw,5,1.0,True,50.0,0.001237429998582229,3.4473546305350062,,,0.01492431099541136,284.0,0.001237429998582229,50.0,0.0
PALMER1B,True,B:LS,B,LS,random_post,10,1.0,True,8.0,0.0004324750007071998,39941.89096950095,0.013145054006599821,80.0,,,0.0004324750007071998,8.0,0.0
PALMER1B,True,B:LS,B,LS,random_raw,10,1.0,True,8.0,0.00043457099673105404,39941.89096950095,0.009027542000694666,80.0,,,0.00043457099673105404,8.0,0.0
PALMER2A,True,B:LS,B,LS,cutest,1,1.0,True,164.0,0.053716195001470624,0.01710971702703956,,,,,0.053716195001470624,164.0,0.0
PALMER2A,True,B:LS,B,LS,llm_post,5,1.0,True,162.0,0.0030580620004911907,0.01710971702703956,,,0.018712651999521768,880.0,0.0030580620004911907,162.0,0.0
PALMER2A,True,B:LS,B,LS,llm_raw,5,1.0,True,162.0,0.002808867000567261,0.01710971702703956,,,0.01687946000311058,880.0,0.002808867000567261,162.0,0.0
PALMER2A,True,B:LS,B,LS,random_post,10,1.0,True,24.0,0.0006649969982390758,5.381826486510744,0.020366517994261812,296.0,,,0.0006649969982390758,24.0,0.0
PALMER2A,True,B:LS,B,LS,random_raw,10,1.0,True,24.0,0.0005844139996042941,5.381826486510744,0.016603354994003894,296.0,,,0.0005844139996042941,24.0,0.0
PALMER2C,False,USmoothNLP,U,SmoothNLP,cutest,1,1.0,True,383.0,0.043441181998787215,0.014368888439895148,,,,,0.043441181998787215,383.0,0.0
PALMER2C,False,USmoothNLP,U,SmoothNLP,llm_post,5,0.2,True,383.0,0.00783601699731662,0.014368888439895148,,,0.058344021996163065,383.0,0.00783601699731662,383.0,0.0
PALMER2C,False,USmoothNLP,U,SmoothNLP,llm_raw,5,0.2,True,383.0,0.006423574999644188,0.014368888439895148,,,0.05236543499995605,383.0,0.006423574999644188,383.0,0.0
PALMER2C,False,USmoothNLP,U,SmoothNLP,random_post,10,0.0,False,,,,0.14109117699990747,0.0,,,60.0,1000000.0,0.0
PALMER2C,False,USmoothNLP,U,SmoothNLP,random_raw,10,0.0,False,,,,0.16108716399685363,0.0,,,60.0,1000000.0,0.0
PALMER3,True,B:LS,B,LS,cutest,1,1.0,True,48.0,0.040697520002140664,2319.130639102698,,,,,0.040697520002140664,48.0,0.0
PALMER3,True,B:LS,B,LS,llm_post,5,1.0,True,32.0,0.0007531239971285686,2265.958218263063,,,0.01584568199905334,408.0,0.0007531239971285686,32.0,0.0
PALMER3,True,B:LS,B,LS,llm_raw,5,1.0,True,32.0,0.0007359650007856544,2265.958218263063,,,0.016002974000002723,408.0,0.0007359650007856544,32.0,0.0
PALMER3,True,B:LS,B,LS,random_post,10,1.0,True,4.0,0.00018906900004367344,2425.5425354433837,0.002261941001052037,40.0,,,0.00018906900004367344,4.0,0.0
PALMER3,True,B:LS,B,LS,random_raw,10,1.0,True,4.0,0.00018587200247566216,2425.5425354433837,0.002447476002998883,40.0,,,0.00018587200247566216,4.0,0.0
PALMER3A,True,B:LS,B,LS,cutest,1,1.0,True,173.0,0.052876113000820624,0.020431422977766383,,,,,0.052876113000820624,173.0,0.0
PALMER3A,True,B:LS,B,LS,llm_post,5,1.0,True,159.0,0.0031854650005698204,0.020431422977755964,,,0.01763060100347502,847.0,0.0031854650005698204,159.0,0.0
PALMER3A,True,B:LS,B,LS,llm_raw,5,1.0,True,159.0,0.0033236039998882916,0.020431422977755964,,,0.02022701999885612,847.0,0.0033236039998882916,159.0,0.0
PALMER3A,True,B:LS,B,LS,random_post,10,1.0,True,23.0,0.0005944460026512388,4.55589139610129,0.007795344998157816,311.0,,,0.0005944460026512388,23.0,0.0
PALMER3A,True,B:LS,B,LS,random_raw,10,1.0,True,23.0,0.0005911970001761802,4.55589139610129,0.008822094001516234,311.0,,,0.0005911970001761802,23.0,0.0
PALMER3B,True,B:LS,B,LS,cutest,1,1.0,True,30.0,0.09469707899916102,4.227647252563102,,,,,0.09469707899916102,30.0,0.0
PALMER3B,True,B:LS,B,LS,llm_post,5,1.0,True,29.0,0.0006253950014070142,4.22764725256289,,,0.0036741390031238552,170.0,0.0006253950014070142,29.0,0.0
PALMER3B,True,B:LS,B,LS,llm_raw,5,1.0,True,29.0,0.0006171450004330836,4.22764725256289,,,0.0036580460000550374,170.0,0.0006171450004330836,29.0,0.0
PALMER3B,True,B:LS,B,LS,random_post,10,1.0,True,8.0,0.0002309219999006018,139.7652405438564,0.002605735993711278,80.0,,,0.0002309219999006018,8.0,0.0
PALMER3B,True,B:LS,B,LS,random_raw,10,1.0,True,8.0,0.000257376999797998,139.7652405438564,0.0038190920022316277,80.0,,,0.000257376999797998,8.0,0.0
PALMER3C,False,USmoothNLP,U,SmoothNLP,cutest,1,1.0,True,336.0,0.04689557300298475,0.019537638237262765,,,,,0.04689557300298475,336.0,0.0
PALMER3C,False,USmoothNLP,U,SmoothNLP,llm_post,5,0.2,True,336.0,0.008878208001988241,0.019537638237262765,,,0.08690519199808477,336.0,0.008878208001988241,336.0,0.0
PALMER3C,False,USmoothNLP,U,SmoothNLP,llm_raw,5,0.2,True,336.0,0.011817512000561692,0.019537638237262765,,,0.08763560499937739,336.0,0.011817512000561692,336.0,0.0
PALMER3C,False,USmoothNLP,U,SmoothNLP,random_post,10,0.1,True,593.0,0.01742313400245621,0.019537638081800777,0.1964060890059045,593.0,,,0.01742313400245621,593.0,0.0
PALMER3C,False,USmoothNLP,U,SmoothNLP,random_raw,10,0.1,True,593.0,0.03190934099984588,0.019537638081800777,0.1771129010048753,593.0,,,0.03190934099984588,593.0,0.0
PALMER3E,True,B:LS,B,LS,cutest,1,1.0,True,374.0,0.04538267099997029,5.074140275117873e-05,,,,,0.04538267099997029,374.0,0.0
PALMER3E,True,B:LS,B,LS,llm_post,5,1.0,True,362.0,0.008063214998401236,5.0740833199794395e-05,,,0.06067922599686426,2180.0,0.008063214998401236,362.0,0.0
PALMER3E,True,B:LS,B,LS,llm_raw,5,1.0,True,362.0,0.007670537001104094,5.0740833199794395e-05,,,0.04744042199672549,2180.0,0.007670537001104094,362.0,0.0
PALMER3E,True,B:LS,B,LS,random_post,10,1.0,True,132.0,0.003895803998602787,0.07086748831072402,0.05780626699925051,2029.0,,,0.003895803998602787,132.0,0.0
PALMER3E,True,B:LS,B,LS,random_raw,10,1.0,True,132.0,0.0031956509992596693,0.07086748831072402,0.0720739149946894,2029.0,,,0.0031956509992596693,132.0,0.0
PALMER4,True,B:LS,B,LS,cutest,1,1.0,True,45.0,0.09034828299991204,2327.885841312605,,,,,0.09034828299991204,45.0,0.0
PALMER4,True,B:LS,B,LS,llm_post,5,1.0,True,22.0,0.0005094240004837047,2327.8858091277934,,,0.00473751500248909,247.0,0.0005094240004837047,22.0,0.0
PALMER4,True,B:LS,B,LS,llm_raw,5,1.0,True,22.0,0.000538394000614062,2327.8858091277934,,,0.009176054001727607,247.0,0.000538394000614062,22.0,0.0
PALMER4,True,B:LS,B,LS,random_post,10,1.0,True,4.0,0.00017477500296081416,2433.335370430432,0.002086442011204781,40.0,,,0.00017477500296081416,4.0,0.0
PALMER4,True,B:LS,B,LS,random_raw,10,1.0,True,4.0,0.00018368800010648556,2433.335370430432,0.002350468006625306,40.0,,,0.00018368800010648556,4.0,0.0
PALMER4B,True,B:LS,B,LS,cutest,1,1.0,True,43.0,0.06430814700070187,6.835138602001427,,,,,0.06430814700070187,43.0,0.0
PALMER4B,True,B:LS,B,LS,llm_post,5,0.8,True,40.0,0.0008208660001400858,6.8351386020014155,,,0.004007144998467993,164.0,0.0008208660001400858,40.0,0.0
PALMER4B,True,B:LS,B,LS,llm_raw,5,0.8,True,40.0,0.0008721510021132417,6.8351386020014155,,,0.004325922003772575,164.0,0.0008721510021132417,40.0,0.0
PALMER4B,True,B:LS,B,LS,random_post,10,1.0,True,8.0,0.00023678600337007083,126.14824333742284,0.0032547730006626807,80.0,,,0.00023678600337007083,8.0,0.0
PALMER4B,True,B:LS,B,LS,random_raw,10,1.0,True,8.0,0.0002355720025661867,126.14824333742284,0.004931824005325325,80.0,,,0.0002355720025661867,8.0,0.0
PALMER4C,False,USmoothNLP,U,SmoothNLP,cutest,1,1.0,True,472.0,0.1215145019996271,0.0503106948533354,,,,,0.1215145019996271,472.0,0.0
PALMER4C,False,USmoothNLP,U,SmoothNLP,llm_post,5,0.4,True,418.0,0.007275512001797324,0.0503106948533354,,,0.077453323003283,890.0,0.007275512001797324,418.0,0.0
PALMER4C,False,USmoothNLP,U,SmoothNLP,llm_raw,5,0.4,True,418.0,0.013580161998106632,0.0503106948533354,,,0.09259638900039135,890.0,0.013580161998106632,418.0,0.0
PALMER4C,False,USmoothNLP,U,SmoothNLP,random_post,10,0.0,False,,,,0.1898100729995349,0.0,,,60.0,1000000.0,0.0
PALMER4C,False,USmoothNLP,U,SmoothNLP,random_raw,10,0.0,False,,,,0.19043211900134338,0.0,,,60.0,1000000.0,0.0
PALMER4E,True,B:LS,B,LS,cutest,1,1.0,True,375.0,0.07154614200044307,0.00014800422966286403,,,,,0.07154614200044307,375.0,0.0
PALMER4E,True,B:LS,B,LS,llm_post,5,1.0,True,332.0,0.005963558000075864,0.0001480042295367249,,,0.06433381800161442,1950.0,0.005963558000075864,332.0,0.0
PALMER4E,True,B:LS,B,LS,llm_raw,5,1.0,True,332.0,0.007620031999977073,0.0001480042295367249,,,0.05748781800866709,1950.0,0.007620031999977073,332.0,0.0
PALMER4E,True,B:LS,B,LS,random_post,10,1.0,True,141.0,0.0038842799986014143,0.18837988862460292,0.08666972200444434,2212.0,,,0.0038842799986014143,141.0,0.0
PALMER4E,True,B:LS,B,LS,random_raw,10,1.0,True,141.0,0.0037294200010364875,0.18837988862460292,0.07381004800117807,2212.0,,,0.0037294200010364875,141.0,0.0
PALMER5B,True,B:LS,B,LS,cutest,1,0.0,False,,,,,,,,60.0,1000000.0,0.0
PALMER5B,True,B:LS,B,LS,llm_post,5,0.2,True,203.0,0.003961333000916056,0.028565491403929912,,,0.0765430360006576,203.0,0.003961333000916056,203.0,0.0
PALMER5B,True,B:LS,B,LS,llm_raw,5,0.2,True,203.0,0.00784366600055364,0.028565491403929912,,,0.0796101549967716,203.0,0.00784366600055364,203.0,0.0
PALMER5B,True,B:LS,B,LS,random_post,10,1.0,True,181.0,0.004043136999825947,0.028565491175376663,0.07297475699306233,2541.0,,,0.004043136999825947,181.0,0.0
PALMER5B,True,B:LS,B,LS,random_raw,10,1.0,True,181.0,0.003938915000617271,0.028565491175376663,0.06475030599540332,2541.0,,,0.003938915000617271,181.0,0.0
PALMER5C,False,U:LS,U,LS,cutest,1,1.0,True,14.0,0.0599856879998697,2.1280866660235893,,,,,0.0599856879998697,14.0,0.0
PALMER5C,False,U:LS,U,LS,llm_post,5,1.0,True,14.0,0.0003777759993681684,2.128086666023495,,,0.0020241780039214063,70.0,0.0003777759993681684,14.0,0.0
PALMER5C,False,U:LS,U,LS,llm_raw,5,1.0,True,14.0,0.00038018600025679916,2.128086666023495,,,0.0019864630012307316,70.0,0.00038018600025679916,14.0,0.0
PALMER5C,False,U:LS,U,LS,random_post,10,1.0,True,26.0,0.0006352589989546686,2.12808666602342,0.007400331000098959,283.0,,,0.0006352589989546686,26.0,0.0
PALMER5C,False,U:LS,U,LS,random_raw,10,1.0,True,26.0,0.0007917929979157634,2.12808666602342,0.04657516299994313,283.0,,,0.0007917929979157634,26.0,0.0
PALMER5D,False,U:LS,U,LS,cutest,1,1.0,True,21.0,0.041015237002284266,87.33939945055266,,,,,0.041015237002284266,21.0,0.0
PALMER5D,False,U:LS,U,LS,llm_post,5,1.0,True,20.0,0.0008478460003971122,87.33939945055253,,,0.004935180997563293,103.0,0.0008478460003971122,20.0,0.0
PALMER5D,False,U:LS,U,LS,llm_raw,5,1.0,True,20.0,0.0008600589972047601,87.33939945055253,,,0.004623542998160701,103.0,0.0008600589972047601,20.0,0.0
PALMER5D,False,U:LS,U,LS,random_post,10,1.0,True,25.0,0.0010384130000602454,87.33939945055225,0.015548761002719402,315.0,,,0.0010384130000602454,25.0,0.0
PALMER5D,False,U:LS,U,LS,random_raw,10,1.0,True,25.0,0.0010941909968096297,87.33939945055225,0.03044793099616072,315.0,,,0.0010941909968096297,25.0,0.0
PALMER5E,True,B:LS,B,LS,cutest,1,0.0,False,,,,,,,,60.0,1000000.0,0.0
PALMER5E,True,B:LS,B,LS,llm_post,5,0.0,False,,,,,,0.10007642299751751,0.0,60.0,1000000.0,0.0
PALMER5E,True,B:LS,B,LS,llm_raw,5,0.0,False,,,,,,0.060753480007406324,0.0,60.0,1000000.0,0.0
PALMER5E,True,B:LS,B,LS,random_post,10,1.0,True,38.0,0.0009852500006672926,1.6305063271419131,0.011573699001019122,452.0,,,0.0009852500006672926,38.0,0.0
PALMER5E,True,B:LS,B,LS,random_raw,10,1.0,True,38.0,0.0009981270013668109,1.6305063271419131,0.03161270000418881,452.0,,,0.0009981270013668109,38.0,0.0
PALMER6A,True,B:LS,B,LS,cutest,1,1.0,True,264.0,0.07970832800128846,0.055948838973878465,,,,,0.07970832800128846,264.0,0.0
PALMER6A,True,B:LS,B,LS,llm_post,5,1.0,True,22.0,0.00045808800132363103,0.055948838973921895,,,0.018846404003852513,990.0,0.00045808800132363103,22.0,0.0
PALMER6A,True,B:LS,B,LS,llm_raw,5,1.0,True,22.0,0.0005902010016143322,0.055948838973921895,,,0.0198770009992586,990.0,0.0005902010016143322,22.0,0.0
PALMER6A,True,B:LS,B,LS,random_post,10,1.0,True,22.0,0.00047605600047972985,3.469071812264736,0.006983626004512189,297.0,,,0.00047605600047972985,22.0,0.0
PALMER6A,True,B:LS,B,LS,random_raw,10,1.0,True,22.0,0.0004966409978806041,3.469071812264736,0.00864886500130524,297.0,,,0.0004966409978806041,22.0,0.0
PALMER6C,False,U:LS,U,LS,cutest,1,1.0,True,518.0,0.08315791499990155,0.016387426591052082,,,,,0.08315791499990155,518.0,0.0
PALMER6C,False,U:LS,U,LS,llm_post,5,1.0,True,497.0,0.00878462800028501,0.016387421573391542,,,0.07555641800354351,2655.0,0.00878462800028501,497.0,0.0
PALMER6C,False,U:LS,U,LS,llm_raw,5,1.0,True,497.0,0.010988762998749735,0.016387421573391542,,,0.08623623599487473,2655.0,0.010988762998749735,497.0,0.0
PALMER6C,False,U:LS,U,LS,random_post,10,0.1,True,293.0,0.010588914003164973,0.016387421454866827,0.18559026000730228,293.0,,,0.010588914003164973,293.0,0.0
PALMER6C,False,U:LS,U,LS,random_raw,10,0.1,True,293.0,0.009785039001144469,0.016387421454866827,0.13794150700778118,293.0,,,0.009785039001144469,293.0,0.0
PALMER6E,True,B:LS,B,LS,cutest,1,1.0,True,411.0,0.07144676999814692,0.000223955050852484,,,,,0.07144676999814692,411.0,0.0
PALMER6E,True,B:LS,B,LS,llm_post,5,1.0,True,366.0,0.0075424099995871074,0.0002239550503449872,,,0.055386596999596804,1995.0,0.0075424099995871074,366.0,0.0
PALMER6E,True,B:LS,B,LS,llm_raw,5,1.0,True,366.0,0.007587420001073042,0.0002239550503449872,,,0.05435408200355596,1995.0,0.007587420001073042,366.0,0.0
PALMER6E,True,B:LS,B,LS,random_post,10,1.0,True,147.0,0.002168907998566283,0.03807406115120728,0.03132152099715313,1837.0,,,0.002168907998566283,147.0,0.0
PALMER6E,True,B:LS,B,LS,random_raw,10,1.0,True,147.0,0.003681428999698255,0.03807406115120728,0.0610324689951085,1837.0,,,0.003681428999698255,147.0,0.0
PALMER7E,True,B:LS,B,LS,cutest,1,0.0,False,,,,,,,,60.0,1000000.0,0.0
PALMER7E,True,B:LS,B,LS,llm_post,5,0.0,False,,,,,,0.06376880099196569,0.0,60.0,1000000.0,0.0
PALMER7E,True,B:LS,B,LS,llm_raw,5,0.0,False,,,,,,0.06973134999498143,0.0,60.0,1000000.0,0.0
PALMER7E,True,B:LS,B,LS,random_post,10,1.0,True,173.0,0.0037455470010172576,10.140291018399994,0.06403394299923093,2069.0,,,0.0037455470010172576,173.0,0.0
PALMER7E,True,B:LS,B,LS,random_raw,10,1.0,True,173.0,0.0038490430015372112,10.140291018399994,0.04604674600341241,2069.0,,,0.0038490430015372112,173.0,0.0
PALMER8A,True,B:LS,B,LS,cutest,1,1.0,True,89.0,0.08002518200009945,0.07400969795113592,,,,,0.08002518200009945,89.0,0.0
PALMER8A,True,B:LS,B,LS,llm_post,5,1.0,True,89.0,0.0016596599998592865,0.07400969795113592,,,0.01054209599897149,470.0,0.0016596599998592865,89.0,0.0
PALMER8A,True,B:LS,B,LS,llm_raw,5,1.0,True,89.0,0.0016587099999014754,0.07400969795113592,,,0.009220902000379283,470.0,0.0016587099999014754,89.0,0.0
PALMER8A,True,B:LS,B,LS,random_post,10,1.0,True,23.0,0.0005922440032009035,6.969709521041074,0.007730030003585853,299.0,,,0.0005922440032009035,23.0,0.0
PALMER8A,True,B:LS,B,LS,random_raw,10,1.0,True,23.0,0.000507619002746651,6.969709521041074,0.013510725006199209,299.0,,,0.000507619002746651,23.0,0.0
PALMER8E,True,B:LS,B,LS,cutest,1,1.0,True,320.0,0.04298629400000209,0.006339307543532387,,,,,0.04298629400000209,320.0,0.0
PALMER8E,True,B:LS,B,LS,llm_post,5,1.0,True,267.0,0.007864066003094194,0.006339307542063734,,,0.053916218002996175,1513.0,0.007864066003094194,267.0,0.0
PALMER8E,True,B:LS,B,LS,llm_raw,5,1.0,True,267.0,0.007387069999822415,0.006339307542063734,,,0.05135844699907466,1513.0,0.007387069999822415,267.0,0.0
PALMER8E,True,B:LS,B,LS,random_post,10,1.0,True,129.0,0.0021858480031369254,0.16786045823357829,0.05318579800587031,1881.0,,,0.0021858480031369254,129.0,0.0
PALMER8E,True,B:LS,B,LS,random_raw,10,1.0,True,129.0,0.00315485700048157,0.16786045823357829,0.07848620999720879,1881.0,,,0.00315485700048157,129.0,0.0
PARKCH,False,USmoothNLP,U,SmoothNLP,cutest,1,0.0,False,,,,,,,,60.0,1000000.0,0.0
PARKCH,False,USmoothNLP,U,SmoothNLP,llm_post,5,0.0,False,,,,,,9.78085862300577,0.0,60.0,1000000.0,0.0
PARKCH,False,USmoothNLP,U,SmoothNLP,llm_raw,5,0.0,False,,,,,,10.091843007005082,0.0,60.0,1000000.0,0.0
PARKCH,False,USmoothNLP,U,SmoothNLP,random_post,10,0.0,False,,,,0.07086158800302655,0.0,,,60.0,1000000.0,0.0
PARKCH,False,USmoothNLP,U,SmoothNLP,random_raw,10,0.0,False,,,,0.06943733600201085,0.0,,,60.0,1000000.0,0.0
PENTAGON,False,LCBSmoothNLP,LCB,SmoothNLP,cutest,1,1.0,True,19.0,0.030996541001513833,1.6063619314234092e-07,,,,,0.030996541001513833,19.0,0.0
PENTAGON,False,LCBSmoothNLP,LCB,SmoothNLP,llm_post,5,1.0,True,17.0,0.02267412599758245,1.3416166136096375e-07,,,0.12110687800304731,90.0,0.02267412599758245,17.0,0.0
PENTAGON,False,LCBSmoothNLP,LCB,SmoothNLP,llm_raw,5,1.0,True,17.0,0.022921119001694024,1.3417753776649484e-07,,,0.16372055900865234,93.0,0.022921119001694024,17.0,0.0
PENTAGON,False,LCBSmoothNLP,LCB,SmoothNLP,random_post,10,1.0,True,1.0,0.001274490001378581,3.671466127384509e-129,0.01566635000926908,10.0,,,0.001274490001378581,1.0,0.0
PENTAGON,False,LCBSmoothNLP,LCB,SmoothNLP,random_raw,10,1.0,True,1.0,0.0010797809991345275,0.0,0.01257059799900162,10.0,,,0.0010797809991345275,1.0,0.0
PFIT1,True,NLC:SmoothNLP,NLC,SmoothNLP,cutest,1,1.0,True,3.0,0.016162080002686707,0.0,,,,,0.016162080002686707,3.0,0.0
PFIT1,True,NLC:SmoothNLP,NLC,SmoothNLP,llm_post,5,1.0,True,3.0,0.013325308998901164,0.0,,,0.08681279600205016,15.0,0.013325308998901164,3.0,0.0
PFIT1,True,NLC:SmoothNLP,NLC,SmoothNLP,llm_raw,5,1.0,True,3.0,0.008017055999516742,0.0,,,0.04138961200078484,15.0,0.008017055999516742,3.0,0.0
PFIT1,True,NLC:SmoothNLP,NLC,SmoothNLP,random_post,10,1.0,True,1.0,0.0010681040002964437,0.0,0.0269410870023421,14.0,,,0.0010681040002964437,1.0,0.0
PFIT1,True,NLC:SmoothNLP,NLC,SmoothNLP,random_raw,10,1.0,True,1.0,0.0010559239999565762,0.0,0.014004274999024346,10.0,,,0.0010559239999565762,1.0,0.0
PFIT2,True,NLC:SmoothNLP,NLC,SmoothNLP,cutest,1,1.0,True,3.0,0.018382507001660997,0.0,,,,,0.018382507001660997,3.0,0.0
PFIT2,True,NLC:SmoothNLP,NLC,SmoothNLP,llm_post,5,1.0,True,3.0,0.011969580998993479,0.0,,,0.0633566830001655,15.0,0.011969580998993479,3.0,0.0
PFIT2,True,NLC:SmoothNLP,NLC,SmoothNLP,llm_raw,5,1.0,True,3.0,0.00792180999997072,0.0,,,0.04193650400338811,15.0,0.00792180999997072,3.0,0.0
PFIT2,True,NLC:SmoothNLP,NLC,SmoothNLP,random_post,10,1.0,True,1.0,0.0010403950000181794,0.0,0.02565413900447311,14.0,,,0.0010403950000181794,1.0,0.0
PFIT2,True,NLC:SmoothNLP,NLC,SmoothNLP,random_raw,10,1.0,True,1.0,0.001091918002202874,0.0,0.01163207399804378,10.0,,,0.001091918002202874,1.0,0.0
PFIT2LS,True,B:LS,B,LS,cutest,1,0.0,False,,,,,,,,60.0,1000000.0,0.0
PFIT2LS,True,B:LS,B,LS,llm_post,5,0.4,True,220.0,0.0038739039991924074,2.32074157843835e-13,,,0.05688577399996575,584.0,0.0038739039991924074,220.0,0.0
PFIT2LS,True,B:LS,B,LS,llm_raw,5,0.4,True,220.0,0.003146095998090459,2.32074157843835e-13,,,0.04535253699577879,584.0,0.003146095998090459,220.0,0.0
PFIT2LS,True,B:LS,B,LS,random_post,10,0.2,True,5.0,0.00019276699822512455,1.4062499999999997e+119,0.156176801003312,10.0,,,0.00019276699822512455,5.0,0.0
PFIT2LS,True,B:LS,B,LS,random_raw,10,0.2,True,5.0,0.0005186669986869674,1.4062499999999997e+119,0.12923180199140916,10.0,,,0.0005186669986869674,5.0,0.8
PFIT3,True,NLC:SmoothNLP,NLC,SmoothNLP,cutest,1,1.0,True,3.0,0.015387704999739071,0.0,,,,,0.015387704999739071,3.0,0.0
PFIT3,True,NLC:SmoothNLP,NLC,SmoothNLP,llm_post,5,1.0,True,3.0,0.011020742000255268,0.0,,,0.05896979999670293,15.0,0.011020742000255268,3.0,0.0
PFIT3,True,NLC:SmoothNLP,NLC,SmoothNLP,llm_raw,5,1.0,True,3.0,0.008032574998651398,0.0,,,0.0436861440030043,15.0,0.008032574998651398,3.0,0.0
PFIT3,True,NLC:SmoothNLP,NLC,SmoothNLP,random_post,10,1.0,True,1.0,0.0010514440000406466,0.0,0.025471088996710023,14.0,,,0.0010514440000406466,1.0,0.0
PFIT3,True,NLC:SmoothNLP,NLC,SmoothNLP,random_raw,10,1.0,True,1.0,0.0010894349979935214,0.0,0.012147762994572986,10.0,,,0.0010894349979935214,1.0,0.0
PFIT3LS,True,B:LS,B,LS,cutest,1,0.0,False,,,,,,,,60.0,1000000.0,0.0
PFIT3LS,True,B:LS,B,LS,llm_post,5,0.4,True,15.0,0.0007008169995970093,1.1676986120582478e-15,,,0.0721050890024344,454.0,0.0007008169995970093,15.0,0.0
PFIT3LS,True,B:LS,B,LS,llm_raw,5,0.4,True,15.0,0.0006126100015535485,1.1676986120582478e-15,,,0.07541281900194008,454.0,0.0006126100015535485,15.0,0.0
PFIT3LS,True,B:LS,B,LS,random_post,10,0.2,True,5.0,0.0002459779971104581,1.4062499999999997e+119,0.1212478010020277,10.0,,,0.0002459779971104581,5.0,0.0
PFIT3LS,True,B:LS,B,LS,random_raw,10,0.2,True,5.0,0.00028653600020334125,1.4062499999999997e+119,0.12348221300271689,10.0,,,0.00028653600020334125,5.0,0.8
PFIT4,True,NLC:SmoothNLP,NLC,SmoothNLP,cutest,1,1.0,True,3.0,0.016921770002227277,0.0,,,,,0.016921770002227277,3.0,0.0
PFIT4,True,NLC:SmoothNLP,NLC,SmoothNLP,llm_post,5,1.0,True,3.0,0.00928142500197282,0.0,,,0.06766116700237035,15.0,0.00928142500197282,3.0,0.0
PFIT4,True,NLC:SmoothNLP,NLC,SmoothNLP,llm_raw,5,1.0,True,3.0,0.007903846999397501,0.0,,,0.042322614001022885,15.0,0.007903846999397501,3.0,0.0
PFIT4,True,NLC:SmoothNLP,NLC,SmoothNLP,random_post,10,1.0,True,1.0,0.0010758940006780904,0.0,0.026452593996509677,14.0,,,0.0010758940006780904,1.0,0.0
PFIT4,True,NLC:SmoothNLP,NLC,SmoothNLP,random_raw,10,1.0,True,1.0,0.0011768279982788954,0.0,0.013062551002803957,10.0,,,0.0011768279982788954,1.0,0.0
PFIT4LS,True,B:LS,B,LS,cutest,1,0.0,False,,,,,,,,60.0,1000000.0,0.0
PFIT4LS,True,B:LS,B,LS,llm_post,5,0.2,True,120.0,0.004330076000769623,11095.986327411647,,,0.09142051399976481,120.0,0.004330076000769623,120.0,0.0
PFIT4LS,True,B:LS,B,LS,llm_raw,5,0.2,True,120.0,0.004020035998109961,11095.986327411647,,,0.09607935100211762,120.0,0.004020035998109961,120.0,0.0
PFIT4LS,True,B:LS,B,LS,random_post,10,0.2,True,5.0,0.00022371399973053485,1.4062499999999997e+119,0.16247786399253528,10.0,,,0.00022371399973053485,5.0,0.0
PFIT4LS,True,B:LS,B,LS,random_raw,10,0.2,True,5.0,0.0002488490026735235,1.4062499999999997e+119,0.14949769199301954,10.0,,,0.0002488490026735235,5.0,0.8
POLAK1,False,NLC:SmoothNLP,NLC,SmoothNLP,cutest,1,0.0,False,,,,,,,,60.0,1000000.0,0.0
POLAK1,False,NLC:SmoothNLP,NLC,SmoothNLP,llm_post,5,0.0,False,,,,,,2.411656932999904,0.0,60.0,1000000.0,0.0
POLAK1,False,NLC:SmoothNLP,NLC,SmoothNLP,llm_raw,5,0.0,False,,,,,,2.3402663719971315,0.0,60.0,1000000.0,0.0
POLAK1,False,NLC:SmoothNLP,NLC,SmoothNLP,random_post,10,1.0,True,1.0,0.08545129999765777,-9.002970758536035e+19,0.8692197090022091,10.0,,,0.08545129999765777,1.0,0.0
POLAK1,False,NLC:SmoothNLP,NLC,SmoothNLP,random_raw,10,1.0,True,1.0,0.08349674900091486,-9.002970758536035e+19,0.9200643559997843,10.0,,,0.08349674900091486,1.0,0.0
POLAK3,False,NLC:SmoothNLP,NLC,SmoothNLP,cutest,1,0.0,False,,,,,,,,60.0,1000000.0,0.0
POLAK3,False,NLC:SmoothNLP,NLC,SmoothNLP,llm_post,5,0.0,False,,,,,,2.414888677001727,0.0,60.0,1000000.0,0.0
POLAK3,False,NLC:SmoothNLP,NLC,SmoothNLP,llm_raw,5,0.0,False,,,,,,2.4336846539918042,0.0,60.0,1000000.0,0.0
POLAK3,False,NLC:SmoothNLP,NLC,SmoothNLP,random_post,10,1.0,True,1.0,0.09107730300092953,-8.858299041670246e+19,0.9374440460051119,10.0,,,0.09107730300092953,1.0,0.0
POLAK3,False,NLC:SmoothNLP,NLC,SmoothNLP,random_raw,10,1.0,True,1.0,0.09449497799869278,-8.858299041670246e+19,1.0265358299911895,10.0,,,0.09449497799869278,1.0,0.0
POLAK4,False,NLC:SmoothNLP,NLC,SmoothNLP,cutest,1,0.0,False,,,,,,,,60.0,1000000.0,0.0
POLAK4,False,NLC:SmoothNLP,NLC,SmoothNLP,llm_post,5,0.0,False,,,,,,2.4244342489946575,0.0,60.0,1000000.0,0.0
POLAK4,False,NLC:SmoothNLP,NLC,SmoothNLP,llm_raw,5,0.0,False,,,,,,2.402865013002156,0.0,60.0,1000000.0,0.0
POLAK4,False,NLC:SmoothNLP,NLC,SmoothNLP,random_post,10,1.0,True,1.0,0.0846485889996984,-9.002970758536035e+19,0.921839889993862,10.0,,,0.0846485889996984,1.0,0.0
POLAK4,False,NLC:SmoothNLP,NLC,SmoothNLP,random_raw,10,1.0,True,1.0,0.08618333599952166,-9.002970758536035e+19,0.9933803610038012,10.0,,,0.08618333599952166,1.0,0.0
POLAK5,False,NLC:SmoothNLP,NLC,SmoothNLP,cutest,1,0.0,False,,,,,,,,60.0,1000000.0,0.0
POLAK5,False,NLC:SmoothNLP,NLC,SmoothNLP,llm_post,5,0.0,False,,,,,,2.4073042279960646,0.0,60.0,1000000.0,0.0
POLAK5,False,NLC:SmoothNLP,NLC,SmoothNLP,llm_raw,5,0.0,False,,,,,,2.365180734996102,0.0,60.0,1000000.0,0.0
POLAK5,False,NLC:SmoothNLP,NLC,SmoothNLP,random_post,10,1.0,True,1.0,0.08509152099941275,-9.002970758536035e+19,0.9032331530033844,10.0,,,0.08509152099941275,1.0,0.0
POLAK5,False,NLC:SmoothNLP,NLC,SmoothNLP,random_raw,10,1.0,True,1.0,0.08746975500253029,-9.002970758536035e+19,1.0689159900066443,10.0,,,0.08746975500253029,1.0,0.0
PORTFL3,True,LEB:LS,LEB,LS,cutest,1,1.0,True,22.0,0.0026382249998277985,0.028453102228275323,,,,,0.0026382249998277985,22.0,0.0
PORTFL3,True,LEB:LS,LEB,LS,llm_post,5,1.0,True,22.0,0.0006739009986631572,0.028453102228275323,,,0.0036270549971959554,110.0,0.0006739009986631572,22.0,0.0
PORTFL3,True,LEB:LS,LEB,LS,llm_raw,5,1.0,True,21.0,0.0006377790014084894,0.02845310222826872,,,0.003457368005911121,109.0,0.0006377790014084894,21.0,0.0
PORTFL3,True,LEB:LS,LEB,LS,random_post,10,1.0,True,19.0,0.000659076998999808,0.028453102228245087,0.013894703006371856,228.0,,,0.000659076998999808,19.0,0.0
PORTFL3,True,LEB:LS,LEB,LS,random_raw,10,1.0,True,21.0,0.0007238889993459452,0.028453102228253348,0.031852379004703835,242.0,,,0.0007238889993459452,21.0,0.0
PORTFL4,True,LEB:LS,LEB,LS,cutest,1,1.0,True,26.0,0.002941988001111895,0.02162022801668172,,,,,0.002941988001111895,26.0,0.0
PORTFL4,True,LEB:LS,LEB,LS,llm_post,5,1.0,True,26.0,0.0008302360001835041,0.021620228016681724,,,0.005652441002894193,130.0,0.0008302360001835041,26.0,0.0
PORTFL4,True,LEB:LS,LEB,LS,llm_raw,5,1.0,True,26.0,0.000745209999877261,0.021620228016681075,,,0.0052209950008546,130.0,0.000745209999877261,26.0,0.0
PORTFL4,True,LEB:LS,LEB,LS,random_post,10,1.0,True,24.0,0.0007580229976156261,0.021620228016686657,0.017797376996895764,252.0,,,0.0007580229976156261,24.0,0.0
PORTFL4,True,LEB:LS,LEB,LS,random_raw,10,1.0,True,26.0,0.000815061001048889,0.021620228016680107,0.039582353998412145,275.0,,,0.000815061001048889,26.0,0.0
PORTFL6,True,LEB:LS,LEB,LS,cutest,1,1.0,True,47.0,0.023558894001325825,0.023659274249340403,,,,,0.023558894001325825,47.0,0.0
PORTFL6,True,LEB:LS,LEB,LS,llm_post,5,1.0,True,47.0,0.0012250540021341294,0.023659274249340397,,,0.006224509001185652,235.0,0.0012250540021341294,47.0,0.0
PORTFL6,True,LEB:LS,LEB,LS,llm_raw,5,1.0,True,47.0,0.0012327469994488638,0.023659274249339685,,,0.008953711003414355,235.0,0.0012327469994488638,47.0,0.0
PORTFL6,True,LEB:LS,LEB,LS,random_post,10,1.0,True,40.0,0.0011902610021934379,0.023659274249230568,0.027927788003580645,443.0,,,0.0011902610021934379,40.0,0.0
PORTFL6,True,LEB:LS,LEB,LS,random_raw,10,1.0,True,38.0,0.0010775959999591578,0.02365927424922913,0.04439154700230574,426.0,,,0.0010775959999591578,38.0,0.0
POWELLBS,False,NLC:SmoothNLP,NLC,SmoothNLP,cutest,1,1.0,True,1.0,0.004299757998524001,0.0,,,,,0.004299757998524001,1.0,0.0
POWELLBS,False,NLC:SmoothNLP,NLC,SmoothNLP,llm_post,5,1.0,True,1.0,0.0023826370015740395,0.0,,,0.012537373000668595,5.0,0.0023826370015740395,1.0,0.0
POWELLBS,False,NLC:SmoothNLP,NLC,SmoothNLP,llm_raw,5,1.0,True,1.0,0.0010810519997903612,0.0,,,0.005587498002569191,5.0,0.0010810519997903612,1.0,0.0
POWELLBS,False,NLC:SmoothNLP,NLC,SmoothNLP,random_post,10,1.0,True,1.0,0.0010662870008673053,0.0,0.011281126997346291,10.0,,,0.0010662870008673053,1.0,0.0
POWELLBS,False,NLC:SmoothNLP,NLC,SmoothNLP,random_raw,10,1.0,True,1.0,0.0011812090015155263,0.0,0.01299368900799891,10.0,,,0.0011812090015155263,1.0,0.0
POWELLSQ,False,NLC:SmoothNLP,NLC,SmoothNLP,cutest,1,1.0,True,1.0,0.004385166997963097,0.0,,,,,0.004385166997963097,1.0,0.0
POWELLSQ,False,NLC:SmoothNLP,NLC,SmoothNLP,llm_post,5,1.0,True,1.0,0.001449856998078758,0.0,,,0.011668830997223267,5.0,0.001449856998078758,1.0,0.0
POWELLSQ,False,NLC:SmoothNLP,NLC,SmoothNLP,llm_raw,5,1.0,True,1.0,0.0017809119999583345,0.0,,,0.010920407999947201,5.0,0.0017809119999583345,1.0,0.0
POWELLSQ,False,NLC:SmoothNLP,NLC,SmoothNLP,random_post,10,1.0,True,1.0,0.0021203539981797803,0.0,0.02295647999198991,10.0,,,0.0021203539981797803,1.0,0.0
POWELLSQ,False,NLC:SmoothNLP,NLC,SmoothNLP,random_raw,10,1.0,True,1.0,0.0010457739990670234,0.0,0.012565502998768352,10.0,,,0.0010457739990670234,1.0,0.0
PRIMALC1,True,LCBSmoothNLP,LCB,SmoothNLP,cutest,1,0.0,False,,,,,,,,60.0,1000000.0,0.0
PRIMALC1,True,LCBSmoothNLP,LCB,SmoothNLP,random_post,10,1.0,True,420.0,0.5795661480005947,7.001187208076008e+39,6.08916597201096,4200.0,,,0.5795661480005947,420.0,0.0
PRIMALC1,True,LCBSmoothNLP,LCB,SmoothNLP,random_raw,10,1.0,True,1.0,0.557985090999864,3.2890099825089777e+41,6.006587857995328,10.0,,,0.557985090999864,1.0,0.0
PRODPL0,True,NLC:SmoothNLP,NLC,SmoothNLP,cutest,1,1.0,True,12.0,0.02820174299995415,0.00021457041101047216,,,,,0.02820174299995415,12.0,0.0
PRODPL0,True,NLC:SmoothNLP,NLC,SmoothNLP,llm_post,5,1.0,True,14.0,0.025701309001306072,0.0002528940176889974,,,0.16713717100719805,74.0,0.025701309001306072,14.0,0.0
PRODPL0,True,NLC:SmoothNLP,NLC,SmoothNLP,llm_raw,5,1.0,True,12.0,0.020132072000706103,0.00021457041101047216,,,0.10386042100799386,61.0,0.020132072000706103,12.0,0.0
PRODPL0,True,NLC:SmoothNLP,NLC,SmoothNLP,random_post,10,1.0,True,1.0,0.12681677900036448,4.125774177595902e+21,1.3273373119955068,391.0,,,0.12681677900036448,1.0,0.0
PRODPL0,True,NLC:SmoothNLP,NLC,SmoothNLP,random_raw,10,1.0,True,1.0,0.1268526120002207,4.125774177595902e+21,1.3036604990047636,10.0,,,0.1268526120002207,1.0,0.0
PSPDOC,True,B:LS,B,LS,cutest,1,1.0,True,11.0,0.05078787300226395,2.4142135625479755,,,,,0.05078787300226395,11.0,0.0
PSPDOC,True,B:LS,B,LS,llm_post,5,1.0,True,11.0,0.00031423900145455264,2.4142135623766183,,,0.0023272640064533334,59.0,0.00031423900145455264,11.0,0.0
PSPDOC,True,B:LS,B,LS,llm_raw,5,1.0,True,11.0,0.0003282350007793866,2.4142135623766183,,,0.009515522000583587,59.0,0.0003282350007793866,11.0,0.0
PSPDOC,True,B:LS,B,LS,random_post,10,0.0,False,,,,0.0015321499995479826,0.0,,,60.0,1000000.0,0.0
PSPDOC,True,B:LS,B,LS,random_raw,10,0.0,False,,,,0.006095441000070423,0.0,,,60.0,1000000.0,0.0
QC,True,LCBSmoothNLP,LCB,SmoothNLP,cutest,1,1.0,True,2.0,0.5237300369990407,-956.5377332834275,,,,,0.5237300369990407,2.0,0.0
QC,True,LCBSmoothNLP,LCB,SmoothNLP,llm_post,5,1.0,True,3.0,0.49131736699928297,-956.5377332834275,,,2.470027031002246,15.0,0.49131736699928297,3.0,0.0
QC,True,LCBSmoothNLP,LCB,SmoothNLP,llm_raw,5,1.0,True,3.0,0.4911542310001096,-956.5377332834275,,,2.51190359300017,15.0,0.4911542310001096,3.0,0.0
QC,True,LCBSmoothNLP,LCB,SmoothNLP,random_post,10,1.0,True,2.0,0.12209048699878622,-956.5377332834275,4.151393065993034,1916.0,,,0.12209048699878622,2.0,0.0
QC,True,LCBSmoothNLP,LCB,SmoothNLP,random_raw,10,1.0,True,2.0,0.11579502899985528,-956.5377332834275,3.658319208003377,2868.0,,,0.11579502899985528,2.0,0.0
QCNEW,True,LCBSmoothNLP,LCB,SmoothNLP,cutest,1,1.0,True,22.0,0.031193958999210736,-806.4899324898461,,,,,0.031193958999210736,22.0,0.0
QCNEW,True,LCBSmoothNLP,LCB,SmoothNLP,llm_post,5,0.8,True,101.0,0.09953918999963207,-806.508690883642,,,0.5677634400017268,412.0,0.09953918999963207,101.0,0.0
QCNEW,True,LCBSmoothNLP,LCB,SmoothNLP,llm_raw,5,1.0,True,101.0,0.10133470100117847,-806.508690883642,,,0.5192519719967095,523.0,0.10133470100117847,101.0,0.0
QCNEW,True,LCBSmoothNLP,LCB,SmoothNLP,random_post,10,1.0,True,111.0,0.10804407500108937,-806.4895335916265,1.1220022480010812,1110.0,,,0.10804407500108937,111.0,0.0
QCNEW,True,LCBSmoothNLP,LCB,SmoothNLP,random_raw,10,1.0,True,111.0,0.11005709099845262,-806.4895335916265,1.1148977459961316,1110.0,,,0.11005709099845262,111.0,0.0
QPCBLEND,True,LCBSmoothNLP,LCB,SmoothNLP,cutest,1,1.0,True,24.0,0.044740149001881946,-4.701447132422119,,,,,0.044740149001881946,24.0,0.0
QPCBLEND,True,LCBSmoothNLP,LCB,SmoothNLP,llm_post,5,1.0,True,24.0,0.03958524700283306,-4.701447132422119,,,0.2092984830014757,120.0,0.03958524700283306,24.0,0.0
QPCBLEND,True,LCBSmoothNLP,LCB,SmoothNLP,llm_raw,5,1.0,True,24.0,0.03996110699881683,-4.701447132422119,,,0.2115377289992466,120.0,0.03996110699881683,24.0,0.0
QPCBLEND,True,LCBSmoothNLP,LCB,SmoothNLP,random_post,10,1.0,True,24.0,0.04042694300005678,-4.701703679222214,0.5584120019993861,300.0,,,0.04042694300005678,24.0,0.0
QPCBLEND,True,LCBSmoothNLP,LCB,SmoothNLP,random_raw,10,1.0,True,1.0,0.16723456499676104,1.3276968093481406e+42,1.7941712780011585,10.0,,,0.16723456499676104,1.0,0.0
QPNBLEND,True,LCBSmoothNLP,LCB,SmoothNLP,cutest,1,1.0,True,20.0,0.6257068490012898,-5.534641034375614,,,,,0.6257068490012898,20.0,0.0
QPNBLEND,True,LCBSmoothNLP,LCB,SmoothNLP,llm_post,5,1.0,True,20.0,0.5165940810002212,-5.534641034375614,,,2.8174770400000853,100.0,0.5165940810002212,20.0,0.0
QPNBLEND,True,LCBSmoothNLP,LCB,SmoothNLP,llm_raw,5,1.0,True,20.0,0.5180970289984543,-5.53464103437562,,,3.210239202999219,100.0,0.5180970289984543,20.0,0.0
QPNBLEND,True,LCBSmoothNLP,LCB,SmoothNLP,random_post,10,0.8,True,20.0,0.5058108490011364,-5.534641034375614,5.401020104003692,160.0,,,0.5058108490011364,20.0,0.0
QPNBLEND,True,LCBSmoothNLP,LCB,SmoothNLP,random_raw,10,1.0,True,1.0,0.16961310999977286,1.0623026488658896e+42,1.76819487400644,10.0,,,0.16961310999977286,1.0,0.0
READING6,True,NLC:SmoothNLP,NLC,SmoothNLP,cutest,1,1.0,True,4.0,0.01513371400142205,-1.873933309860745e-69,,,,,0.01513371400142205,4.0,0.0
READING6,True,NLC:SmoothNLP,NLC,SmoothNLP,llm_post,5,0.0,False,,,,,,2.475092117998429,0.0,60.0,1000000.0,0.0
READING6,True,NLC:SmoothNLP,NLC,SmoothNLP,llm_raw,5,1.0,True,3.0,0.00989805300196167,-1.71105800766319,,,0.11921366500246222,19.0,0.00989805300196167,3.0,0.0
READING6,True,NLC:SmoothNLP,NLC,SmoothNLP,random_post,10,0.9,True,16.0,0.2690668959985487,-1.6872488422573642e+41,2.9964991429951624,5024.0,,,0.2690668959985487,16.0,0.0
READING6,True,NLC:SmoothNLP,NLC,SmoothNLP,random_raw,10,1.0,True,13.0,0.23366120100035914,-1.9429546370777023e+41,2.6428993870031263,3582.0,,,0.23366120100035914,13.0,0.0
RES,True,LEBSmoothNLP,LEB,SmoothNLP,cutest,1,1.0,True,1.0,0.0014647919997514691,0.0,,,,,0.0014647919997514691,1.0,0.0
RES,True,LEBSmoothNLP,LEB,SmoothNLP,llm_post,5,1.0,True,1.0,0.00012958799925399944,0.0,,,0.0007481780012312811,5.0,0.00012958799925399944,1.0,0.0
RES,True,LEBSmoothNLP,LEB,SmoothNLP,llm_raw,5,1.0,True,1.0,0.00013565900007961318,0.0,,,0.0008972270006779581,5.0,0.00013565900007961318,1.0,0.0
RES,True,LEBSmoothNLP,LEB,SmoothNLP,random_post,10,1.0,True,1.0,0.0001708189993223641,0.0,0.0026792709941219073,10.0,,,0.0001708189993223641,1.0,0.0
RES,True,LEBSmoothNLP,LEB,SmoothNLP,random_raw,10,1.0,True,1.0,0.00011723700299626216,0.0,0.0016336289991158992,10.0,,,0.00011723700299626216,1.0,0.0
ROSENMMX,False,NLC:SmoothNLP,NLC,SmoothNLP,cutest,1,0.0,False,,,,,,,,60.0,1000000.0,0.0
ROSENMMX,False,NLC:SmoothNLP,NLC,SmoothNLP,llm_post,5,0.0,False,,,,,,2.3751969069999177,0.0,60.0,1000000.0,0.0
ROSENMMX,False,NLC:SmoothNLP,NLC,SmoothNLP,llm_raw,5,0.0,False,,,,,,2.379148822008574,0.0,60.0,1000000.0,0.0
ROSENMMX,False,NLC:SmoothNLP,NLC,SmoothNLP,random_post,10,1.0,True,1.0,0.08670326200081035,-8.476027314643714e+19,0.9304164149907592,10.0,,,0.08670326200081035,1.0,0.0
ROSENMMX,False,NLC:SmoothNLP,NLC,SmoothNLP,random_raw,10,1.0,True,1.0,0.08662641100090696,-8.476027314643714e+19,0.9287949350036797,10.0,,,0.08662641100090696,1.0,0.0
RSNBRNE,False,NLC:SmoothNLP,NLC,SmoothNLP,cutest,1,1.0,True,1.0,0.004198771999654127,0.0,,,,,0.004198771999654127,1.0,0.0
RSNBRNE,False,NLC:SmoothNLP,NLC,SmoothNLP,llm_post,5,1.0,True,1.0,0.002248931999929482,0.0,,,0.013054471004579682,5.0,0.002248931999929482,1.0,0.0
RSNBRNE,False,NLC:SmoothNLP,NLC,SmoothNLP,llm_raw,5,1.0,True,1.0,0.001236469001014484,0.0,,,0.008189360003598267,5.0,0.001236469001014484,1.0,0.0
RSNBRNE,False,NLC:SmoothNLP,NLC,SmoothNLP,random_post,10,1.0,True,1.0,0.0019186669996997807,0.0,0.02340597700094804,10.0,,,0.0019186669996997807,1.0,0.0
RSNBRNE,False,NLC:SmoothNLP,NLC,SmoothNLP,random_raw,10,1.0,True,1.0,0.0010705079985200427,0.0,0.012412670996127417,10.0,,,0.0010705079985200427,1.0,0.0
S308,False,U:LS,U,LS,cutest,1,1.0,True,14.0,0.0936105469991162,0.773199056494818,,,,,0.0936105469991162,14.0,0.0
S308,False,U:LS,U,LS,random_post,10,1.0,True,164.0,0.003418033000343712,0.7731990564929239,0.05621098399933544,1678.0,,,0.003418033000343712,164.0,0.0
S308,False,U:LS,U,LS,random_raw,10,1.0,True,164.0,0.0026643359997251537,0.7731990564929239,0.05395996599690989,1678.0,,,0.0026643359997251537,164.0,0.0
S316-322,False,NLC:SmoothNLP,NLC,SmoothNLP,cutest,1,1.0,True,4.0,0.008002358001249377,0.0,,,,,0.008002358001249377,4.0,0.0
S316-322,False,NLC:SmoothNLP,NLC,SmoothNLP,llm_post,5,1.0,True,4.0,0.004036799000459723,0.0,,,0.021766126999864355,20.0,0.004036799000459723,4.0,0.0
S316-322,False,NLC:SmoothNLP,NLC,SmoothNLP,llm_raw,5,1.0,True,4.0,0.003720206001162296,0.0,,,0.020203894997393945,20.0,0.003720206001162296,4.0,0.0
S316-322,False,NLC:SmoothNLP,NLC,SmoothNLP,random_post,10,1.0,True,20.0,0.018126320999726886,0.0,0.2506361819978338,211.0,,,0.018126320999726886,20.0,0.0
S316-322,False,NLC:SmoothNLP,NLC,SmoothNLP,random_raw,10,1.0,True,1.0,0.10190044800037867,4.496191591369598e+38,1.040294916001585,10.0,,,0.10190044800037867,1.0,0.0
S365,True,NLC:SmoothNLP,NLC,SmoothNLP,cutest,1,1.0,True,10.0,0.021146926999790594,1.2633998618565441e-06,,,,,0.021146926999790594,10.0,0.0
S365,True,NLC:SmoothNLP,NLC,SmoothNLP,llm_post,5,1.0,True,13.0,0.019851805998769123,7.298238264700683e-06,,,0.1295703620016866,65.0,0.019851805998769123,13.0,0.0
S365,True,NLC:SmoothNLP,NLC,SmoothNLP,llm_raw,5,1.0,True,9.0,0.014243261997762602,1.2170812685333328e-06,,,0.07570187899545999,45.0,0.014243261997762602,9.0,0.0
S365,True,NLC:SmoothNLP,NLC,SmoothNLP,random_post,10,1.0,True,1.0,0.005912122000154341,9.627042163742475e-05,0.3517953880036657,68.0,,,0.005912122000154341,1.0,0.0
S365,True,NLC:SmoothNLP,NLC,SmoothNLP,random_raw,10,1.0,True,1.0,0.10738252599912812,1.2192277580413988e+36,1.1091556119936286,10.0,,,0.10738252599912812,1.0,0.0
S365MOD,True,NLC:SmoothNLP,NLC,SmoothNLP,cutest,1,1.0,True,19.0,0.028723310999339446,0.2500093630418532,,,,,0.028723310999339446,19.0,0.0
S365MOD,True,NLC:SmoothNLP,NLC,SmoothNLP,llm_post,5,1.0,True,7.0,0.014049828998395242,0.2500091707015843,,,0.11160460100290948,35.0,0.014049828998395242,7.0,0.0
S365MOD,True,NLC:SmoothNLP,NLC,SmoothNLP,llm_raw,5,1.0,True,15.0,0.019630197999504162,0.25001450173611883,,,0.1090544940016116,75.0,0.019630197999504162,15.0,0.0
S365MOD,True,NLC:SmoothNLP,NLC,SmoothNLP,random_post,10,1.0,True,1.0,0.006735764000040945,0.2503314084536404,0.7174727379970136,58.0,,,0.006735764000040945,1.0,0.0
S365MOD,True,NLC:SmoothNLP,NLC,SmoothNLP,random_raw,10,1.0,True,1.0,0.10945932299728156,1.2192277580413988e+36,1.1285630479906104,10.0,,,0.10945932299728156,1.0,0.0
SIM2BQP,True,BSmoothNLP,B,SmoothNLP,cutest,1,1.0,True,2.0,0.0014093240024521947,0.0,,,,,0.0014093240024521947,2.0,0.0
SIM2BQP,True,BSmoothNLP,B,SmoothNLP,llm_post,5,1.0,True,2.0,9.238600250682794e-05,0.0,,,0.0005538899968087208,10.0,9.238600250682794e-05,2.0,0.0
SIM2BQP,True,BSmoothNLP,B,SmoothNLP,llm_raw,5,1.0,True,2.0,9.750699973665178e-05,0.0,,,0.0005531219976546708,10.0,9.750699973665178e-05,2.0,0.0
SIM2BQP,True,BSmoothNLP,B,SmoothNLP,random_post,10,1.0,True,2.0,9.483000030741096e-05,0.0,0.0011853820033138618,20.0,,,9.483000030741096e-05,2.0,0.0
SIM2BQP,True,BSmoothNLP,B,SmoothNLP,random_raw,10,1.0,True,2.0,0.00010856999870156869,0.0,0.0014389030038728379,20.0,,,0.00010856999870156869,2.0,0.0
SIMBQP,True,BSmoothNLP,B,SmoothNLP,cutest,1,1.0,True,5.0,0.002409356999123702,1.540743955506986e-32,,,,,0.002409356999123702,5.0,0.0
SIMBQP,True,BSmoothNLP,B,SmoothNLP,llm_post,5,1.0,True,5.0,0.00019351700029801577,1.540743955506986e-32,,,0.0011277079975116067,25.0,0.00019351700029801577,5.0,0.0
SIMBQP,True,BSmoothNLP,B,SmoothNLP,llm_raw,5,1.0,True,5.0,0.0001985099988814909,1.540743955506986e-32,,,0.00113780099854921,25.0,0.0001985099988814909,5.0,0.0
SIMBQP,True,BSmoothNLP,B,SmoothNLP,random_post,10,1.0,True,4.0,0.00018166399968322366,5.165746658887007e-42,0.002498689998901682,59.0,,,0.00018166399968322366,4.0,0.0
SIMBQP,True,BSmoothNLP,B,SmoothNLP,random_raw,10,1.0,True,4.0,0.0001939590001711622,5.165746658887007e-42,0.04804704399793991,59.0,,,0.0001939590001711622,4.0,0.0
SIMPLLPA,True,LCBSmoothNLP,LCB,SmoothNLP,cutest,1,1.0,True,6.0,0.01621436899949913,0.0019819698820675137,,,,,0.01621436899949913,6.0,0.0
SIMPLLPA,True,LCBSmoothNLP,LCB,SmoothNLP,llm_post,5,1.0,True,7.0,0.008601940997323254,0.0012308419774026214,,,0.05915349299903028,52.0,0.008601940997323254,7.0,0.0
SIMPLLPA,True,LCBSmoothNLP,LCB,SmoothNLP,llm_raw,5,1.0,True,6.0,0.008000128000276163,0.001450359481653739,,,0.04215834599744994,33.0,0.008000128000276163,6.0,0.0
SIMPLLPA,True,LCBSmoothNLP,LCB,SmoothNLP,random_post,10,1.0,True,1.0,0.00896269300210406,0.0004580689601487003,0.487254240004404,472.0,,,0.00896269300210406,1.0,0.0
SIMPLLPA,True,LCBSmoothNLP,LCB,SmoothNLP,random_raw,10,1.0,True,1.0,0.08264953499747207,1.3191221760906146e+19,0.8603001599913114,10.0,,,0.08264953499747207,1.0,0.0
SINEVAL,False,U:LS,U,LS,cutest,1,1.0,True,84.0,0.03604034800082445,1.7810774427036932e-16,,,,,0.03604034800082445,84.0,0.0
SINEVAL,False,U:LS,U,LS,llm_post,5,1.0,True,79.0,0.0011995839995506685,2.3208859152180085e-20,,,0.012084646998118842,460.0,0.0011995839995506685,79.0,0.0
SINEVAL,False,U:LS,U,LS,llm_raw,5,1.0,True,79.0,0.0011995809982181527,2.3208859152180085e-20,,,0.007137988995964406,460.0,0.0011995809982181527,79.0,0.0
SINEVAL,False,U:LS,U,LS,random_post,10,1.0,True,162.0,0.0040833020029822364,1.2094036711467822e+24,0.15621671800181502,9350.0,,,0.0040833020029822364,162.0,0.0
SINEVAL,False,U:LS,U,LS,random_raw,10,1.0,True,162.0,0.003442896999331424,1.2094036711467822e+24,0.17123069699664484,9350.0,,,0.003442896999331424,162.0,0.0
SISSER,False,USmoothNLP,U,SmoothNLP,cutest,1,1.0,True,25.0,0.03325444599977345,9.025222886014237e-09,,,,,0.03325444599977345,25.0,0.0
SISSER,False,USmoothNLP,U,SmoothNLP,llm_post,5,1.0,True,3.0,0.0001709809985186439,7.910147970399583e-30,,,0.0020771589952346403,81.0,0.0001709809985186439,3.0,0.0
SISSER,False,USmoothNLP,U,SmoothNLP,llm_raw,5,1.0,True,3.0,0.00017247999858227558,7.910147970399583e-30,,,0.00217096299820696,81.0,0.00017247999858227558,3.0,0.0
SISSER,False,USmoothNLP,U,SmoothNLP,random_post,10,1.0,True,175.0,0.002505435997591121,1.115151197983249e-08,0.03835465500378632,1779.0,,,0.002505435997591121,175.0,0.0
SISSER,False,USmoothNLP,U,SmoothNLP,random_raw,10,1.0,True,175.0,0.0026521340005274396,1.115151197983249e-08,0.06488999900466297,1779.0,,,0.0026521340005274396,175.0,0.0
SNAIL,False,USmoothNLP,U,SmoothNLP,cutest,1,1.0,True,12.0,0.056191340998339,2.489601840284733e-12,,,,,0.056191340998339,12.0,0.0
SNAIL,False,USmoothNLP,U,SmoothNLP,llm_post,5,1.0,True,13.0,0.0003049520018976182,6.883344175341098e-13,,,0.0064884520033956505,487.0,0.0003049520018976182,13.0,0.0
SNAIL,False,USmoothNLP,U,SmoothNLP,llm_raw,5,1.0,True,13.0,0.00039567999920109287,6.883344175341098e-13,,,0.01200862499899813,487.0,0.00039567999920109287,13.0,0.0
SNAIL,False,USmoothNLP,U,SmoothNLP,random_post,10,0.0,False,,,,0.01473381300456822,0.0,,,60.0,1000000.0,0.0
SNAIL,False,USmoothNLP,U,SmoothNLP,random_raw,10,0.0,False,,,,0.014581407001969637,0.0,,,60.0,1000000.0,0.0
SNAKE,False,NLC:SmoothNLP,NLC,SmoothNLP,cutest,1,0.0,False,,,,,,,,60.0,1000000.0,0.0
SNAKE,False,NLC:SmoothNLP,NLC,SmoothNLP,llm_post,5,0.0,False,,,,,,2.4231546639966837,0.0,60.0,1000000.0,0.0
SNAKE,False,NLC:SmoothNLP,NLC,SmoothNLP,llm_raw,5,0.0,False,,,,,,2.3757282930018846,0.0,60.0,1000000.0,0.0
SNAKE,False,NLC:SmoothNLP,NLC,SmoothNLP,random_post,10,1.0,True,1.0,0.08162563500081887,4.2792240165949604e+18,0.9157593000054476,10.0,,,0.08162563500081887,1.0,0.0
SNAKE,False,NLC:SmoothNLP,NLC,SmoothNLP,random_raw,10,1.0,True,1.0,0.08492201599801774,-9.9823909451857e+19,0.9081842659979884,10.0,,,0.08492201599801774,1.0,0.0
SPIRAL,False,NLC:SmoothNLP,NLC,SmoothNLP,cutest,1,0.0,False,,,,,,,,60.0,1000000.0,0.0
SPIRAL,False,NLC:SmoothNLP,NLC,SmoothNLP,llm_post,5,0.0,False,,,,,,2.3540770939980575,0.0,60.0,1000000.0,0.0
SPIRAL,False,NLC:SmoothNLP,NLC,SmoothNLP,llm_raw,5,0.0,False,,,,,,2.356691006996698,0.0,60.0,1000000.0,0.0
SPIRAL,False,NLC:SmoothNLP,NLC,SmoothNLP,random_post,10,1.0,True,1.0,0.08502841900190106,-9.002970758536035e+19,0.8904959019964735,10.0,,,0.08502841900190106,1.0,0.0
SPIRAL,False,NLC:SmoothNLP,NLC,SmoothNLP,random_raw,10,1.0,True,1.0,0.08793033199981437,-9.002970758536035e+19,1.0016090200006147,10.0,,,0.08793033199981437,1.0,0.0
SSEBNLN,True,NLC:SmoothNLP,NLC,SmoothNLP,cutest,1,1.0,True,8.0,0.027043394999054726,-839997.0781997984,,,,,0.027043394999054726,8.0,0.0
SSEBNLN,True,NLC:SmoothNLP,NLC,SmoothNLP,random_post,10,1.0,True,8.0,0.1719512579984439,-840000.0,2.3690401639978518,879.0,,,0.1719512579984439,8.0,0.0
SSEBNLN,True,NLC:SmoothNLP,NLC,SmoothNLP,random_raw,10,1.0,True,546.0,0.28970896000100765,1.2278823253177675e+24,3.014699130999361,7318.0,,,0.28970896000100765,546.0,0.0
STANCMIN,True,LCBSmoothNLP,LCB,SmoothNLP,cutest,1,1.0,True,201.0,0.1978057650012488,-2.9968848887900514,,,,,0.1978057650012488,201.0,0.0
STANCMIN,True,LCBSmoothNLP,LCB,SmoothNLP,llm_post,5,0.0,False,,,,,,2.351930719003576,0.0,60.0,1000000.0,0.0
STANCMIN,True,LCBSmoothNLP,LCB,SmoothNLP,llm_raw,5,1.0,True,51.0,0.058858254000369925,-2.9971525841018822,,,0.8503166049958963,831.0,0.058858254000369925,51.0,0.0
STANCMIN,True,LCBSmoothNLP,LCB,SmoothNLP,random_post,10,0.0,False,,,,4.937612505993457,0.0,,,60.0,1000000.0,0.0
STANCMIN,True,LCBSmoothNLP,LCB,SmoothNLP,random_raw,10,1.0,True,1.0,0.0010496979994059075,-2.6733902985806757,0.012297511002543615,10.0,,,0.0010496979994059075,1.0,0.0
SUPERSIM,True,LEBSmoothNLP,LEB,SmoothNLP,cutest,1,1.0,True,1.0,0.0013622219994431362,0.0,,,,,0.0013622219994431362,1.0,0.0
SUPERSIM,True,LEBSmoothNLP,LEB,SmoothNLP,llm_post,5,1.0,True,2.0,0.00026669799990486354,0.0,,,0.0015722740026831161,10.0,0.00026669799990486354,2.0,0.0
SUPERSIM,True,LEBSmoothNLP,LEB,SmoothNLP,llm_raw,5,1.0,True,1.0,0.00019576100021367893,0.0,,,0.0011736309970729053,7.0,0.00019576100021367893,1.0,0.0
SUPERSIM,True,LEBSmoothNLP,LEB,SmoothNLP,random_post,10,1.0,True,2.0,0.0002604159999464173,0.0,0.0030512519988405984,20.0,,,0.0002604159999464173,2.0,0.0
SUPERSIM,True,LEBSmoothNLP,LEB,SmoothNLP,random_raw,10,1.0,True,1.0,0.00013462500282912515,8.80452740715021e+16,0.0015819000036572106,10.0,,,0.00013462500282912515,1.0,0.0
SYNTHES1,True,NLC:SmoothNLP,NLC,SmoothNLP,cutest,1,1.0,True,17.0,0.02804468199974508,-2.904776420701893,,,,,0.02804468199974508,17.0,0.0
SYNTHES1,True,NLC:SmoothNLP,NLC,SmoothNLP,llm_post,5,1.0,True,17.0,0.02139556300244294,-2.904776420701893,,,0.11274290300207213,85.0,0.02139556300244294,17.0,0.0
SYNTHES1,True,NLC:SmoothNLP,NLC,SmoothNLP,llm_raw,5,1.0,True,17.0,0.02140165899982094,-2.904776420701893,,,0.10981946399624576,85.0,0.02140165899982094,17.0,0.0
SYNTHES1,True,NLC:SmoothNLP,NLC,SmoothNLP,random_post,10,1.0,True,14.0,0.018068600998958573,-2.904799227471356,0.249393368998426,160.0,,,0.018068600998958573,14.0,0.0
SYNTHES1,True,NLC:SmoothNLP,NLC,SmoothNLP,random_raw,10,1.0,True,15.0,0.02045492999968701,-2.9048005903855856,0.24398296699655475,188.0,,,0.02045492999968701,15.0,0.0
SYNTHES2,True,NLC:SmoothNLP,NLC,SmoothNLP,cutest,1,1.0,True,22.0,0.03296563299954869,-81.41058548932847,,,,,0.03296563299954869,22.0,0.0
SYNTHES2,True,NLC:SmoothNLP,NLC,SmoothNLP,llm_post,5,1.0,True,18.0,0.022663408002699725,-81.4108395611319,,,0.17206449600416818,104.0,0.022663408002699725,18.0,0.0
SYNTHES2,True,NLC:SmoothNLP,NLC,SmoothNLP,llm_raw,5,1.0,True,15.0,0.019377626002096804,-81.41079860552853,,,0.1317939680047857,103.0,0.019377626002096804,15.0,0.0
SYNTHES2,True,NLC:SmoothNLP,NLC,SmoothNLP,random_post,10,1.0,True,20.0,0.02391742100007832,-81.41083991075948,0.32248202900154865,221.0,,,0.02391742100007832,20.0,0.0
SYNTHES2,True,NLC:SmoothNLP,NLC,SmoothNLP,random_raw,10,1.0,True,814.0,0.11883045099966694,5.692514266270446e+20,1.2407608329958748,8243.0,,,0.11883045099966694,814.0,0.0
SYNTHES3,True,NLC:SmoothNLP,NLC,SmoothNLP,cutest,1,1.0,True,25.0,0.03889288400023361,-202.38024445154713,,,,,0.03889288400023361,25.0,0.0
SYNTHES3,True,NLC:SmoothNLP,NLC,SmoothNLP,llm_post,5,1.0,True,24.0,0.029744400002527982,-202.38039103586937,,,0.1599563180061523,124.0,0.029744400002527982,24.0,0.0
SYNTHES3,True,NLC:SmoothNLP,NLC,SmoothNLP,llm_raw,5,1.0,True,25.0,0.03173321899885195,-202.38039103586937,,,0.1635193120018812,127.0,0.03173321899885195,25.0,0.0
SYNTHES3,True,NLC:SmoothNLP,NLC,SmoothNLP,random_post,10,1.0,True,15.0,0.019953558999986853,-202.38039471310918,0.2897079849972215,184.0,,,0.019953558999986853,15.0,0.0
SYNTHES3,True,NLC:SmoothNLP,NLC,SmoothNLP,random_raw,10,1.0,True,13.0,0.01638649400047143,-202.38039308541636,0.2465680190034618,188.0,,,0.01638649400047143,13.0,0.0
TAME,True,LEBSmoothNLP,LEB,SmoothNLP,cutest,1,1.0,True,1.0,0.0015589309987262823,0.0,,,,,0.0015589309987262823,1.0,0.0
TAME,True,LEBSmoothNLP,LEB,SmoothNLP,llm_post,5,1.0,True,1.0,9.465099719818681e-05,0.0,,,0.0005747509967477527,9.0,9.465099719818681e-05,1.0,0.0
TAME,True,LEBSmoothNLP,LEB,SmoothNLP,llm_raw,5,1.0,True,1.0,0.00015040000289445743,0.0,,,0.0009954449997167103,9.0,0.00015040000289445743,1.0,0.0
TAME,True,LEBSmoothNLP,LEB,SmoothNLP,random_post,10,1.0,True,3.0,0.00011920299948542379,0.0,0.001803309001843445,30.0,,,0.00011920299948542379,3.0,0.0
TAME,True,LEBSmoothNLP,LEB,SmoothNLP,random_raw,10,1.0,True,1.0,0.00017786899843486026,0.0,0.730547878996731,19.0,,,0.00017786899843486026,1.0,0.0
TENBARS1,True,NLC:SmoothNLP,NLC,SmoothNLP,cutest,1,1.0,True,10.0,0.022453689998656046,19.031557670490635,,,,,0.022453689998656046,10.0,0.0
TENBARS1,True,NLC:SmoothNLP,NLC,SmoothNLP,llm_post,5,1.0,True,23.0,0.029292939998413203,19.03056805473106,,,0.18271074399308418,115.0,0.029292939998413203,23.0,0.0
TENBARS1,True,NLC:SmoothNLP,NLC,SmoothNLP,llm_raw,5,1.0,True,9.0,0.012591970000357833,19.031818996248482,,,0.06657010200433433,45.0,0.012591970000357833,9.0,0.0
TENBARS1,True,NLC:SmoothNLP,NLC,SmoothNLP,random_post,10,1.0,True,12.0,0.017590032999578398,19.030252264429315,0.977160788996116,5025.0,,,0.017590032999578398,12.0,0.0
TENBARS1,True,NLC:SmoothNLP,NLC,SmoothNLP,random_raw,10,1.0,True,1.0,0.09677607499907026,1.230700595052366e+21,0.9912862359960855,10.0,,,0.09677607499907026,1.0,0.0
TENBARS3,True,NLC:SmoothNLP,NLC,SmoothNLP,cutest,1,1.0,True,10.0,0.024289249999128515,19.03155765628714,,,,,0.024289249999128515,10.0,0.0
TENBARS3,True,NLC:SmoothNLP,NLC,SmoothNLP,llm_post,5,1.0,True,17.0,0.025432518999878084,19.030533035095814,,,0.17529669000214199,102.0,0.025432518999878084,17.0,0.0
TENBARS3,True,NLC:SmoothNLP,NLC,SmoothNLP,llm_raw,5,1.0,True,9.0,0.013414295000984566,19.031818861036584,,,0.06968507800775114,45.0,0.013414295000984566,9.0,0.0
TENBARS3,True,NLC:SmoothNLP,NLC,SmoothNLP,random_post,10,1.0,True,12.0,0.0180806139978813,19.030252264429315,1.1068411989981541,5718.0,,,0.0180806139978813,12.0,0.0
TENBARS3,True,NLC:SmoothNLP,NLC,SmoothNLP,random_raw,10,1.0,True,1.0,0.09826761799922679,1.230700595052366e+21,0.9999086670031829,10.0,,,0.09826761799922679,1.0,0.0
TENBARS4,True,NLC:SmoothNLP,NLC,SmoothNLP,cutest,1,1.0,True,8.0,0.01851170100053423,19.03853070207432,,,,,0.01851170100053423,8.0,0.0
TENBARS4,True,NLC:SmoothNLP,NLC,SmoothNLP,llm_post,5,1.0,True,34.0,0.0350610819987196,19.038817607530618,,,0.19949897000333294,170.0,0.0350610819987196,34.0,0.0
TENBARS4,True,NLC:SmoothNLP,NLC,SmoothNLP,llm_raw,5,1.0,True,7.0,0.009243068998330273,19.040615362087816,,,0.04916566999600036,35.0,0.009243068998330273,7.0,0.0
TENBARS4,True,NLC:SmoothNLP,NLC,SmoothNLP,random_post,10,1.0,True,7.0,0.008553933999792207,19.040615362087816,0.8115860590005468,4005.0,,,0.008553933999792207,7.0,0.0
TENBARS4,True,NLC:SmoothNLP,NLC,SmoothNLP,random_raw,10,1.0,True,1.0,0.0954695129985339,1.230700595052366e+21,0.9813496019960439,10.0,,,0.0954695129985339,1.0,0.0
TOINTGOR,False,USmoothNLP,U,SmoothNLP,cutest,1,1.0,True,95.0,0.06235292500059586,1373.905460670349,,,,,0.06235292500059586,95.0,0.0
TOINTGOR,False,USmoothNLP,U,SmoothNLP,llm_post,5,1.0,True,95.0,0.004605183999956353,1373.9054606696088,,,0.02528656699723797,491.0,0.004605183999956353,95.0,0.0
TOINTGOR,False,USmoothNLP,U,SmoothNLP,llm_raw,5,1.0,True,95.0,0.002237343996966956,1373.9054606696088,,,0.019312204996822402,491.0,0.002237343996966956,95.0,0.0
TOINTGOR,False,USmoothNLP,U,SmoothNLP,random_post,10,1.0,True,301.0,0.008339165997313103,4.914107598636242e+22,0.14020974900267902,3294.0,,,0.008339165997313103,301.0,0.0
TOINTGOR,False,USmoothNLP,U,SmoothNLP,random_raw,10,1.0,True,301.0,0.006959600999834947,4.914107598636242e+22,0.1177654630082543,3294.0,,,0.006959600999834947,301.0,0.0
TOINTPSP,False,USmoothNLP,U,SmoothNLP,cutest,1,1.0,True,108.0,0.09573514200019417,225.5604094221877,,,,,0.09573514200019417,108.0,0.0
TOINTPSP,False,USmoothNLP,U,SmoothNLP,llm_post,5,1.0,True,103.0,0.00471145799747319,225.5604094221877,,,0.025305185998149682,537.0,0.00471145799747319,103.0,0.0
TOINTPSP,False,USmoothNLP,U,SmoothNLP,llm_raw,5,1.0,True,103.0,0.0041178860010404605,225.5604094221877,,,0.021961191996524576,537.0,0.0041178860010404605,103.0,0.0
TOINTPSP,False,USmoothNLP,U,SmoothNLP,random_post,10,1.0,True,167.0,0.005747199000325054,225.5604094221464,0.07268477199977497,1842.0,,,0.005747199000325054,167.0,0.0
TOINTPSP,False,USmoothNLP,U,SmoothNLP,random_raw,10,1.0,True,167.0,0.0031808429994271137,225.5604094221464,0.05334716900688363,1842.0,,,0.0031808429994271137,167.0,0.0
TOINTQOR,False,USmoothNLP,U,SmoothNLP,cutest,1,1.0,True,34.0,0.09839049899892416,1175.4722221467593,,,,,0.09839049899892416,34.0,0.0
TOINTQOR,False,USmoothNLP,U,SmoothNLP,llm_post,5,1.0,True,34.0,0.0013384329977270681,1175.4722221467593,,,0.008665823999763234,170.0,0.0013384329977270681,34.0,0.0
TOINTQOR,False,USmoothNLP,U,SmoothNLP,llm_raw,5,1.0,True,34.0,0.001619219001440797,1175.4722221467593,,,0.008943417000409681,170.0,0.001619219001440797,34.0,0.0
TOINTQOR,False,USmoothNLP,U,SmoothNLP,random_post,10,1.0,True,135.0,0.0036908799993398134,1175.4722221463799,0.051369935001275735,1398.0,,,0.0036908799993398134,135.0,0.0
TOINTQOR,False,USmoothNLP,U,SmoothNLP,random_raw,10,1.0,True,135.0,0.002706227998714894,1175.4722221463799,0.04493458099386771,1398.0,,,0.002706227998714894,135.0,0.0
TRIGGER,False,NLC:SmoothNLP,NLC,SmoothNLP,cutest,1,1.0,True,1.0,0.005240092999883927,0.0,,,,,0.005240092999883927,1.0,0.0
TRIGGER,False,NLC:SmoothNLP,NLC,SmoothNLP,llm_post,5,1.0,True,1.0,0.0012558230009744875,0.0,,,0.006943484997464111,5.0,0.0012558230009744875,1.0,0.0
TRIGGER,False,NLC:SmoothNLP,NLC,SmoothNLP,llm_raw,5,1.0,True,1.0,0.0015975660026015248,0.0,,,0.008188950003386708,5.0,0.0015975660026015248,1.0,0.0
TRIGGER,False,NLC:SmoothNLP,NLC,SmoothNLP,random_post,10,1.0,True,1.0,0.001565156999276951,0.0,0.021570064993284177,10.0,,,0.001565156999276951,1.0,0.0
TRIGGER,False,NLC:SmoothNLP,NLC,SmoothNLP,random_raw,10,1.0,True,1.0,0.0011847189998661634,0.0,0.01412316800269764,10.0,,,0.0011847189998661634,1.0,0.0
TRIMLOSS,True,NLC:SmoothNLP,NLC,SmoothNLP,cutest,1,1.0,True,17.0,0.04479696400085231,0.0002816536626409936,,,,,0.04479696400085231,17.0,0.0
TRIMLOSS,True,NLC:SmoothNLP,NLC,SmoothNLP,llm_post,1,1.0,True,17.0,0.06810446500094258,0.0002872019763703256,,,0.06810446500094258,17.0,0.06810446500094258,17.0,0.0
TRIMLOSS,True,NLC:SmoothNLP,NLC,SmoothNLP,llm_raw,1,1.0,True,17.0,0.03369867299988982,0.00031236997400580776,,,0.03369867299988982,17.0,0.03369867299988982,17.0,0.0
TRIMLOSS,True,NLC:SmoothNLP,NLC,SmoothNLP,random_post,10,1.0,True,18.0,0.036037095000210684,0.0002821899577172903,0.4016936120024184,183.0,,,0.036037095000210684,18.0,0.0
TRIMLOSS,True,NLC:SmoothNLP,NLC,SmoothNLP,random_raw,10,1.0,True,15.0,0.026698606998252217,0.0014143796488571183,0.2985060119863192,159.0,,,0.026698606998252217,15.0,0.0
TRO3X3,True,NLC:SmoothNLP,NLC,SmoothNLP,cutest,1,0.0,False,,,,,,,,60.0,1000000.0,0.0
TRO3X3,True,NLC:SmoothNLP,NLC,SmoothNLP,llm_post,5,0.0,False,,,,,,2.817418909009575,0.0,60.0,1000000.0,0.0
TRO3X3,True,NLC:SmoothNLP,NLC,SmoothNLP,llm_raw,5,0.0,False,,,,,,2.7620541139986017,0.0,60.0,1000000.0,0.0
TRO3X3,True,NLC:SmoothNLP,NLC,SmoothNLP,random_post,10,1.0,True,395.0,0.11647239200101467,-1e+20,1.3327805070039176,3976.0,,,0.11647239200101467,395.0,0.0
TRO3X3,True,NLC:SmoothNLP,NLC,SmoothNLP,random_raw,10,1.0,True,1.0,0.10308722799891257,-5.418935517635497e+19,1.1040286629940965,10.0,,,0.10308722799891257,1.0,0.0
TRO4X4,True,NLC:SmoothNLP,NLC,SmoothNLP,cutest,1,0.0,False,,,,,,,,60.0,1000000.0,0.0
TRO4X4,True,NLC:SmoothNLP,NLC,SmoothNLP,llm_post,5,0.0,False,,,,,,3.027629076001176,0.0,60.0,1000000.0,0.0
TRO4X4,True,NLC:SmoothNLP,NLC,SmoothNLP,llm_raw,5,0.0,False,,,,,,3.016099803000543,0.0,60.0,1000000.0,0.0
TRO4X4,True,NLC:SmoothNLP,NLC,SmoothNLP,random_post,10,1.0,True,395.0,0.1410509950001142,-1e+20,1.5167015139959403,3989.0,,,0.1410509950001142,395.0,0.0
TRO4X4,True,NLC:SmoothNLP,NLC,SmoothNLP,random_raw,10,1.0,True,1.0,0.12861382800110732,-8.739983729621764e+19,1.3418342790064344,10.0,,,0.12861382800110732,1.0,0.0
TRO5X5,True,NLC:SmoothNLP,NLC,SmoothNLP,cutest,1,0.0,False,,,,,,,,60.0,1000000.0,0.0
TRO5X5,True,NLC:SmoothNLP,NLC,SmoothNLP,llm_post,1,0.0,False,,,,,,0.699658224999439,0.0,60.0,1000000.0,0.0
TRO5X5,True,NLC:SmoothNLP,NLC,SmoothNLP,llm_raw,1,0.0,False,,,,,,0.6439228000017465,0.0,60.0,1000000.0,0.0
TRO5X5,True,NLC:SmoothNLP,NLC,SmoothNLP,random_post,10,1.0,True,398.0,0.179186381999898,-1e+20,1.9642332990006253,4014.0,,,0.179186381999898,398.0,0.0
TRO5X5,True,NLC:SmoothNLP,NLC,SmoothNLP,random_raw,10,1.0,True,1.0,0.16195734599750722,-8.846379569768974e+19,1.7659362129961664,10.0,,,0.16195734599750722,1.0,0.0
TRO6X2,True,NLC:SmoothNLP,NLC,SmoothNLP,cutest,1,0.0,False,,,,,,,,60.0,1000000.0,0.0
TRO6X2,True,NLC:SmoothNLP,NLC,SmoothNLP,llm_post,5,0.0,False,,,,,,2.981256487000792,0.0,60.0,1000000.0,0.0
TRO6X2,True,NLC:SmoothNLP,NLC,SmoothNLP,llm_raw,5,0.0,False,,,,,,2.9583779940003296,0.0,60.0,1000000.0,0.0
TRO6X2,True,NLC:SmoothNLP,NLC,SmoothNLP,random_post,10,1.0,True,395.0,0.12829306999992696,-1e+20,1.464839905995177,3989.0,,,0.12829306999992696,395.0,0.0
TRO6X2,True,NLC:SmoothNLP,NLC,SmoothNLP,random_raw,10,1.0,True,1.0,0.11861242300074082,-6.300993388515403e+19,1.248340777001431,10.0,,,0.11861242300074082,1.0,0.0
TRUSPYR2,True,NLC:SmoothNLP,NLC,SmoothNLP,cutest,1,1.0,True,8.0,0.01960850800242042,3.26433544921221,,,,,0.01960850800242042,8.0,0.0
TRUSPYR2,True,NLC:SmoothNLP,NLC,SmoothNLP,llm_post,5,1.0,True,9.0,0.017069513000024017,3.2651326329134647,,,0.0919044739966921,45.0,0.017069513000024017,9.0,0.0
TRUSPYR2,True,NLC:SmoothNLP,NLC,SmoothNLP,llm_raw,5,1.0,True,5.0,0.0077721740017295815,3.264417712472132,,,0.040623761000460945,25.0,0.0077721740017295815,5.0,0.0
TRUSPYR2,True,NLC:SmoothNLP,NLC,SmoothNLP,random_post,10,1.0,True,19.0,0.020748868999362458,3.269396096997029,0.8539884990022983,4041.0,,,0.020748868999362458,19.0,0.0
TRUSPYR2,True,NLC:SmoothNLP,NLC,SmoothNLP,random_raw,10,1.0,True,1.0,0.08985725900129182,1.0890220105752171e+20,0.9233393180038547,10.0,,,0.08985725900129182,1.0,0.0
VIBRBEAM,False,U:LS,U,LS,cutest,1,1.0,True,4.0,0.0019132799970975611,8231.275067268562,,,,,0.0019132799970975611,4.0,0.0
VIBRBEAM,False,U:LS,U,LS,llm_post,5,1.0,True,4.0,0.00015861800056882203,8231.275067268562,,,0.0008603130008850712,20.0,0.00015861800056882203,4.0,0.0
VIBRBEAM,False,U:LS,U,LS,llm_raw,5,1.0,True,4.0,0.00016505499661434442,8231.275067268562,,,0.0009088809965760447,20.0,0.00016505499661434442,4.0,0.0
VIBRBEAM,False,U:LS,U,LS,random_post,10,0.0,False,,,,0.006596543000341626,0.0,,,60.0,1000000.0,0.0
VIBRBEAM,False,U:LS,U,LS,random_raw,10,0.0,False,,,,0.006849861001683166,0.0,,,60.0,1000000.0,0.0
WEEDS,True,B:LS,B,LS,cutest,1,1.0,True,51.0,0.0070493509992957115,2.5872773952843384,,,,,0.0070493509992957115,51.0,0.0
WEEDS,True,B:LS,B,LS,llm_post,5,0.8,True,50.0,0.0007839659992896486,2.587277395284181,,,0.008266385000752052,225.0,0.0007839659992896486,50.0,0.0
WEEDS,True,B:LS,B,LS,llm_raw,5,0.8,True,50.0,0.0007325980004679877,2.587277395284181,,,0.00643078100256389,225.0,0.0007325980004679877,50.0,0.0
WEEDS,True,B:LS,B,LS,random_post,10,0.8,True,14.0,0.0003405480019864626,1840.3963008695664,0.20277295899722958,1270.0,,,0.0003405480019864626,14.0,0.0
WEEDS,True,B:LS,B,LS,random_raw,10,0.8,True,14.0,0.00032325400025001727,1840.3963008695664,0.22439607299747877,1270.0,,,0.00032325400025001727,14.0,0.0
YFITNE,False,NLC:SmoothNLP,NLC,SmoothNLP,cutest,1,1.0,True,1.0,0.005846264997671824,0.0,,,,,0.005846264997671824,1.0,0.0
YFITNE,False,NLC:SmoothNLP,NLC,SmoothNLP,llm_post,5,1.0,True,1.0,0.001589215000421973,0.0,,,0.008557802000723314,5.0,0.001589215000421973,1.0,0.0
YFITNE,False,NLC:SmoothNLP,NLC,SmoothNLP,llm_raw,5,1.0,True,1.0,0.0017728630009514745,0.0,,,0.010601291000057245,5.0,0.0017728630009514745,1.0,0.0
YFITNE,False,NLC:SmoothNLP,NLC,SmoothNLP,random_post,10,1.0,True,1.0,0.0016143930006364826,0.0,0.019683050995809026,10.0,,,0.0016143930006364826,1.0,0.0
YFITNE,False,NLC:SmoothNLP,NLC,SmoothNLP,random_raw,10,1.0,True,1.0,0.0010974610013363417,0.0,0.012414055989211192,10.0,,,0.0010974610013363417,1.0,0.0
ZAMB2-10,True,NLC:SmoothNLP,NLC,SmoothNLP,cutest,1,1.0,True,59.0,0.6083707489997323,-1.637154164586747,,,,,0.6083707489997323,59.0,0.0
ZAMB2-10,True,NLC:SmoothNLP,NLC,SmoothNLP,random_post,10,1.0,True,110.0,0.9229129830018792,-1.6371766555692726,11.52356056500139,1460.0,,,0.9229129830018792,110.0,0.0
ZAMB2-10,True,NLC:SmoothNLP,NLC,SmoothNLP,random_raw,10,1.0,True,110.0,0.9969433299993398,-1.6371754964129719,12.59494743101095,1460.0,,,0.9969433299993398,110.0,0.0
ZAMB2-11,True,NLC:SmoothNLP,NLC,SmoothNLP,cutest,1,1.0,True,114.0,0.9259497140010353,-1.6363466679063552,,,,,0.9259497140010353,114.0,0.0
ZAMB2-11,True,NLC:SmoothNLP,NLC,SmoothNLP,random_post,10,1.0,True,114.0,0.7444839119998505,-1.6363457466261249,11.683167372000753,1250.0,,,0.7444839119998505,114.0,0.0
ZAMB2-11,True,NLC:SmoothNLP,NLC,SmoothNLP,random_raw,10,1.0,True,114.0,1.0498045649983396,-1.6363460243158066,13.618726575001347,1415.0,,,1.0498045649983396,114.0,0.0
ZECEVIC2,True,LCBSmoothNLP,LCB,SmoothNLP,cutest,1,1.0,True,11.0,0.017776930002582958,-21.124199918939865,,,,,0.017776930002582958,11.0,0.0
ZECEVIC2,True,LCBSmoothNLP,LCB,SmoothNLP,llm_post,5,1.0,True,11.0,0.012438360001397086,-21.12419992054787,,,0.06453370000235736,55.0,0.012438360001397086,11.0,0.0
ZECEVIC2,True,LCBSmoothNLP,LCB,SmoothNLP,llm_raw,5,1.0,True,11.0,0.012927255000249716,-21.12419992054787,,,0.10396038600447355,55.0,0.012927255000249716,11.0,0.0
ZECEVIC2,True,LCBSmoothNLP,LCB,SmoothNLP,random_post,10,1.0,True,11.0,0.012338452001131373,-21.12419992043063,0.21144197800458642,110.0,,,0.012338452001131373,11.0,0.0
ZECEVIC2,True,LCBSmoothNLP,LCB,SmoothNLP,random_raw,10,1.0,True,10.0,0.012230682998051634,-21.124839996553042,0.16854800199871534,142.0,,,0.012230682998051634,10.0,0.0
ZECEVIC3,True,NLC:SmoothNLP,NLC,SmoothNLP,cutest,1,1.0,True,9.0,0.01816497600157163,8.100187187665142e-13,,,,,0.01816497600157163,9.0,0.0
ZECEVIC3,True,NLC:SmoothNLP,NLC,SmoothNLP,llm_post,5,1.0,True,8.0,0.01167586600058712,7.531752999057062e-13,,,0.0761787249975896,43.0,0.01167586600058712,8.0,0.0
ZECEVIC3,True,NLC:SmoothNLP,NLC,SmoothNLP,llm_raw,5,1.0,True,8.0,0.010488947998965159,3.552713678800501e-14,,,0.06390810599623364,46.0,0.010488947998965159,8.0,0.0
ZECEVIC3,True,NLC:SmoothNLP,NLC,SmoothNLP,random_post,10,1.0,True,8.0,0.009528426999168005,2.133759835487581e-11,0.1030465340045339,80.0,,,0.009528426999168005,8.0,0.0
ZECEVIC3,True,NLC:SmoothNLP,NLC,SmoothNLP,random_raw,10,1.0,True,8.0,0.009800831001484767,-7.105427357601002e-15,0.13002182499621995,94.0,,,0.009800831001484767,8.0,0.0
ZECEVIC4,True,NLC:SmoothNLP,NLC,SmoothNLP,cutest,1,1.0,True,10.0,0.01862552400052664,1.8189894035458565e-12,,,,,0.01862552400052664,10.0,0.0
ZECEVIC4,True,NLC:SmoothNLP,NLC,SmoothNLP,llm_post,5,1.0,True,9.0,0.011950509997404879,6.394884621840902e-14,,,0.0632003730024735,45.0,0.011950509997404879,9.0,0.0
ZECEVIC4,True,NLC:SmoothNLP,NLC,SmoothNLP,llm_raw,5,1.0,True,9.0,0.011936703998799203,1.751487843648647e-12,,,0.06536696499824757,48.0,0.011936703998799203,9.0,0.0
ZECEVIC4,True,NLC:SmoothNLP,NLC,SmoothNLP,random_post,10,1.0,True,9.0,0.012811268999939784,1.7763568394002505e-14,0.19154623000213178,97.0,,,0.012811268999939784,9.0,0.0
ZECEVIC4,True,NLC:SmoothNLP,NLC,SmoothNLP,random_raw,10,1.0,True,7.0,0.009925542999553727,-1.0658141036401503e-14,0.1414247670036275,97.0,,,0.009925542999553727,7.0,0.0
ZY2,True,NLC:SmoothNLP,NLC,SmoothNLP,cutest,1,1.0,True,44.0,0.0487345940018713,0.003058788074773603,,,,,0.0487345940018713,44.0,0.0
ZY2,True,NLC:SmoothNLP,NLC,SmoothNLP,llm_post,5,1.0,True,43.0,0.04338522300167824,0.0028307698469937467,,,0.22320555800251896,221.0,0.04338522300167824,43.0,0.0
ZY2,True,NLC:SmoothNLP,NLC,SmoothNLP,llm_raw,5,1.0,True,43.0,0.042699337001977256,0.0028307698469937467,,,0.22100421600407572,221.0,0.042699337001977256,43.0,0.0
ZY2,True,NLC:SmoothNLP,NLC,SmoothNLP,random_post,10,1.0,True,35.0,0.03565638699728879,0.0029180018589336832,0.40224223799668835,392.0,,,0.03565638699728879,35.0,0.0
ZY2,True,NLC:SmoothNLP,NLC,SmoothNLP,random_raw,10,1.0,True,25.0,0.10504412500085891,6.825243484537061e+50,1.0802615709981183,262.0,,,0.10504412500085891,25.0,0.0
