problem,has_bounds,init_source,n_runs,success_rate,success_any,best_nfev,median_nfev,best_time,median_time,best_f_final,fallback_rate
ACOPP14,TRUE,cutest,1,1,TRUE,13,13,0.028440537,0.028440537,0.000163163,0
ACOPP14,TRUE,llm_post,5,1,TRUE,12,12,0.021213605,0.026593365,0.000171608,0
ACOPP14,TRUE,llm_raw,5,1,TRUE,12,12,0.020898314,0.021009351,0.000160085,0
ACOPP14,TRUE,random_post,10,1,TRUE,13,15,0.022196352,0.024835761,0.000156208,0
ACOPP14,TRUE,random_raw,10,1,TRUE,14,15,0.024788983,0.031307847,0.000146314,0
ACOPP30,TRUE,cutest,1,1,TRUE,13,13,0.031590726,0.031590726,0.000274081,0
ACOPP30,TRUE,llm_post,5,1,TRUE,19,19,0.039095308,0.039554706,3.33E-05,0
ACOPP30,TRUE,llm_raw,5,1,TRUE,22,27,0.04169705,0.052001313,3.72E-05,0
ACOPP30,TRUE,random_post,10,1,TRUE,12,15,0.023617411,0.030253815,3.84E-05,0
ACOPP30,TRUE,random_raw,10,1,TRUE,14,15,0.029885468,0.038429633,2.97E-05,0
ACOPR14,TRUE,cutest,1,1,TRUE,14,14,0.029296152,0.029296152,0.000159926,0
ACOPR14,TRUE,llm_post,5,1,TRUE,14,14,0.022474748,0.031152699,0.000163029,0
ACOPR14,TRUE,llm_raw,5,1,TRUE,14,14,0.023077555,0.023339914,0.00016,0
ACOPR14,TRUE,random_post,10,1,TRUE,14,16.5,0.024214432,0.026837021,0.00014966,0
ACOPR14,TRUE,random_raw,10,1,TRUE,13,15,0.022911958,0.024881195,0.000142202,0
ACOPR30,TRUE,cutest,1,1,TRUE,16,16,0.037715682,0.037715682,3.71E-05,0
ACOPR30,TRUE,llm_post,5,1,TRUE,15,15,0.028710698,0.031783547,3.58E-05,0
ACOPR30,TRUE,llm_raw,5,1,TRUE,14,14,0.026955894,0.027527333,3.84E-05,0
ACOPR30,TRUE,random_post,10,1,TRUE,12,14,0.024192407,0.029221862,3.65E-05,0
ACOPR30,TRUE,random_raw,10,1,TRUE,12,14,0.023431044,0.027640912,3.74E-05,0
AIRPORT,TRUE,cutest,1,1,TRUE,1,1,0.004943093,0.004943093,0,0
AIRPORT,TRUE,llm_post,5,1,TRUE,6,6,0.01440879,0.019492853,3.59E-17,0
AIRPORT,TRUE,llm_raw,5,1,TRUE,1,1,0.001243394,0.001350895,0,0
AIRPORT,TRUE,random_post,10,1,TRUE,6,6,0.01177377,0.014789714,6.42E-17,0
AIRPORT,TRUE,random_raw,10,1,TRUE,6,7,0.011993901,0.013704301,1.80E-20,0
ALLINIT,TRUE,cutest,1,1,TRUE,17,17,0.045706294,0.045706294,16.70596843,0
ALLINIT,TRUE,llm_post,5,1,TRUE,17,17,0.000424058,0.000434749,16.70596843,0
ALLINIT,TRUE,llm_raw,5,1,TRUE,17,17,0.000409654,0.000424591,16.70596843,0
ALLINIT,TRUE,random_post,10,1,TRUE,27,35.5,0.000577596,0.000730899,2.58E+77,0
ALLINIT,TRUE,random_raw,10,1,TRUE,27,35.5,0.000624314,0.000732903,2.58E+77,0
ALLINITU,FALSE,cutest,1,1,TRUE,19,19,0.051135031,0.051135031,5.74438491,0
ALLINITU,FALSE,llm_post,5,1,TRUE,19,19,0.000771319,0.000828841,5.74438491,0
ALLINITU,FALSE,llm_raw,5,1,TRUE,19,19,0.00078679,0.000817079,5.74438491,0
ALLINITU,FALSE,random_post,10,1,TRUE,165,229.5,0.001766197,0.005447491,9.36E+78,0
ALLINITU,FALSE,random_raw,10,1,TRUE,165,229.5,0.002458808,0.003261102,9.36E+78,0
ALSOTAME,TRUE,cutest,1,1,TRUE,14,14,0.022558684,0.022558684,0.006827772,0
ALSOTAME,TRUE,llm_post,5,1,TRUE,12,19,0.015853191,0.022853275,0.006835405,0
ALSOTAME,TRUE,llm_raw,5,1,TRUE,12,16,0.014327774,0.018037397,0.006827772,0
ALSOTAME,TRUE,random_post,10,1,TRUE,11,12,0.014166366,0.016505612,0.006828765,0
ALSOTAME,TRUE,random_raw,10,1,TRUE,8,13,0.010222463,0.016394957,0.006816741,0
ANTWERP,TRUE,cutest,1,0,FALSE,,,,,,0
ANTWERP,TRUE,llm_post,5,0,FALSE,,,,,,0
ANTWERP,TRUE,llm_raw,5,0,FALSE,,,,,,0
ANTWERP,TRUE,random_post,10,0,FALSE,,,,,,0
ANTWERP,TRUE,random_raw,10,0,FALSE,,,,,,0
ARGAUSS,FALSE,cutest,1,1,TRUE,1,1,0.004400425,0.004400425,0,0
ARGAUSS,FALSE,llm_post,5,1,TRUE,1,1,0.001431622,0.001590888,0,0
ARGAUSS,FALSE,llm_raw,5,1,TRUE,1,1,0.001026911,0.00107247,0,0
ARGAUSS,FALSE,random_post,10,1,TRUE,1,1,0.001048692,0.001110141,0,0
ARGAUSS,FALSE,random_raw,10,1,TRUE,1,1,0.001178904,0.001263903,0,0
AVGASA,TRUE,cutest,1,1,TRUE,15,15,0.025656032,0.025656032,-13.72878463,0
AVGASA,TRUE,llm_post,5,1,TRUE,14,15,0.01881993,0.020548681,-13.72879465,0
AVGASA,TRUE,llm_raw,5,1,TRUE,13,14,0.018608213,0.019097647,-13.72879694,0
AVGASA,TRUE,random_post,10,1,TRUE,13,13.5,0.01711772,0.019031317,-13.72878334,0
AVGASA,TRUE,random_raw,10,1,TRUE,13,14,0.017168577,0.019477829,-13.72878514,0
AVGASB,TRUE,cutest,1,1,TRUE,14,14,0.023719954,0.023719954,-12.39282633,0
AVGASB,TRUE,llm_post,5,1,TRUE,14,15,0.019922813,0.020186815,-12.39282933,0
AVGASB,TRUE,llm_raw,5,1,TRUE,14,15,0.018226701,0.020366326,-12.39282813,0
AVGASB,TRUE,random_post,10,1,TRUE,12,14,0.017282106,0.020023256,-12.39282902,0
AVGASB,TRUE,random_raw,10,1,TRUE,13,14,0.017647077,0.019815842,-12.39283162,0
BATCH,TRUE,cutest,1,1,TRUE,15,15,0.03046696,0.03046696,45958.30602,0
BATCH,TRUE,llm_post,5,1,TRUE,19,19,0.043819888,0.049605249,45958.30602,0
BATCH,TRUE,llm_raw,5,1,TRUE,14,14,0.023836165,0.02450272,45958.30601,0
BATCH,TRUE,random_post,10,1,TRUE,20,21.5,0.045655838,0.055917715,45958.30602,0
BATCH,TRUE,random_raw,10,1,TRUE,16,20,0.038511726,0.052341977,45958.306,0
BEALE,FALSE,cutest,1,1,TRUE,17,17,0.090451104,0.090451104,1.21E-12,0
BEALE,FALSE,llm_post,5,1,TRUE,17,17,0.000667129,0.000731233,5.82E-15,0
BEALE,FALSE,llm_raw,5,1,TRUE,17,17,0.000721796,0.000780343,5.82E-15,0
BEALE,FALSE,random_post,10,0.5,TRUE,41,58,0.000513875,0.001475304,0.45200893,0
BEALE,FALSE,random_raw,10,0.5,TRUE,41,58,0.000523213,0.001749379,0.45200893,0
BIGGSC4,TRUE,cutest,1,1,TRUE,8,8,0.013053136,0.013053136,-49.91933307,0
BIGGSC4,TRUE,llm_post,5,1,TRUE,5,6,0.006296736,0.008054151,-49.99615918,0
BIGGSC4,TRUE,llm_raw,5,1,TRUE,7,8,0.007932742,0.008860639,-49.99373438,0
BIGGSC4,TRUE,random_post,10,1,TRUE,7,8,0.008154672,0.009918319,-49.99753082,0
BIGGSC4,TRUE,random_raw,10,1,TRUE,8,10,0.009960521,0.011866693,-49.99753082,0
BQPGASIM,TRUE,cutest,1,1,TRUE,23,23,0.041369141,0.041369141,-5.52E-05,0
BQPGASIM,TRUE,llm_post,5,1,TRUE,23,40,0.000910545,0.001251216,-5.52E-05,0
BQPGASIM,TRUE,llm_raw,5,1,TRUE,23,40,0.000860546,0.001301942,-5.52E-05,0
BQPGASIM,TRUE,random_post,10,1,TRUE,41,43.5,0.001374013,0.001469544,-5.52E-05,0
BQPGASIM,TRUE,random_raw,10,1,TRUE,41,43.5,0.001350216,0.001516259,-5.52E-05,0
BROWNBS,FALSE,cutest,1,1,TRUE,18,18,0.014260753,0.014260753,8.19E-19,0
BROWNBS,FALSE,llm_post,5,1,TRUE,16,16,0.00040082,0.000431786,8.19E-19,0
BROWNBS,FALSE,llm_raw,5,1,TRUE,16,16,0.000394388,0.000428411,8.19E-19,0
BROWNBS,FALSE,random_post,10,1,TRUE,10,12,0.000269948,0.000356554,8.93E+36,0
BROWNBS,FALSE,random_raw,10,1,TRUE,10,12,0.000305509,0.000370575,8.93E+36,0
BROWNDEN,FALSE,cutest,1,1,TRUE,30,30,0.117249559,0.117249559,85822.20162,0
BROWNDEN,FALSE,llm_post,5,1,TRUE,27,30,0.001062197,0.001156926,85822.20162,0
BROWNDEN,FALSE,llm_raw,5,1,TRUE,27,30,0.001025733,0.001191884,85822.20162,0
BROWNDEN,FALSE,random_post,10,1,TRUE,177,186,0.002762252,0.006664845,85822.20162,0
BROWNDEN,FALSE,random_raw,10,1,TRUE,177,186,0.003263552,0.006597719,85822.20162,0
BT11,FALSE,cutest,1,1,TRUE,38,38,0.048784082,0.048784082,8.04E-10,0
BT11,FALSE,llm_post,5,1,TRUE,31,41,0.036479199,0.047647575,4.75E-10,0
BT11,FALSE,llm_raw,5,1,TRUE,30,38,0.035574253,0.0432538,7.18E-10,0
BT11,FALSE,random_post,10,1,TRUE,1,1,0.106292757,0.107887188,2.50E+77,0
BT11,FALSE,random_raw,10,1,TRUE,1,1,0.10462973,0.1067945,1.33E+78,0
BT12,FALSE,cutest,1,1,TRUE,10,10,0.017840447,0.017840447,1.67E-37,0
BT12,FALSE,llm_post,5,1,TRUE,7,7,0.010588155,0.013844669,1.02E-14,0
BT12,FALSE,llm_raw,5,1,TRUE,9,9,0.013406289,0.01345762,1.67E-37,0
BT12,FALSE,random_post,10,1,TRUE,1,1,0.104581224,0.106252545,1.28E+38,0
BT12,FALSE,random_raw,10,1,TRUE,1,1,0.106215242,0.112051031,4.18E+38,0
BT13,TRUE,cutest,1,1,TRUE,235,235,0.232516643,0.232516643,0.000815293,0
BT13,TRUE,llm_post,5,1,TRUE,120,235,0.11241227,0.241822931,0.000815291,0
BT13,TRUE,llm_raw,5,1,TRUE,120,235,0.113224842,0.219642758,0.000815293,0
BT13,TRUE,random_post,10,1,TRUE,1,1,0.08494246,0.086785405,4.76E+19,0
BT13,TRUE,random_raw,10,1,TRUE,1,1,0.085941064,0.089251035,7.62E+18,0
BT2,FALSE,cutest,1,1,TRUE,27,27,0.036933634,0.036933634,9.31E-10,0
BT2,FALSE,llm_post,5,1,TRUE,23,25,0.029400182,0.031452238,5.30E-10,0
BT2,FALSE,llm_raw,5,1,TRUE,22,38,0.027925072,0.043374728,1.51E-10,0
BT2,FALSE,random_post,10,1,TRUE,49,49,0.105112915,0.107522406,7.24E+73,0
BT2,FALSE,random_raw,10,1,TRUE,1,1,0.105257547,0.106676058,7.69E+72,0
BT3,FALSE,cutest,1,1,TRUE,5,5,0.002286525,0.002286525,1.89E-29,0
BT3,FALSE,llm_post,5,1,TRUE,5,5,0.000327521,0.000346503,4.93E-32,0
BT3,FALSE,llm_raw,5,1,TRUE,5,5,0.000145345,0.000186283,6.31E-30,0
BT3,FALSE,random_post,10,1,TRUE,1,1,0.103849503,0.126711331,7.44E+38,0
BT3,FALSE,random_raw,10,1,TRUE,1,1,0.003141262,0.112685665,4.000000194,0
BT4,FALSE,cutest,1,1,TRUE,34,34,0.148315471,0.148315471,-1.00E+60,0
BT4,FALSE,llm_post,5,1,TRUE,34,34,0.142394743,0.14816975,-1.00E+60,0
BT4,FALSE,llm_raw,5,1,TRUE,34,34,0.143570765,0.147929902,-1.00E+60,0
BT4,FALSE,random_post,10,0.7,TRUE,1,33,0.106033821,0.148141115,-1.00E+60,0
BT4,FALSE,random_raw,10,1,TRUE,1,1,0.103781544,0.106652009,-9.09E+59,0
BT5,FALSE,cutest,1,0,FALSE,,,,,,0
BT5,FALSE,llm_post,5,0,FALSE,,,,,,0
BT5,FALSE,llm_raw,5,0.2,TRUE,1,1,0.001421862,0.001421862,1000,0
BT5,FALSE,random_post,10,0,FALSE,,,,,,0
BT5,FALSE,random_raw,10,1,TRUE,1,1,0.10302561,0.107424569,-4.07E+40,0
BT6,FALSE,cutest,1,1,TRUE,38,38,0.050864026,0.050864026,2.11E-09,0
BT6,FALSE,llm_post,5,1,TRUE,35,36,0.043687926,0.051170426,1.02E-09,0
BT6,FALSE,llm_raw,5,1,TRUE,30,38,0.035508681,0.043353556,1.02E-09,0
BT6,FALSE,random_post,10,1,TRUE,1,1,0.107595997,0.110560187,1.09E+112,0
BT6,FALSE,random_raw,10,1,TRUE,1,1,0.106364876,0.10760771,3.62E+112,0
BT7,FALSE,cutest,1,1,TRUE,63,63,0.069001375,0.069001375,5.09E-13,0
BT7,FALSE,llm_post,5,1,TRUE,20,21,0.024557633,0.027999986,1.26E-18,0
BT7,FALSE,llm_raw,5,1,TRUE,57,63,0.058780159,0.06476943,3.80E-17,0
BT7,FALSE,random_post,10,1,TRUE,1,1,0.107896268,0.113555752,1.70E+75,0
BT7,FALSE,random_raw,10,1,TRUE,1,1,0.109015624,0.109917867,3.35E+76,0
BT8,FALSE,cutest,1,1,TRUE,3,3,0.008139904,0.008139904,0,0
BT8,FALSE,llm_post,5,1,TRUE,3,3,0.006355856,0.006556297,0,0
BT8,FALSE,llm_raw,5,1,TRUE,3,3,0.003052465,0.003424755,0,0
BT8,FALSE,random_post,10,1,TRUE,1,1,0.105035856,0.107805027,6.73E+38,0
BT8,FALSE,random_raw,10,1,TRUE,1,1,0.105442848,0.107956533,4.83E+38,0
BT9,FALSE,cutest,1,0,FALSE,,,,,,0
BT9,FALSE,llm_post,5,0,FALSE,,,,,,0
BT9,FALSE,llm_raw,5,0,FALSE,,,,,,0
BT9,FALSE,random_post,10,0.1,TRUE,1,1,0.126181348,0.126181348,2.77E+16,0
BT9,FALSE,random_raw,10,1,TRUE,1,1,0.085661638,0.088654459,-2.25E+19,0
BYRDSPHR,FALSE,cutest,1,0,FALSE,,,,,,0
BYRDSPHR,FALSE,llm_post,5,0,FALSE,,,,,,0
BYRDSPHR,FALSE,llm_raw,5,0,FALSE,,,,,,0
BYRDSPHR,FALSE,random_post,10,0.3,TRUE,1,1,0.087320549,0.088456566,1.45E+16,0
BYRDSPHR,FALSE,random_raw,10,1,TRUE,1,1,0.084841743,0.088068007,-1.92E+19,0
CAMEL6,TRUE,cutest,1,1,TRUE,15,15,0.052415866,0.052415866,-1.031628453,0
CAMEL6,TRUE,llm_post,5,1,TRUE,11,15,0.000325581,0.000410983,-1.031628453,0
CAMEL6,TRUE,llm_raw,5,1,TRUE,11,15,0.000293818,0.000332717,-1.031628453,0
CAMEL6,TRUE,random_post,10,1,TRUE,9,14,0.000214626,0.000288276,-1.031628453,0
CAMEL6,TRUE,random_raw,10,1,TRUE,9,14,0.000268225,0.000335129,-1.031628453,0
CANTILVR,TRUE,cutest,1,1,TRUE,30,30,0.042207401,0.042207401,0.000900165,0
CANTILVR,TRUE,llm_post,5,1,TRUE,22,25,0.468231328,0.472825632,3.12E-07,0
CANTILVR,TRUE,llm_raw,5,1,TRUE,30,30,0.031571044,0.032371248,0.000900165,0
CANTILVR,TRUE,random_post,10,1,TRUE,1,1,0.075657617,0.077815911,7.93E+18,0
CANTILVR,TRUE,random_raw,10,1,TRUE,1,1,0.075354315,0.076599323,7.93E+18,0
CB2,FALSE,cutest,1,0,FALSE,,,,,,0
CB2,FALSE,llm_post,5,0,FALSE,,,,,,0
CB2,FALSE,llm_raw,5,0,FALSE,,,,,,0
CB2,FALSE,random_post,10,1,TRUE,1,1,0.085052143,0.087020458,-9.00E+19,0
CB2,FALSE,random_raw,10,1,TRUE,1,1,0.083752967,0.086631022,-9.00E+19,0
CB3,FALSE,cutest,1,0,FALSE,,,,,,0
CB3,FALSE,llm_post,5,0,FALSE,,,,,,0
CB3,FALSE,llm_raw,5,0,FALSE,,,,,,0
CB3,FALSE,random_post,10,1,TRUE,1,1,0.083899603,0.0853726,-9.00E+19,0
CB3,FALSE,random_raw,10,1,TRUE,1,1,0.084946038,0.088335694,-9.00E+19,0
CHACONN2,FALSE,cutest,1,0,FALSE,,,,,,0
CHACONN2,FALSE,llm_post,5,0,FALSE,,,,,,0
CHACONN2,FALSE,llm_raw,5,0,FALSE,,,,,,0
CHACONN2,FALSE,random_post,10,1,TRUE,1,1,0.084456924,0.087941069,-9.00E+19,0
CHACONN2,FALSE,random_raw,10,1,TRUE,1,1,0.083912874,0.087733533,-9.00E+19,0
CLIFF,FALSE,cutest,1,1,TRUE,47,47,0.002007604,0.002007604,6.280256342,0
CLIFF,FALSE,llm_post,5,0.4,TRUE,47,47,0.001242853,0.001342262,6.280256342,0
CLIFF,FALSE,llm_raw,5,0.4,TRUE,47,47,0.001242009,0.001306677,6.280256342,0
CLIFF,FALSE,random_post,10,1,TRUE,4,41,0.000300485,0.001349129,6.280256342,0
CLIFF,FALSE,random_raw,10,1,TRUE,4,41,0.000341942,0.001284986,6.280256342,0.2
CLUSTER,FALSE,cutest,1,1,TRUE,1,1,0.00501607,0.00501607,0,0
CLUSTER,FALSE,llm_post,5,1,TRUE,1,1,0.00217517,0.002407755,0,0
CLUSTER,FALSE,llm_raw,5,1,TRUE,1,1,0.002288845,0.002308324,0,0
CLUSTER,FALSE,random_post,10,1,TRUE,1,1,0.001272159,0.0018856,0,0
CLUSTER,FALSE,random_raw,10,1,TRUE,1,1,0.001209542,0.001312839,0,0
CORE1,TRUE,cutest,1,1,TRUE,354,354,0.556532005,0.556532005,54.4015604,0
CORE1,TRUE,llm_post,5,1,TRUE,11,11,0.023768669,0.027028972,54.40156366,0
CORE1,TRUE,llm_raw,5,1,TRUE,12,12,0.022133071,0.022469733,54.401559,0
CORE1,TRUE,random_post,10,1,TRUE,12,13,0.024505343,0.025789871,54.40154792,0
CORE1,TRUE,random_raw,10,1,TRUE,12,13,0.022217888,0.024714148,54.40155665,0
CORE2,TRUE,cutest,1,1,TRUE,104,104,0.215802342,0.215802342,36.01111192,0
CORE2,TRUE,random_post,10,1,TRUE,19,27,0.040030434,0.04970445,36.01110073,0
CORE2,TRUE,random_raw,10,1,TRUE,17,25.5,0.033538978,0.046507037,36.0111099,0
CRESC100,TRUE,cutest,1,1,TRUE,11,11,0.022631615,0.022631615,1.29E-06,0
CRESC100,TRUE,llm_post,5,1,TRUE,9,9,0.018358727,0.022241583,1.04E-06,0
CRESC100,TRUE,llm_raw,5,1,TRUE,10,11,0.015106543,0.016427054,1.29E-06,0
CRESC100,TRUE,random_post,10,0.6,TRUE,16,16,0.03382754,0.035452796,4.78013E+11,0
CRESC100,TRUE,random_raw,10,0,FALSE,,,,,,0
CRESC50,TRUE,cutest,1,1,TRUE,11,11,0.020878843,0.020878843,1.29E-06,0
CRESC50,TRUE,llm_post,5,1,TRUE,10,10,0.015331441,0.026706134,1.32E-06,0
CRESC50,TRUE,llm_raw,5,1,TRUE,11,11,0.015840702,0.016644407,1.29E-06,0
CRESC50,TRUE,random_post,10,0.6,TRUE,16,16,0.032426919,0.035203815,4.78014E+11,0
CRESC50,TRUE,random_raw,10,0,FALSE,,,,,,0
CSFI1,TRUE,cutest,1,0,FALSE,,,,,,0
CSFI1,TRUE,llm_post,5,0,FALSE,,,,,,0
CSFI1,TRUE,llm_raw,5,0,FALSE,,,,,,0
CSFI1,TRUE,random_post,10,1,TRUE,569,580,0.104348989,0.109007096,-9.84E+19,0
CSFI1,TRUE,random_raw,10,1,TRUE,284,338,0.094858442,0.099365873,-9.84E+19,0
CSFI2,TRUE,cutest,1,1,TRUE,12,12,0.025740204,0.025740204,6.40E-06,0
CSFI2,TRUE,llm_post,5,1,TRUE,53,53,0.05554138,0.056624862,6.40E-06,0
CSFI2,TRUE,llm_raw,5,1,TRUE,9,9,0.013657564,0.013881133,6.40E-06,0
CSFI2,TRUE,random_post,10,1,TRUE,570,614.5,0.10436458,0.107852629,4.99E+18,0
CSFI2,TRUE,random_raw,10,1,TRUE,1,1,0.085023879,0.0864786,4.99E+18,0
CUBE,FALSE,cutest,1,1,TRUE,45,45,0.110337366,0.110337366,3.42E-14,0
CUBE,FALSE,llm_post,5,1,TRUE,34,42,0.000992126,0.001446814,2.92E-15,0
CUBE,FALSE,llm_raw,5,1,TRUE,34,42,0.000552958,0.000657396,2.92E-15,0
CUBE,FALSE,random_post,10,0.5,TRUE,181,191,0.00451234,0.006143874,2.94E+40,0
CUBE,FALSE,random_raw,10,0.5,TRUE,181,191,0.002740273,0.006232146,2.94E+40,0
CUBENE,FALSE,cutest,1,1,TRUE,1,1,0.004784394,0.004784394,0,0
CUBENE,FALSE,llm_post,5,1,TRUE,1,1,0.002323958,0.002399511,0,0
CUBENE,FALSE,llm_raw,5,1,TRUE,1,1,0.002276689,0.002484896,0,0
CUBENE,FALSE,random_post,10,1,TRUE,1,1,0.001312242,0.00233046,0,0
CUBENE,FALSE,random_raw,10,1,TRUE,1,1,0.001183285,0.001246106,0,0
DECONVB,TRUE,cutest,1,1,TRUE,64,64,0.064891621,0.064891621,5.11E-08,0
DECONVB,TRUE,llm_post,5,1,TRUE,64,72,0.002290656,0.003666451,1.98E-08,0
DECONVB,TRUE,llm_raw,5,1,TRUE,64,72,0.003640749,0.003821986,1.98E-08,0
DECONVB,TRUE,random_post,10,1,TRUE,2,2,0.000436347,0.000495742,66.73839453,0
DECONVB,TRUE,random_raw,10,1,TRUE,2,2,0.000467061,0.000658865,66.73839453,0
DECONVC,TRUE,cutest,1,1,TRUE,117,117,1.015692976,1.015692976,0.002569477,0
DECONVC,TRUE,llm_post,5,1,TRUE,120,122,0.868513088,0.911067585,0.002569477,0
DECONVC,TRUE,llm_raw,5,1,TRUE,117,123,0.875304676,0.888091379,0.002569477,0
DECONVC,TRUE,random_post,10,1,TRUE,47,50,0.08733788,0.102177032,1.49747E+14,0
DECONVC,TRUE,random_raw,10,1,TRUE,1,1,0.143374529,0.144641333,1.24E+82,0
DECONVNE,FALSE,cutest,1,1,TRUE,1,1,0.005422964,0.005422964,0,0
DECONVNE,FALSE,llm_post,5,1,TRUE,1,1,0.001396027,0.002610111,0,0
DECONVNE,FALSE,llm_raw,5,1,TRUE,1,1,0.002381783,0.002538129,0,0
DECONVNE,FALSE,random_post,10,1,TRUE,1,1,0.002445972,0.002652487,0,0
DECONVNE,FALSE,random_raw,10,1,TRUE,1,1,0.001265732,0.001374843,0,0
DEGENLPA,TRUE,cutest,1,1,TRUE,7,7,0.014623402,0.014623402,0,0
DEGENLPA,TRUE,llm_post,5,1,TRUE,2,3,0.000246572,0.000304249,0,0
DEGENLPA,TRUE,llm_raw,5,1,TRUE,6,7,0.000380953,0.000815067,0,0
DEGENLPA,TRUE,random_post,10,1,TRUE,2,2.5,0.000342798,0.000472557,0,0
DEGENLPA,TRUE,random_raw,10,1,TRUE,5,9,0.000403366,0.00054833,0,0
DEGENLPB,TRUE,cutest,1,1,TRUE,1,1,0.001580235,0.001580235,-533.369,0
DEGENLPB,TRUE,llm_post,5,1,TRUE,6,6,0.000374718,0.000388605,-533.369,0
DEGENLPB,TRUE,llm_raw,5,1,TRUE,1,6,0.000367938,0.000710109,-533.369,0
DEGENLPB,TRUE,random_post,10,1,TRUE,6,7,0.000724398,0.00080315,-533.369,0
DEGENLPB,TRUE,random_raw,10,1,TRUE,6,8,0.000372698,0.000495311,-533.369,0
DEMBO7,TRUE,cutest,1,1,TRUE,21,21,0.538642247,0.538642247,154.826673,0
DEMBO7,TRUE,llm_post,5,1,TRUE,18,19,0.506009731,0.510376584,154.8266733,0
DEMBO7,TRUE,llm_raw,5,1,TRUE,20,21,0.514905394,0.526293805,154.8266727,0
DEMBO7,TRUE,random_post,10,1,TRUE,10,18,0.026218682,0.10094083,154.8266722,0
DEMBO7,TRUE,random_raw,10,1,TRUE,24,28,0.496913525,0.508223439,154.8266722,0
DENSCHNA,FALSE,cutest,1,1,TRUE,12,12,0.042979575,0.042979575,4.50E-14,0
DENSCHNA,FALSE,llm_post,5,1,TRUE,10,10,0.000277725,0.000368075,1.19E-14,0
DENSCHNA,FALSE,llm_raw,5,1,TRUE,10,10,0.000481531,0.000529347,1.19E-14,0
DENSCHNA,FALSE,random_post,10,1,TRUE,48,70.5,0.001004956,0.002117543,5134640069,0
DENSCHNA,FALSE,random_raw,10,1,TRUE,48,70.5,0.000887794,0.002028657,5134640069,0
DENSCHNB,FALSE,cutest,1,1,TRUE,7,7,0.042671478,0.042671478,2.14E-11,0
DENSCHNB,FALSE,llm_post,5,1,TRUE,7,8,0.000287569,0.000330613,1.14E-16,0
DENSCHNB,FALSE,llm_raw,5,1,TRUE,7,8,0.000230763,0.000250704,1.14E-16,0
DENSCHNB,FALSE,random_post,10,1,TRUE,10,12,0.000298901,0.000447202,0,0
DENSCHNB,FALSE,random_raw,10,1,TRUE,10,12,0.000409845,0.000542719,0,0
DENSCHNC,FALSE,cutest,1,1,TRUE,20,20,0.038197308,0.038197308,0.183361655,0
DENSCHNC,FALSE,llm_post,5,1,TRUE,15,20,0.000645905,0.00090172,0.183361655,0
DENSCHNC,FALSE,llm_raw,5,1,TRUE,15,20,0.000683488,0.000945985,0.183361655,0
DENSCHNC,FALSE,random_post,10,1,TRUE,6,11.5,0.000356274,0.000544519,0.183361655,0
DENSCHNC,FALSE,random_raw,10,1,TRUE,6,11.5,0.000416863,0.000632582,0.183361655,0.2
DENSCHNF,FALSE,cutest,1,1,TRUE,18,18,0.051543514,0.051543514,3.12E-14,0
DENSCHNF,FALSE,llm_post,5,1,TRUE,11,13,0.00025902,0.000574251,2.66E-20,0
DENSCHNF,FALSE,llm_raw,5,1,TRUE,11,13,0.000549052,0.000614482,2.66E-20,0
DENSCHNF,FALSE,random_post,10,1,TRUE,164,175.5,0.003132777,0.005710422,1.80E-18,0
DENSCHNF,FALSE,random_raw,10,1,TRUE,164,175.5,0.003513892,0.006440181,1.80E-18,0
DISC2,TRUE,cutest,1,1,TRUE,9,9,0.024352827,0.024352827,3.20E-05,0
DISC2,TRUE,llm_post,5,1,TRUE,9,9,0.01549977,0.019152117,3.20E-05,0
DISC2,TRUE,llm_raw,5,1,TRUE,9,9,0.01370254,0.014020986,3.20E-05,0
DISC2,TRUE,random_post,10,1,TRUE,9,9,0.013733676,0.016251573,3.20E-05,0
DISC2,TRUE,random_raw,10,1,TRUE,9,9,0.013834832,0.014239438,3.20E-05,0
DJTL,FALSE,cutest,1,0,FALSE,,,,,,0
DJTL,FALSE,llm_post,5,0.4,TRUE,176,192,0.003467163,0.004385142,-5297.119285,0
DJTL,FALSE,llm_raw,5,0.4,TRUE,176,192,0.004462349,0.004752283,-5297.119285,0
DJTL,FALSE,random_post,10,0.2,TRUE,295,320,0.009854528,0.010012305,-8260.598842,0
DJTL,FALSE,random_raw,10,0.2,TRUE,295,320,0.004995842,0.005338671,-8260.598842,0
DUAL2,TRUE,cutest,1,1,TRUE,1,1,0.038821553,0.038821553,0,0
DUAL2,TRUE,llm_post,1,1,TRUE,71,71,0.055823993,0.055823993,2.50E-17,0
DUAL2,TRUE,llm_raw,1,1,TRUE,1,1,0.002263352,0.002263352,0,0
DUAL2,TRUE,random_post,10,1,TRUE,61,73,0.048489901,0.056217458,6.54E-18,0
DUAL2,TRUE,random_raw,10,1,TRUE,116,120,0.08297643,0.096278612,1.55E-17,0
DUAL3,TRUE,cutest,1,1,TRUE,1,1,0.04302787,0.04302787,0,0
DUAL3,TRUE,llm_post,1,1,TRUE,68,68,0.091796318,0.091796318,2.06E-13,0
DUAL3,TRUE,llm_raw,1,1,TRUE,1,1,0.004010943,0.004010943,0,0
DUAL3,TRUE,random_post,10,1,TRUE,66,81,0.062476367,0.088580825,0,0
DUAL3,TRUE,random_raw,10,1,TRUE,135,141,0.136511872,0.173511205,2.06E-16,0
DUAL4,TRUE,cutest,1,1,TRUE,1,1,0.02960755,0.02960755,0,0
DUAL4,TRUE,llm_post,1,1,TRUE,38,38,0.023150811,0.023150811,1.86E-14,0
DUAL4,TRUE,llm_raw,1,1,TRUE,38,38,0.029496196,0.029496196,1.86E-14,0
DUAL4,TRUE,random_post,10,1,TRUE,23,32.5,0.015770586,0.026187419,0,0
DUAL4,TRUE,random_raw,10,1,TRUE,66,75,0.041577176,0.052970861,1.44E-14,0
EG1,TRUE,cutest,1,1,TRUE,14,14,0.038469218,0.038469218,-1.132800783,0
EG1,TRUE,llm_post,5,1,TRUE,14,14,0.000348566,0.000374306,-1.429306754,0
EG1,TRUE,llm_raw,5,1,TRUE,14,14,0.000333035,0.000381374,-1.429306754,0
EG1,TRUE,random_post,10,1,TRUE,10,14,0.000317917,0.000425657,-1.429306754,0
EG1,TRUE,random_raw,10,1,TRUE,10,14,0.000379242,0.000519613,-1.429306754,0
EQC,TRUE,cutest,1,1,TRUE,2,2,0.484163664,0.484163664,-829.5477053,0
EQC,TRUE,llm_post,5,1,TRUE,2,813,0.140912523,0.211045206,-892.5704041,0
EQC,TRUE,llm_raw,5,1,TRUE,2,813,0.140889088,0.2096919,-892.5704041,0
EQC,TRUE,random_post,10,0.9,TRUE,380,408,0.074407251,0.080351792,-838.9731824,0
EQC,TRUE,random_raw,10,1,TRUE,382,434.5,0.075040721,0.094677191,-830.8126814,0
ERRINBAR,TRUE,cutest,1,1,TRUE,10,10,0.027859457,0.027859457,19.03155767,0
ERRINBAR,TRUE,llm_post,5,1,TRUE,20,20,0.02473854,0.02949629,19.03182588,0
ERRINBAR,TRUE,llm_raw,5,1,TRUE,9,9,0.012870574,0.012927499,19.031819,0
ERRINBAR,TRUE,random_post,10,1,TRUE,12,728,0.017917515,0.126886605,19.03027153,0
ERRINBAR,TRUE,random_raw,10,1,TRUE,1,1,0.096247719,0.098035108,1.23E+21,0
EXPFIT,FALSE,cutest,1,1,TRUE,18,18,0.070624511,0.070624511,0.240510594,0
EXPFIT,FALSE,llm_post,5,1,TRUE,18,18,0.000616599,0.000821941,0.240510594,0
EXPFIT,FALSE,llm_raw,5,1,TRUE,18,18,0.000770214,0.004847525,0.240510594,0
EXPFIT,FALSE,random_post,10,1,TRUE,1,1,0.000201523,0.000211868,24.0625,0
EXPFIT,FALSE,random_raw,10,1,TRUE,1,1,0.000208094,0.000237894,24.0625,0
FCCU,TRUE,cutest,1,1,TRUE,11,11,0.002355664,0.002355664,7.78E-28,0
FCCU,TRUE,llm_post,5,1,TRUE,9,9,0.000278795,0.000301476,3.45E-28,0
FCCU,TRUE,llm_raw,5,1,TRUE,9,9,0.000232454,0.000275289,7.78E-28,0
FCCU,TRUE,random_post,10,1,TRUE,9,229.5,0.000247488,0.092652983,9.09E-27,0
FCCU,TRUE,random_raw,10,1,TRUE,1,1,0.117213041,0.119034344,8.46E+40,0
FLETCHER,TRUE,cutest,1,1,TRUE,8,8,0.018023752,0.018023752,8.37E-15,0
FLETCHER,TRUE,llm_post,5,0,FALSE,,,,,,0
FLETCHER,TRUE,llm_raw,5,0.6,TRUE,6,8,0.011317049,0.012821136,8.37E-15,0
FLETCHER,TRUE,random_post,10,1,TRUE,1,1,0.108421296,0.110150276,-1.00E+40,0
FLETCHER,TRUE,random_raw,10,1,TRUE,1,1,0.106334633,0.108854421,-7.20E+39,0
GENHS28,FALSE,cutest,1,1,TRUE,22,22,0.002605538,0.002605538,2.21E-18,0
GENHS28,FALSE,llm_post,5,1,TRUE,19,20,0.00036652,0.000375603,0,0
GENHS28,FALSE,llm_raw,5,1,TRUE,19,20,0.000301799,0.000327078,3.08E-33,0
GENHS28,FALSE,random_post,10,1,TRUE,1,20,0.000332286,0.000527826,0,0
GENHS28,FALSE,random_raw,10,1,TRUE,1,1,0.10944304,0.111351822,1.60E+40,0
GIGOMEZ2,FALSE,cutest,1,0,FALSE,,,,,,0
GIGOMEZ2,FALSE,llm_post,5,0,FALSE,,,,,,0
GIGOMEZ2,FALSE,llm_raw,5,0,FALSE,,,,,,0
GIGOMEZ2,FALSE,random_post,10,1,TRUE,1,1,0.084704691,0.088107118,-9.00E+19,0
GIGOMEZ2,FALSE,random_raw,10,1,TRUE,1,1,0.087708609,0.090098519,-9.00E+19,0
GOTTFR,FALSE,cutest,1,1,TRUE,1,1,0.0045359,0.0045359,0,0
GOTTFR,FALSE,llm_post,5,1,TRUE,1,1,0.001244137,0.001338651,0,0
GOTTFR,FALSE,llm_raw,5,1,TRUE,1,1,0.002173546,0.002217641,0,0
GOTTFR,FALSE,random_post,10,1,TRUE,1,1,0.002210626,0.002269892,0,0
GOTTFR,FALSE,random_raw,10,1,TRUE,1,1,0.001131367,0.001234877,0,0
GROUPING,TRUE,cutest,1,1,TRUE,71,71,0.260225698,0.260225698,2.89E-11,0
GROUPING,TRUE,llm_post,5,1,TRUE,56,56,0.117390274,0.118736647,3.98E-11,0
GROUPING,TRUE,llm_raw,5,1,TRUE,47,50,0.095544626,0.096786213,1.15E-11,0
GROUPING,TRUE,random_post,10,1,TRUE,63,72.5,0.144325927,0.158415621,1.87E-11,0
GROUPING,TRUE,random_raw,10,1,TRUE,36,41,0.070033181,0.078059916,1.44E-12,0
HAIFAM,FALSE,cutest,1,0,FALSE,,,,,,0
HAIFAM,FALSE,llm_post,5,0,FALSE,,,,,,0
HAIFAM,FALSE,llm_raw,5,0,FALSE,,,,,,0
HAIFAM,FALSE,random_post,10,1,TRUE,1,1,0.157192039,0.160210638,-9.98E+21,0
HAIFAM,FALSE,random_raw,10,1,TRUE,1,1,0.15684191,0.161774239,-9.98E+21,0
HAIFAS,FALSE,cutest,1,0,FALSE,,,,,,0
HAIFAS,FALSE,llm_post,5,0,FALSE,,,,,,0
HAIFAS,FALSE,llm_raw,5,0,FALSE,,,,,,0
HAIFAS,FALSE,random_post,10,1,TRUE,1,1,0.091857895,0.093717224,-9.98E+19,0
HAIFAS,FALSE,random_raw,10,1,TRUE,1,1,0.09289682,0.094150957,-9.98E+19,0
HALDMADS,FALSE,cutest,1,0,FALSE,,,,,,0
HALDMADS,FALSE,llm_post,5,0,FALSE,,,,,,0
HALDMADS,FALSE,llm_raw,5,0,FALSE,,,,,,0
HALDMADS,FALSE,random_post,10,1,TRUE,1,1,0.08745158,0.089058064,1.10E+19,0
HALDMADS,FALSE,random_raw,10,1,TRUE,1,1,0.086805839,0.091077147,-6.18E+19,0
HART6,TRUE,cutest,1,1,TRUE,17,17,0.093439023,0.093439023,-3.322886892,0
HART6,TRUE,llm_post,5,1,TRUE,15,17,0.000299886,0.000362054,-3.322886892,0
HART6,TRUE,llm_raw,5,1,TRUE,15,17,0.000294871,0.000363614,-3.322886892,0
HART6,TRUE,random_post,10,1,TRUE,14,22.5,0.000319141,0.000732489,-3.322886892,0
HART6,TRUE,random_raw,10,1,TRUE,14,22.5,0.000365614,0.001021096,-3.322886892,0
HATFLDD,FALSE,cutest,1,1,TRUE,27,27,0.060111834,0.060111834,2.55E-07,0
HATFLDD,FALSE,llm_post,5,1,TRUE,27,28,0.000633074,0.000709104,2.55E-07,0
HATFLDD,FALSE,llm_raw,5,1,TRUE,27,28,0.000672015,0.000698256,2.55E-07,0
HATFLDD,FALSE,random_post,10,1,TRUE,1,1,0.0001215,0.000139829,14.04404086,0
HATFLDD,FALSE,random_raw,10,1,TRUE,1,1,0.000130227,0.00017248,14.04404086,0
HATFLDF,FALSE,cutest,1,1,TRUE,1,1,0.004133465,0.004133465,0,0
HATFLDF,FALSE,llm_post,5,1,TRUE,1,1,0.002168417,0.002225458,0,0
HATFLDF,FALSE,llm_raw,5,1,TRUE,1,1,0.001574922,0.001631325,0,0
HATFLDF,FALSE,random_post,10,1,TRUE,1,1,0.00194869,0.002376209,0,0
HATFLDF,FALSE,random_raw,10,1,TRUE,1,1,0.001089747,0.001263223,0,0
HATFLDFL,FALSE,cutest,1,1,TRUE,10,10,0.031827745,0.031827745,6.66E-05,0
HATFLDFL,FALSE,llm_post,5,1,TRUE,10,17,0.000445466,0.000656186,6.66E-05,0
HATFLDFL,FALSE,llm_raw,5,1,TRUE,10,17,0.000498426,0.000650982,6.66E-05,0
HATFLDFL,FALSE,random_post,10,1,TRUE,37,200.5,0.000499101,0.003142477,1.49E+37,0
HATFLDFL,FALSE,random_raw,10,1,TRUE,37,200.5,0.001368179,0.005562248,1.49E+37,0
HATFLDG,FALSE,cutest,1,1,TRUE,1,1,0.004495803,0.004495803,0,0
HATFLDG,FALSE,llm_post,5,1,TRUE,1,1,0.001700386,0.001756465,0,0
HATFLDG,FALSE,llm_raw,5,1,TRUE,1,1,0.001614411,0.001694241,0,0
HATFLDG,FALSE,random_post,10,1,TRUE,1,1,0.001698661,0.001742797,0,0
HATFLDG,FALSE,random_raw,10,1,TRUE,1,1,0.001211253,0.001332305,0,0
HATFLDH,TRUE,cutest,1,1,TRUE,7,7,0.012360369,0.012360369,-49.98400068,0
HATFLDH,TRUE,llm_post,5,1,TRUE,7,7,0.007899466,0.008876525,-49.99485137,0
HATFLDH,TRUE,llm_raw,5,1,TRUE,7,7,0.008179737,0.008405618,-49.99506069,0
HATFLDH,TRUE,random_post,10,1,TRUE,7,8,0.008051176,0.009857235,-49.99753082,0
HATFLDH,TRUE,random_raw,10,1,TRUE,8,10,0.009755648,0.012445355,-49.99753082,0
HEART6LS,FALSE,cutest,1,1,TRUE,510,510,0.122674484,0.122674484,0.035283531,0
HEART6LS,FALSE,llm_post,5,0.8,TRUE,369,439.5,0.00540009,0.014835838,0.035283531,0
HEART6LS,FALSE,llm_raw,5,0.8,TRUE,369,439.5,0.012899031,0.014863936,0.035283531,0
HEART6LS,FALSE,random_post,10,1,TRUE,2,3,0.000117729,0.000160259,0,0
HEART6LS,FALSE,random_raw,10,1,TRUE,2,3,0.000129393,0.000200685,0,0
HEART8,FALSE,cutest,1,1,TRUE,1,1,0.005185932,0.005185932,0,0
HEART8,FALSE,llm_post,5,1,TRUE,1,1,0.002184717,0.002234044,0,0
HEART8,FALSE,llm_raw,5,1,TRUE,1,1,0.00108186,0.001121693,0,0
HEART8,FALSE,random_post,10,1,TRUE,1,1,0.001063296,0.004548291,0,0
HEART8,FALSE,random_raw,10,1,TRUE,1,1,0.001107635,0.0012389,0,0
HEART8LS,FALSE,cutest,1,1,TRUE,423,423,0.129294971,0.129294971,5.61E-13,0
HEART8LS,FALSE,llm_post,5,0.4,TRUE,423,445.5,0.010677202,0.012746159,4.30E-13,0
HEART8LS,FALSE,llm_raw,5,0.4,TRUE,423,445.5,0.013074722,0.014802293,4.30E-13,0
HEART8LS,FALSE,random_post,10,0.9,TRUE,2,95,0.000150484,0.00105884,0,0
HEART8LS,FALSE,random_raw,10,0.9,TRUE,2,95,0.000275304,0.002697193,0,0
HELIX,FALSE,cutest,1,1,TRUE,34,34,0.038987887,0.038987887,5.34E-17,0
HELIX,FALSE,llm_post,5,1,TRUE,29,34,0.000690379,0.000768621,5.34E-17,0
HELIX,FALSE,llm_raw,5,1,TRUE,29,34,0.000641946,0.000752852,5.34E-17,0
HELIX,FALSE,random_post,10,1,TRUE,26,32.5,0.000610741,0.000804287,2.49E-18,0
HELIX,FALSE,random_raw,10,1,TRUE,26,32.5,0.000799916,0.001634776,2.49E-18,0
HIMMELBA,FALSE,cutest,1,1,TRUE,1,1,0.001386579,0.001386579,0,0
HIMMELBA,FALSE,llm_post,5,1,TRUE,1,1,0.00021274,0.00025776,0,0
HIMMELBA,FALSE,llm_raw,5,1,TRUE,1,1,9.29E-05,0.000100368,0,0
HIMMELBA,FALSE,random_post,10,1,TRUE,1,1,0.000124851,0.000146505,0,0
HIMMELBA,FALSE,random_raw,10,1,TRUE,1,1,8.88E-05,0.00010874,0,0
HIMMELBD,FALSE,cutest,1,1,TRUE,1,1,0.00425155,0.00425155,0,0
HIMMELBD,FALSE,llm_post,5,1,TRUE,1,1,0.001796973,0.002263225,0,0
HIMMELBD,FALSE,llm_raw,5,1,TRUE,1,1,0.001257942,0.002339312,0,0
HIMMELBD,FALSE,random_post,10,1,TRUE,1,1,0.001224212,0.001452865,0,0
HIMMELBD,FALSE,random_raw,10,1,TRUE,1,1,0.001068969,0.001156925,0,0
HIMMELBE,FALSE,cutest,1,1,TRUE,1,1,0.004181259,0.004181259,0,0
HIMMELBE,FALSE,llm_post,5,1,TRUE,1,1,0.001226772,0.001308108,0,0
HIMMELBE,FALSE,llm_raw,5,1,TRUE,1,1,0.002211231,0.002299782,0,0
HIMMELBE,FALSE,random_post,10,1,TRUE,1,1,0.001612932,0.001736696,0,0
HIMMELBE,FALSE,random_raw,10,1,TRUE,1,1,0.00112416,0.001239872,0,0
HIMMELBG,FALSE,cutest,1,1,TRUE,10,10,0.029269237,0.029269237,9.06E-15,0
HIMMELBG,FALSE,llm_post,5,1,TRUE,10,10,0.000528896,0.000586828,9.06E-15,0
HIMMELBG,FALSE,llm_raw,5,1,TRUE,10,10,0.000515602,0.000551441,9.06E-15,0
HIMMELBG,FALSE,random_post,10,1,TRUE,1,10,0.000220295,0.000534471,0,0
HIMMELBG,FALSE,random_raw,10,1,TRUE,1,10,0.000264781,0.000547896,0,0.8
HIMMELBH,FALSE,cutest,1,1,TRUE,9,9,0.003665268,0.003665268,-1,0
HIMMELBH,FALSE,llm_post,5,1,TRUE,9,9,0.000332436,0.000498524,-1,0
HIMMELBH,FALSE,llm_raw,5,1,TRUE,9,9,0.000449524,0.000592354,-1,0
HIMMELBH,FALSE,random_post,10,1,TRUE,4,4,0.000130123,0.0001653,-1.00E+60,0
HIMMELBH,FALSE,random_raw,10,1,TRUE,4,4,0.000146836,0.000175611,-1.00E+60,0
HIMMELBI,TRUE,cutest,1,1,TRUE,28,28,0.17863848,0.17863848,-1754.999991,0
HIMMELBI,TRUE,llm_post,5,1,TRUE,31,31,0.061017422,0.06179459,-1754.99999,0
HIMMELBI,TRUE,llm_raw,5,1,TRUE,28,28,0.053640067,0.055480906,-1754.999991,0
HIMMELBI,TRUE,random_post,10,1,TRUE,29,30,0.056555786,0.06064075,-1754.999986,0
HIMMELBI,TRUE,random_raw,10,1,TRUE,3,3,0.0110775,0.012548361,-1755,0
HIMMELBJ,TRUE,cutest,1,0,FALSE,,,,,,0
HIMMELBJ,TRUE,llm_post,5,0,FALSE,,,,,,0
HIMMELBJ,TRUE,llm_raw,5,0,FALSE,,,,,,0
HIMMELBJ,TRUE,random_post,10,0,FALSE,,,,,,0
HIMMELBJ,TRUE,random_raw,10,1,TRUE,1,1,0.000433244,0.000536868,-1.88E+22,0
HIMMELP2,TRUE,cutest,1,1,TRUE,17,17,0.025964017,0.025964017,-62.05393506,0
HIMMELP2,TRUE,llm_post,5,1,TRUE,15,17,0.0187432,0.022151613,-62.05393506,0
HIMMELP2,TRUE,llm_raw,5,1,TRUE,15,17,0.019595925,0.021534281,-62.05393506,0
HIMMELP2,TRUE,random_post,10,1,TRUE,14,14,0.016931614,0.019224498,-62.05393506,0
HIMMELP2,TRUE,random_raw,10,1,TRUE,11,14,0.015574506,0.018458169,-62.05393506,0
HIMMELP3,TRUE,cutest,1,1,TRUE,10,10,0.016500101,0.016500101,-59.01144891,0
HIMMELP3,TRUE,llm_post,5,1,TRUE,10,11,0.011563752,0.013073394,-59.01191862,0
HIMMELP3,TRUE,llm_raw,5,1,TRUE,10,11,0.011873766,0.013526191,-59.01191862,0
HIMMELP3,TRUE,random_post,10,1,TRUE,6,6,0.007117252,0.007600584,-59.01145661,0
HIMMELP3,TRUE,random_raw,10,1,TRUE,9,12,0.011417245,0.016170857,-59.01151773,0
HIMMELP4,TRUE,cutest,1,1,TRUE,10,10,0.016894686,0.016894686,-59.01144891,0
HIMMELP4,TRUE,llm_post,5,1,TRUE,10,10,0.011367029,0.011394523,-59.01169572,0
HIMMELP4,TRUE,llm_raw,5,1,TRUE,10,10,0.01157145,0.011714419,-59.01169572,0
HIMMELP4,TRUE,random_post,10,1,TRUE,6,6,0.007068532,0.007384473,-59.01145661,0
HIMMELP4,TRUE,random_raw,10,1,TRUE,9,12,0.010974486,0.015276812,-59.01151773,0
HIMMELP6,TRUE,cutest,1,1,TRUE,9,9,0.014804617,0.014804617,-59.0116974,0
HIMMELP6,TRUE,llm_post,5,1,TRUE,7,9,0.008646676,0.010787419,-59.01183229,0
HIMMELP6,TRUE,llm_raw,5,1,TRUE,9,10,0.011010212,0.013375578,-59.01271199,0
HIMMELP6,TRUE,random_post,10,1,TRUE,6,6,0.007022867,0.007463487,-59.01145661,0
HIMMELP6,TRUE,random_raw,10,1,TRUE,9,12,0.011472755,0.015786807,-59.01151773,0
HONG,TRUE,cutest,1,1,TRUE,2,2,0.002153405,0.002153405,4.061062663,0
HONG,TRUE,llm_post,5,1,TRUE,2,2,0.000270416,0.000314092,4.061062663,0
HONG,TRUE,llm_raw,5,1,TRUE,1,2,0.000250882,0.000283065,4.061062663,0
HONG,TRUE,random_post,10,1,TRUE,2,3,0.000305569,0.000340292,4.061062663,0
HONG,TRUE,random_raw,10,1,TRUE,2,2.5,0.000187111,0.00031136,4.061062663,0
HS1,TRUE,cutest,1,1,TRUE,30,30,0.065172941,0.065172941,2.37E-16,0
HS1,TRUE,llm_post,5,1,TRUE,24,29,0.000974717,0.001164419,2.37E-16,0
HS1,TRUE,llm_raw,5,1,TRUE,24,29,0.000915321,0.001066191,2.37E-16,0
HS1,TRUE,random_post,10,0.4,TRUE,80,89.5,0.001627654,0.002576444,1.57E+18,0
HS1,TRUE,random_raw,10,0.4,TRUE,80,89.5,0.003363689,0.007344667,1.57E+18,0
HS10,FALSE,cutest,1,0,FALSE,,,,,,0
HS10,FALSE,llm_post,5,0,FALSE,,,,,,0
HS10,FALSE,llm_raw,5,0,FALSE,,,,,,0
HS10,FALSE,random_post,10,0.1,TRUE,1,1,0.493356546,0.493356546,-3.63105E+15,0
HS10,FALSE,random_raw,10,1,TRUE,1,1,0.083913525,0.085818163,-1.70E+20,0
HS100,FALSE,cutest,1,1,TRUE,17,17,0.02782233,0.02782233,-16.09731739,0
HS100,FALSE,llm_post,5,1,TRUE,17,17,0.021886345,0.02271584,-16.09731739,0
HS100,FALSE,llm_raw,5,1,TRUE,17,17,0.021542403,0.022982955,-16.09731739,0
HS100,FALSE,random_post,10,1,TRUE,1,1,0.10573476,0.108986619,5.07E+110,0
HS100,FALSE,random_raw,10,1,TRUE,1,1,0.105707522,0.10911411,3.62E+113,0
HS100LNP,FALSE,cutest,1,1,TRUE,17,17,0.03116762,0.03116762,-16.09731739,0
HS100LNP,FALSE,llm_post,5,1,TRUE,17,17,0.02302185,0.033006535,-16.09731739,0
HS100LNP,FALSE,llm_raw,5,1,TRUE,14,17,0.018445257,0.021673143,-16.09731739,0
HS100LNP,FALSE,random_post,10,1,TRUE,1,1,0.105743911,0.113028788,5.07E+110,0
HS100LNP,FALSE,random_raw,10,1,TRUE,1,1,0.108267114,0.117855475,3.62E+113,0
HS101,TRUE,cutest,1,1,TRUE,176,176,0.505610316,0.505610316,0.693401752,0
HS101,TRUE,llm_post,5,1,TRUE,88,103,0.105409103,0.11299766,0.693401752,0
HS101,TRUE,llm_raw,5,1,TRUE,102,264,0.251106304,0.274935221,0.693401752,0
HS101,TRUE,random_post,10,1,TRUE,72,100.5,0.094525182,0.118635004,0.693401752,0
HS101,TRUE,random_raw,10,1,TRUE,86,122.5,0.101619507,0.123466732,0.693401752,0
HS103,TRUE,cutest,1,1,TRUE,120,120,0.128343555,0.128343555,0.68524895,0
HS103,TRUE,llm_post,5,1,TRUE,80,99,0.084789408,0.113364894,0.685242951,0
HS103,TRUE,llm_raw,5,1,TRUE,100,120,0.111024283,0.12102085,0.68524889,0
HS103,TRUE,random_post,10,1,TRUE,70,87.5,0.079888352,0.100152133,0.685242951,0
HS103,TRUE,random_raw,10,1,TRUE,59,95,0.085750433,0.105754382,0.685242951,0
HS105,TRUE,cutest,1,1,TRUE,51,51,0.185326818,0.185326818,1044.72513,0
HS105,TRUE,llm_post,5,1,TRUE,70,70,0.072501207,0.075371001,1044.611696,0
HS105,TRUE,llm_raw,5,1,TRUE,70,70,0.073793661,0.074682164,1044.611696,0
HS105,TRUE,random_post,10,1,TRUE,40,50,0.047516752,0.058440527,1044.611696,0
HS105,TRUE,random_raw,10,1,TRUE,40,50,0.045781707,0.060225375,1044.611696,0
HS107,TRUE,cutest,1,1,TRUE,10,10,0.021076854,0.021076854,0.001518128,0
HS107,TRUE,llm_post,5,1,TRUE,11,11,0.017152729,0.021545284,0.000424079,0
HS107,TRUE,llm_raw,5,1,TRUE,10,10,0.012993774,0.014019916,0.001518128,0
HS107,TRUE,random_post,10,1,TRUE,10,11,0.014793222,0.017794449,0.000266827,0
HS107,TRUE,random_raw,10,1,TRUE,25,25,0.108810907,0.111575135,1.47E+60,0
HS108,TRUE,cutest,1,0,FALSE,,,,,,0
HS108,TRUE,llm_post,5,0,FALSE,,,,,,0
HS108,TRUE,llm_raw,5,0,FALSE,,,,,,0
HS108,TRUE,random_post,10,0,FALSE,,,,,,0
HS108,TRUE,random_raw,10,1,TRUE,1,1,0.106171504,0.10884466,-6.00E+39,0
HS109,TRUE,cutest,1,1,TRUE,17,17,0.027051328,0.027051328,0.001601582,0
HS109,TRUE,llm_post,5,1,TRUE,16,16,0.021384687,0.02890438,6.38E-05,0
HS109,TRUE,llm_raw,5,1,TRUE,10,10,0.014528303,0.014813805,6.35E-05,0
HS109,TRUE,random_post,10,1,TRUE,10,10,0.01436573,0.015102918,1.16E-05,0
HS109,TRUE,random_raw,10,1,TRUE,25,25,0.107593136,0.112163262,1.15E+51,0
HS11,FALSE,cutest,1,1,TRUE,3,3,0.007148622,0.007148622,-25,0
HS11,FALSE,llm_post,5,1,TRUE,3,3,0.002879105,0.00296762,-25,0
HS11,FALSE,llm_raw,5,1,TRUE,3,3,0.002820027,0.002958189,-25,0
HS11,FALSE,random_post,10,1,TRUE,1,1,0.102432792,0.106071845,4.07E+38,0
HS11,FALSE,random_raw,10,1,TRUE,1,1,0.101259007,0.105023792,4.50E+38,0
HS112,TRUE,cutest,1,0,FALSE,,,,,,0
HS112,TRUE,llm_post,5,0,FALSE,,,,,,0
HS112,TRUE,llm_raw,5,0,FALSE,,,,,,0
HS112,TRUE,random_post,10,0,FALSE,,,,,,0
HS112,TRUE,random_raw,10,1,TRUE,1,1,0.000130538,0.000151895,-1.24E+22,0
HS113,FALSE,cutest,1,1,TRUE,24,24,0.035275481,0.035275481,-31,0
HS113,FALSE,llm_post,5,1,TRUE,24,24,0.028281653,0.029472677,-31,0
HS113,FALSE,llm_raw,5,1,TRUE,24,24,0.028921684,0.029563362,-31,0
HS113,FALSE,random_post,10,1,TRUE,1,1,0.110316557,0.113099967,1.42E+40,0
HS113,FALSE,random_raw,10,1,TRUE,1,1,0.109540729,0.112726759,2.92E+40,0
HS119,TRUE,cutest,1,1,TRUE,3,3,0.00234252,0.00234252,46,0
HS119,TRUE,llm_post,5,1,TRUE,2,2,0.000451997,0.000469729,46,0
HS119,TRUE,llm_raw,5,1,TRUE,3,3,0.00025215,0.000274379,46,0
HS119,TRUE,random_post,10,1,TRUE,2,2,0.000386927,0.000492656,46,0
HS119,TRUE,random_raw,10,1,TRUE,2,2.5,0.000247769,0.000519257,46,0
HS12,FALSE,cutest,1,1,TRUE,10,10,0.019102666,0.019102666,-122.5,0
HS12,FALSE,llm_post,5,1,TRUE,10,10,0.012836034,0.013515427,-122.5,0
HS12,FALSE,llm_raw,5,1,TRUE,10,10,0.014342451,0.016032618,-122.5,0
HS12,FALSE,random_post,10,1,TRUE,29,31,0.028899845,0.033678977,-122.5,0
HS12,FALSE,random_raw,10,1,TRUE,1,1,0.102945314,0.1055053,3.52E+38,0
HS13,TRUE,cutest,1,1,TRUE,12,12,0.021759687,0.021759687,3.53E-05,0
HS13,TRUE,llm_post,5,1,TRUE,10,10,0.013073344,0.013279834,4.80E-05,0
HS13,TRUE,llm_raw,5,1,TRUE,10,10,0.013043202,0.013424864,4.80E-05,0
HS13,TRUE,random_post,10,1,TRUE,10,10,0.013266938,0.013448661,4.80E-05,0
HS13,TRUE,random_raw,10,1,TRUE,1,1,0.101147584,0.101737378,1.69E+38,0
HS17,TRUE,cutest,1,1,TRUE,47,47,0.049476034,0.049476034,0.2500064,0
HS17,TRUE,llm_post,5,1,TRUE,28,29,0.029691876,0.030300798,0.2500064,0
HS17,TRUE,llm_raw,5,1,TRUE,29,39,0.029180352,0.037113349,0.2500064,0
HS17,TRUE,random_post,10,1,TRUE,22,27.5,0.024688427,0.028271356,0.2500064,0
HS17,TRUE,random_raw,10,1,TRUE,420,420,0.114050357,0.118719105,4.82E+39,0
HS18,TRUE,cutest,1,1,TRUE,11,11,0.019047048,0.019047048,0.041223346,0
HS18,TRUE,llm_post,5,1,TRUE,13,13,0.016335705,0.016767907,0.040271084,0
HS18,TRUE,llm_raw,5,1,TRUE,11,11,0.013657725,0.01415535,0.040074147,0
HS18,TRUE,random_post,10,1,TRUE,9,13,0.013628619,0.01651083,0.040073506,0
HS18,TRUE,random_raw,10,1,TRUE,10,13.5,0.013758917,0.018562703,0.040073506,0
HS20,TRUE,cutest,1,1,TRUE,37,37,0.042856772,0.042856772,0.250821801,0
HS20,TRUE,llm_post,5,1,TRUE,27,31,0.027902268,0.029372462,0.250006401,0
HS20,TRUE,llm_raw,5,1,TRUE,27,29,0.026645394,0.027593904,0.250006401,0
HS20,TRUE,random_post,10,0.1,TRUE,26,26,0.053279989,0.053279989,0.250001039,0
HS20,TRUE,random_raw,10,1,TRUE,420,420,0.11846705,0.12009953,4.07E+40,0
HS21,TRUE,cutest,1,1,TRUE,10,10,0.017787842,0.017787842,-99.95983398,0
HS21,TRUE,llm_post,5,1,TRUE,5,10,0.007689035,0.011946535,-99.9598346,0
HS21,TRUE,llm_raw,5,1,TRUE,5,10,0.007806145,0.012132585,-99.9598346,0
HS21,TRUE,random_post,10,1,TRUE,9,10,0.011522728,0.013756333,-99.95999872,0
HS21,TRUE,random_raw,10,1,TRUE,9,10,0.011822009,0.01394623,-99.95999872,0
HS22,FALSE,cutest,1,1,TRUE,3,3,0.006660038,0.006660038,0,0
HS22,FALSE,llm_post,5,1,TRUE,3,3,0.00288922,0.002987191,2.47E-31,0
HS22,FALSE,llm_raw,5,1,TRUE,3,3,0.002863509,0.002960534,0,0
HS22,FALSE,random_post,10,1,TRUE,1,1,0.10233506,0.10568047,4.07E+38,0
HS22,FALSE,random_raw,10,1,TRUE,1,1,0.101253046,0.105155585,4.50E+38,0
HS23,TRUE,cutest,1,1,TRUE,4,4,0.013824699,0.013824699,9.33E-42,0
HS23,TRUE,llm_post,5,1,TRUE,3,4,0.004905705,0.015551204,2.87E-42,0
HS23,TRUE,llm_raw,5,1,TRUE,4,4,0.007720063,0.008126008,5.74E-42,0
HS23,TRUE,random_post,10,1,TRUE,5,6,0.005851109,0.008275649,8.97E-43,0
HS23,TRUE,random_raw,10,1,TRUE,5,5,0.005162088,0.006902388,2.30E-41,0
HS24,TRUE,cutest,1,0,FALSE,,,,,,0
HS24,TRUE,llm_post,5,0,FALSE,,,,,,0
HS24,TRUE,llm_raw,5,0,FALSE,,,,,,0
HS24,TRUE,random_post,10,1,TRUE,1,1,0.459877478,0.468410463,0,0
HS24,TRUE,random_raw,10,1,TRUE,1,1,0.106196383,0.109046563,3.65E+89,0
HS25,TRUE,cutest,1,1,TRUE,1,1,0.001395861,0.001395861,32.835,0
HS25,TRUE,llm_post,5,1,TRUE,1,1,0.000165845,0.000207327,32.835,0
HS25,TRUE,llm_raw,5,1,TRUE,1,1,0.000140986,0.000155341,32.835,0
HS25,TRUE,random_post,10,1,TRUE,1,42.5,0.000148554,0.001545244,1.42E-15,0
HS25,TRUE,random_raw,10,1,TRUE,1,42.5,0.000176425,0.001536809,1.42E-15,0
HS26,FALSE,cutest,1,1,TRUE,22,22,0.034179694,0.034179694,5.31E-10,0
HS26,FALSE,llm_post,5,1,TRUE,22,22,0.026540222,0.026905564,5.31E-10,0
HS26,FALSE,llm_raw,5,1,TRUE,22,22,0.02569092,0.026768686,5.31E-10,0
HS26,FALSE,random_post,10,1,TRUE,49,49,0.107185406,0.110239049,7.24E+73,0
HS26,FALSE,random_raw,10,1,TRUE,1,1,0.103414997,0.104638009,7.69E+72,0
HS268,FALSE,cutest,1,1,TRUE,36,36,0.046368976,0.046368976,-3.64E-12,0
HS268,FALSE,llm_post,5,1,TRUE,36,36,0.042158713,0.048540122,-2.18E-11,0
HS268,FALSE,llm_raw,5,1,TRUE,36,36,0.041889665,0.045483077,-1.09E-11,0
HS268,FALSE,random_post,10,1,TRUE,1,1,0.1058594,0.108415448,3.28E+41,0
HS268,FALSE,random_raw,10,1,TRUE,1,1,0.105977242,0.108882092,4.39E+42,0
HS30,TRUE,cutest,1,1,TRUE,5,5,0.011398695,0.011398695,1.000812015,0
HS30,TRUE,llm_post,5,1,TRUE,5,5,0.006421993,0.007393364,1.000812015,0
HS30,TRUE,llm_raw,5,1,TRUE,5,5,0.006270128,0.007070264,1.000812015,0
HS30,TRUE,random_post,10,1,TRUE,5,6,0.006295008,0.007279037,1.000805427,0
HS30,TRUE,random_raw,10,1,TRUE,5,6,0.006405167,0.007344543,1.000805427,0
HS31,TRUE,cutest,1,1,TRUE,11,11,0.021455992,0.021455992,1.0000064,0
HS31,TRUE,llm_post,5,1,TRUE,10,11,0.014250212,0.015197806,1.0000064,0
HS31,TRUE,llm_raw,5,1,TRUE,11,11,0.015268907,0.015728883,1.0000064,0
HS31,TRUE,random_post,10,1,TRUE,11,11.5,0.01272322,0.015303869,1.000032008,0
HS31,TRUE,random_raw,10,1,TRUE,11,11,0.012902063,0.014957609,1.000160201,0
HS32,TRUE,cutest,1,1,TRUE,14,14,0.022088213,0.022088213,0.000143629,0
HS32,TRUE,llm_post,5,1,TRUE,14,14,0.01688672,0.017234638,0.000143629,0
HS32,TRUE,llm_raw,5,1,TRUE,14,14,0.016516336,0.017321239,0.000143629,0
HS32,TRUE,random_post,10,1,TRUE,13,14,0.016741515,0.0173322,0.000143754,0
HS32,TRUE,random_raw,10,1,TRUE,1,1,0.103882865,0.105310948,3.48E+39,0
HS33,TRUE,cutest,1,1,TRUE,50,50,0.057708104,0.057708104,-5.99998718,0
HS33,TRUE,llm_post,5,1,TRUE,44,50,0.047694992,0.053264573,-5.999990624,0
HS33,TRUE,llm_raw,5,1,TRUE,44,50,0.048254389,0.052254167,-5.999990624,0
HS33,TRUE,random_post,10,1,TRUE,43,70,0.045971198,0.070495248,-5.999991097,0
HS33,TRUE,random_raw,10,1,TRUE,25,25,0.103938196,0.107752394,6.83E+50,0
HS34,TRUE,cutest,1,1,TRUE,109,109,0.11904092,0.11904092,-99.9999936,0
HS34,TRUE,llm_post,5,1,TRUE,109,109,0.106986011,0.109225298,-99.9999936,0
HS34,TRUE,llm_raw,5,1,TRUE,109,109,0.105800841,0.106872707,-99.9999936,0
HS34,TRUE,random_post,10,1,TRUE,93,109,0.094411638,0.105739198,-99.9999936,0
HS34,TRUE,random_raw,10,1,TRUE,48,90.5,0.051619647,0.088550026,-99.9999936,0
HS35,TRUE,cutest,1,1,TRUE,16,16,0.026853177,0.026853177,8.62E-13,0
HS35,TRUE,llm_post,5,1,TRUE,13,14,0.016843607,0.019754634,4.83E-13,0
HS35,TRUE,llm_raw,5,1,TRUE,13,14,0.018906729,0.019902968,4.83E-13,0
HS35,TRUE,random_post,10,1,TRUE,14,14,0.017015022,0.01745936,5.42E-10,0
HS35,TRUE,random_raw,10,1,TRUE,1,1,0.103297466,0.106228041,5.35E+38,0
HS35I,TRUE,cutest,1,1,TRUE,15,15,0.026610183,0.026610183,4.85E-13,0
HS35I,TRUE,llm_post,5,1,TRUE,13,14,0.016583646,0.01793677,4.85E-13,0
HS35I,TRUE,llm_raw,5,1,TRUE,13,14,0.017650501,0.018628602,4.85E-13,0
HS35I,TRUE,random_post,10,1,TRUE,14,14,0.017158767,0.018241447,1.15E-11,0
HS35I,TRUE,random_raw,10,1,TRUE,12,14,0.015549339,0.018402758,5.12E-13,0
HS35MOD,TRUE,cutest,1,1,TRUE,9,9,0.016527792,0.016527792,0.250000038,0
HS35MOD,TRUE,llm_post,5,1,TRUE,8,9,0.010759462,0.012005149,0.25,0
HS35MOD,TRUE,llm_raw,5,1,TRUE,8,9,0.01074801,0.011981331,0.25,0
HS35MOD,TRUE,random_post,10,1,TRUE,12,12,0.015875792,0.016337695,0.25,0
HS35MOD,TRUE,random_raw,10,1,TRUE,1,1,0.103422776,0.106734714,1.72E+38,0
HS36,TRUE,cutest,1,1,TRUE,10,10,0.017149069,0.017149069,-9239.934153,0
HS36,TRUE,llm_post,5,1,TRUE,9,10,0.009274145,0.010287829,-9239.934153,0
HS36,TRUE,llm_raw,5,1,TRUE,9,10,0.010154801,0.010371193,-9239.934153,0
HS36,TRUE,random_post,10,1,TRUE,8,13,0.008538262,0.014191056,-9239.984894,0
HS36,TRUE,random_raw,10,1,TRUE,8,11,0.008700625,0.012688336,-9239.988558,0
HS37,TRUE,cutest,1,1,TRUE,7,7,0.011210316,0.011210316,-74087.69998,0
HS37,TRUE,llm_post,5,1,TRUE,7,7,0.006533001,0.006705917,-74087.69999,0
HS37,TRUE,llm_raw,5,1,TRUE,7,7,0.006682391,0.006866945,-74087.69999,0
HS37,TRUE,random_post,10,1,TRUE,7,7,0.006634611,0.006883562,-74087.93959,0
HS37,TRUE,random_raw,10,1,TRUE,9,10,0.008812213,0.012185303,-74087.93959,0
HS38,TRUE,cutest,1,1,TRUE,33,33,0.023298255,0.023298255,3.07E-16,0
HS38,TRUE,llm_post,5,1,TRUE,32,33,0.000694139,0.001346079,7.70E-17,0
HS38,TRUE,llm_raw,5,1,TRUE,32,33,0.000558645,0.000592686,7.70E-17,0
HS38,TRUE,random_post,10,1,TRUE,40,45.5,0.001542752,0.001816577,5.36E-17,0
HS38,TRUE,random_raw,10,1,TRUE,40,45.5,0.001564423,0.002857186,5.36E-17,0
HS3MOD,TRUE,cutest,1,1,TRUE,9,9,0.002178613,0.002178613,0,0
HS3MOD,TRUE,llm_post,5,1,TRUE,9,9,0.000181011,0.000210201,0,0
HS3MOD,TRUE,llm_raw,5,1,TRUE,9,9,0.000181244,0.000244376,0,0
HS3MOD,TRUE,random_post,10,0.2,TRUE,4,4.5,0.000169272,0.000193826,1.20E+19,0
HS3MOD,TRUE,random_raw,10,0.2,TRUE,4,4.5,0.000142193,0.000182232,1.20E+19,0
HS40,FALSE,cutest,1,1,TRUE,34,34,0.143700658,0.143700658,-1.00E+80,0
HS40,FALSE,llm_post,5,0,FALSE,,,,,,0
HS40,FALSE,llm_raw,5,0.2,TRUE,34,34,0.151933104,0.151933104,-1.00E+80,0
HS40,FALSE,random_post,10,0.1,TRUE,58,58,0.149248137,0.149248137,-8.17E+79,0
HS40,FALSE,random_raw,10,1,TRUE,1,1,0.099155801,0.102178394,-2.28E+79,0
HS42,FALSE,cutest,1,1,TRUE,3,3,0.006940284,0.006940284,0,0
HS42,FALSE,llm_post,5,1,TRUE,3,3,0.003423599,0.003548289,0,0
HS42,FALSE,llm_raw,5,1,TRUE,3,3,0.003018829,0.003192343,0,0
HS42,FALSE,random_post,10,1,TRUE,1,1,0.106213341,0.1103073,4.50E+38,0
HS42,FALSE,random_raw,10,1,TRUE,1,1,0.105873363,0.108164153,4.01E+39,0
HS45,TRUE,cutest,1,1,TRUE,11,11,0.001554314,0.001554314,1,0
HS45,TRUE,llm_post,5,1,TRUE,11,11,0.00017717,0.000187206,1,0
HS45,TRUE,llm_raw,5,1,TRUE,11,11,0.000179759,0.000188407,1,0
HS45,TRUE,random_post,10,1,TRUE,8,15.5,0.000186557,0.000256072,1,0
HS45,TRUE,random_raw,10,1,TRUE,8,15.5,0.000174762,0.00025361,1,0
HS46,FALSE,cutest,1,1,TRUE,30,30,0.040481768,0.040481768,5.72E-09,0
HS46,FALSE,llm_post,5,1,TRUE,30,30,0.034306844,0.038573537,5.72E-09,0
HS46,FALSE,llm_raw,5,1,TRUE,30,30,0.035002,0.036010532,5.72E-09,0
HS46,FALSE,random_post,10,1,TRUE,1,1,0.105991898,0.109361956,3.36E+104,0
HS46,FALSE,random_raw,10,1,TRUE,1,1,0.105423695,0.108100636,3.62E+112,0
HS47,FALSE,cutest,1,0,FALSE,,,,,,0
HS47,FALSE,llm_post,5,0.2,TRUE,262,262,0.292084937,0.292084937,-8.00E+60,0
HS47,FALSE,llm_raw,5,0,FALSE,,,,,,0
HS47,FALSE,random_post,10,1,TRUE,1,1,0.105986785,0.107913573,2.50E+77,0
HS47,FALSE,random_raw,10,1,TRUE,1,1,0.106098085,0.107636672,1.33E+78,0
HS49,FALSE,cutest,1,1,TRUE,52,52,0.013460302,0.013460302,3.75E-13,0
HS49,FALSE,llm_post,5,1,TRUE,52,52,0.000685839,0.000700799,3.75E-13,0
HS49,FALSE,llm_raw,5,1,TRUE,51,52,0.000668829,0.000748084,3.75E-13,0
HS49,FALSE,random_post,10,1,TRUE,1,1,0.107050349,0.110413321,3.18E+108,0
HS49,FALSE,random_raw,10,1,TRUE,1,1,0.105495513,0.107534565,3.62E+112,0
HS50,FALSE,cutest,1,1,TRUE,39,39,0.002486769,0.002486769,4.01E-13,0
HS50,FALSE,llm_post,5,1,TRUE,38,39,0.000600114,0.00065502,4.01E-13,0
HS50,FALSE,llm_raw,5,1,TRUE,38,39,0.000511828,0.000556951,3.42E-13,0
HS50,FALSE,random_post,10,1,TRUE,1,1,0.106911556,0.125712574,1.07E+75,0
HS50,FALSE,random_raw,10,1,TRUE,1,1,0.103870196,0.108040612,2.11E+76,0
HS51,FALSE,cutest,1,1,TRUE,5,5,0.002175148,0.002175148,4.93E-32,0
HS51,FALSE,llm_post,5,1,TRUE,5,5,0.000141972,0.0001655,4.93E-32,0
HS51,FALSE,llm_raw,5,1,TRUE,5,5,0.000144785,0.000164315,4.93E-32,0
HS51,FALSE,random_post,10,1,TRUE,1,1,0.106572899,0.127031204,7.44E+38,0
HS51,FALSE,random_raw,10,1,TRUE,1,1,0.003886718,0.10716597,4.000000194,0
HS52,FALSE,cutest,1,1,TRUE,8,8,0.002455984,0.002455984,4.44E-31,0
HS52,FALSE,llm_post,5,1,TRUE,8,8,0.000392407,0.000402233,0,0
HS52,FALSE,llm_raw,5,1,TRUE,8,8,0.000162037,0.000197188,0,0
HS52,FALSE,random_post,10,1,TRUE,1,1,0.104817893,0.109588447,2.07E+39,0
HS52,FALSE,random_raw,10,1,TRUE,1,1,0.103169173,0.107904672,3.79E+39,0
HS53,TRUE,cutest,1,1,TRUE,5,5,0.002158338,0.002158338,4.93E-32,0
HS53,TRUE,llm_post,5,1,TRUE,5,5,0.000330213,0.000345224,1.23E-32,0
HS53,TRUE,llm_raw,5,1,TRUE,5,5,0.000323436,0.000341506,0,0
HS53,TRUE,random_post,10,1,TRUE,5,5,0.000343725,0.000397959,0,0
HS53,TRUE,random_raw,10,1,TRUE,5,7,0.000197177,0.000252982,6.16E-32,0
HS54,TRUE,cutest,1,1,TRUE,29,29,0.002470004,0.002470004,-0.955217496,0
HS54,TRUE,llm_post,5,1,TRUE,31,32,0.000899616,0.001321936,-0.955217496,0
HS54,TRUE,llm_raw,5,1,TRUE,29,29,0.001218575,0.001283281,-0.955217496,0
HS54,TRUE,random_post,10,1,TRUE,1,1,0.000220568,0.000254544,-0.987130734,0
HS54,TRUE,random_raw,10,1,TRUE,1,1,9.54E-05,0.000123221,-0.920770831,0
HS55,TRUE,cutest,1,1,TRUE,2,2,0.002500388,0.002500388,1,0
HS55,TRUE,llm_post,5,1,TRUE,2,2,0.000175915,0.000193845,1,0
HS55,TRUE,llm_raw,5,1,TRUE,2,2,0.000198479,0.000203864,1,0
HS55,TRUE,random_post,10,1,TRUE,2,2,0.000171534,0.000201252,1,0
HS55,TRUE,random_raw,10,1,TRUE,12,12,0.00020827,0.00024144,3.36E+19,0
HS57,TRUE,cutest,1,1,TRUE,12,12,0.020900341,0.020900341,0.030646322,0
HS57,TRUE,llm_post,5,1,TRUE,7,12,0.014721564,0.016084028,0.005593991,0
HS57,TRUE,llm_raw,5,1,TRUE,7,12,0.010652838,0.025591086,0.005593991,0
HS57,TRUE,random_post,10,1,TRUE,3,3,0.042137881,0.043293178,3.48E+102,0
HS57,TRUE,random_raw,10,1,TRUE,1,1,0.087910886,0.105373137,3.26E+35,0
HS59,TRUE,cutest,1,1,TRUE,32,32,0.036313938,0.036313938,-51.73774724,0
HS59,TRUE,llm_post,5,1,TRUE,13,13,0.016678463,0.017057312,-6.74950472,0
HS59,TRUE,llm_raw,5,1,TRUE,14,16,0.016077704,0.01776458,-51.73774724,0
HS59,TRUE,random_post,10,1,TRUE,10,13,0.013811421,0.016804189,-23.88274295,0
HS59,TRUE,random_raw,10,1,TRUE,10,13.5,0.014638665,0.017197696,-51.73774724,0
HS6,FALSE,cutest,1,1,TRUE,3,3,0.006772067,0.006772067,4.93E-32,0
HS6,FALSE,llm_post,5,1,TRUE,3,3,0.003149892,0.003470966,6.04E-31,0
HS6,FALSE,llm_raw,5,1,TRUE,3,3,0.00282399,0.002940173,4.93E-32,0
HS6,FALSE,random_post,10,1,TRUE,18,20,0.016632837,0.019172122,0,0
HS6,FALSE,random_raw,10,1,TRUE,1,1,0.103096462,0.104238607,1.83E+37,0
HS62,TRUE,cutest,1,1,TRUE,17,17,0.002644671,0.002644671,-30525.10019,0
HS62,TRUE,llm_post,5,1,TRUE,17,17,0.0004616,0.000506512,-30525.10019,0
HS62,TRUE,llm_raw,5,1,TRUE,17,17,0.00043472,0.000455165,-30525.10019,0
HS62,TRUE,random_post,10,1,TRUE,13,22.5,0.00044197,0.001153585,-30525.10171,0
HS62,TRUE,random_raw,10,1,TRUE,11,19.5,0.000634167,0.00099783,-30525.10171,0
HS64,TRUE,cutest,1,1,TRUE,36,36,0.046064553,0.046064553,5800,0
HS64,TRUE,llm_post,5,1,TRUE,38,45,0.039565089,0.051329901,5800,0
HS64,TRUE,llm_raw,5,1,TRUE,34,35,0.039637457,0.040630617,5800,0
HS64,TRUE,random_post,10,1,TRUE,1,1,0.085251691,0.086444569,3.99E+20,0
HS64,TRUE,random_raw,10,1,TRUE,1,1,0.082631704,0.085057478,3.99E+20,0
HS65,TRUE,cutest,1,1,TRUE,15,15,0.023822339,0.023822339,0.111526886,0
HS65,TRUE,llm_post,5,1,TRUE,12,15,0.013513798,0.017270903,0.111526823,0
HS65,TRUE,llm_raw,5,1,TRUE,12,15,0.013900497,0.017125426,0.111526823,0
HS65,TRUE,random_post,10,1,TRUE,12,14,0.014107143,0.015438401,0.1114609,0
HS65,TRUE,random_raw,10,1,TRUE,12,14,0.01437214,0.015696034,0.1114609,0
HS68,TRUE,cutest,1,1,TRUE,29,29,0.03600697,0.03600697,-0.98522939,0
HS68,TRUE,llm_post,5,1,TRUE,15,16,0.02116581,0.022656291,-0.985229338,0
HS68,TRUE,llm_raw,5,1,TRUE,15,17,0.021895861,0.022018844,-0.985229394,0
HS68,TRUE,random_post,10,1,TRUE,33,70.5,0.035498432,0.102621766,-0.985231978,0
HS68,TRUE,random_raw,10,1,TRUE,17,33,0.027097431,0.254807404,-0.985231978,0
HS69,TRUE,cutest,1,1,TRUE,24,24,0.035930877,0.035930877,-995.5212609,0
HS69,TRUE,llm_post,5,1,TRUE,21,23,0.026674901,0.030858315,-995.5212715,0
HS69,TRUE,llm_raw,5,1,TRUE,21,24,0.025589692,0.028746098,-995.5212656,0
HS69,TRUE,random_post,10,1,TRUE,21,39,0.039209313,0.308466507,-995.5212745,0
HS69,TRUE,random_raw,10,1,TRUE,21,37,0.022544751,0.039183165,-995.5212628,0
HS70,TRUE,cutest,1,1,TRUE,36,36,0.046835577,0.046835577,0.007498464,0
HS70,TRUE,llm_post,5,1,TRUE,33,36,0.040579208,0.041605137,0.007498464,0
HS70,TRUE,llm_raw,5,1,TRUE,33,36,0.038292679,0.040279034,0.007498464,0
HS70,TRUE,random_post,10,1,TRUE,21,61.5,0.048578622,0.066846313,0.186375482,0
HS70,TRUE,random_raw,10,1,TRUE,21,61.5,0.057343151,0.066388474,0.186375482,0
HS72,TRUE,cutest,1,1,TRUE,7,7,0.015763401,0.015763401,1.007285885,0
HS72,TRUE,llm_post,5,1,TRUE,141,163,0.140103847,0.16127926,1.007204513,0
HS72,TRUE,llm_raw,5,1,TRUE,7,8,0.009355213,0.010250833,1.007206876,0
HS72,TRUE,random_post,10,1,TRUE,26,31,0.475515588,0.482795026,1.004,0
HS72,TRUE,random_raw,10,1,TRUE,26,31,0.465651626,0.494293909,1.004,0
HS73,TRUE,cutest,1,1,TRUE,8,8,0.019341623,0.019341623,0.017256108,0
HS73,TRUE,llm_post,5,1,TRUE,8,8,0.009219781,0.009314609,0.016000066,0
HS73,TRUE,llm_raw,5,1,TRUE,7,8,0.008657917,0.009259434,0.014906975,0
HS73,TRUE,random_post,10,1,TRUE,8,8,0.009974792,0.011194016,0.015770173,0
HS73,TRUE,random_raw,10,1,TRUE,1,1,0.086205269,0.088043757,2.35E+21,0
HS75,TRUE,cutest,1,1,TRUE,6,6,0.013538497,0.013538497,0.001956156,0
HS75,TRUE,llm_post,5,1,TRUE,15,17,0.021249031,0.028092292,5.29E-05,0
HS75,TRUE,llm_raw,5,1,TRUE,6,8,0.008725141,0.011595467,0.000319976,0
HS75,TRUE,random_post,10,1,TRUE,15,17,0.018798446,0.024496202,5.02E-05,0
HS75,TRUE,random_raw,10,1,TRUE,12,13.5,0.01480008,0.017169175,5.54E-05,0
HS76,TRUE,cutest,1,1,TRUE,12,12,0.022394805,0.022394805,-5.249993599,0
HS76,TRUE,llm_post,5,1,TRUE,11,12,0.014633295,0.016542515,-5.249993599,0
HS76,TRUE,llm_raw,5,1,TRUE,11,12,0.016200481,0.016596418,-5.249993599,0
HS76,TRUE,random_post,10,1,TRUE,11,12.5,0.016560406,0.017885442,-5.24999872,0
HS76,TRUE,random_raw,10,1,TRUE,1,1,0.102772373,0.10496932,1.10E+39,0
HS76I,TRUE,cutest,1,1,TRUE,12,12,0.02097834,0.02097834,-5.249993599,0
HS76I,TRUE,llm_post,5,1,TRUE,12,12,0.015986516,0.016506035,-5.249993599,0
HS76I,TRUE,llm_raw,5,1,TRUE,12,12,0.016307021,0.016769041,-5.249993599,0
HS76I,TRUE,random_post,10,1,TRUE,12,13.5,0.01565391,0.019136043,-5.2499936,0
HS76I,TRUE,random_raw,10,1,TRUE,12,14,0.016466729,0.018335807,-5.24999872,0
HS77,FALSE,cutest,1,1,TRUE,38,38,0.051641404,0.051641404,2.11E-09,0
HS77,FALSE,llm_post,5,1,TRUE,36,37,0.042067256,0.057674163,1.11E-09,0
HS77,FALSE,llm_raw,5,1,TRUE,30,38,0.035475295,0.046329657,2.11E-09,0
HS77,FALSE,random_post,10,1,TRUE,1,1,0.10677031,0.109977883,3.36E+104,0
HS77,FALSE,random_raw,10,1,TRUE,1,1,0.106199211,0.108828374,3.62E+112,0
HS78,FALSE,cutest,1,0,FALSE,,,,,,0
HS78,FALSE,llm_post,5,0,FALSE,,,,,,0
HS78,FALSE,llm_raw,5,0,FALSE,,,,,,0
HS78,FALSE,random_post,10,1,TRUE,1,1,0.104392827,0.108152443,-7.19E+97,0
HS78,FALSE,random_raw,10,1,TRUE,1,1,0.105426114,0.110812599,-8.27E+98,0
HS79,FALSE,cutest,1,1,TRUE,38,38,0.05391561,0.05391561,8.04E-10,0
HS79,FALSE,llm_post,5,1,TRUE,31,40,0.035285434,0.045640855,4.63E-10,0
HS79,FALSE,llm_raw,5,1,TRUE,32,37,0.037776397,0.041490835,5.89E-10,0
HS79,FALSE,random_post,10,1,TRUE,1,1,0.10328416,0.107524588,2.50E+77,0
HS79,FALSE,random_raw,10,1,TRUE,1,1,0.105870529,0.110265404,1.33E+78,0
HS8,FALSE,cutest,1,1,TRUE,1,1,0.005427171,0.005427171,-1,0
HS8,FALSE,llm_post,5,1,TRUE,1,1,0.002172402,0.002291363,-1,0
HS8,FALSE,llm_raw,5,1,TRUE,1,1,0.001302505,0.002002415,-1,0
HS8,FALSE,random_post,10,1,TRUE,1,1,0.001570159,0.001643314,-1,0
HS8,FALSE,random_raw,10,1,TRUE,1,1,0.001129926,0.001280624,-1,0
HS83,TRUE,cutest,1,1,TRUE,12,12,0.023171905,0.023171905,-32217.43102,0
HS83,TRUE,llm_post,5,1,TRUE,14,14,0.019060001,0.020451421,-32217.43102,0
HS83,TRUE,llm_raw,5,1,TRUE,12,12,0.018060844,0.018279654,-32217.43102,0
HS83,TRUE,random_post,10,1,TRUE,13,14,0.019438056,0.021641465,-32217.43102,0
HS83,TRUE,random_raw,10,1,TRUE,13,14,0.017920815,0.020150428,-32217.43102,0
HS84,TRUE,cutest,1,1,TRUE,17,17,0.027403855,0.027403855,-1175336752,0
HS84,TRUE,llm_post,5,1,TRUE,17,17,0.017249674,0.017559463,-1175336752,0
HS84,TRUE,llm_raw,5,1,TRUE,17,17,0.016872998,0.017737603,-1175336752,0
HS84,TRUE,random_post,10,0.1,TRUE,136,136,0.123216114,0.123216114,-1175336752,0
HS84,TRUE,random_raw,10,0.3,TRUE,43,136,0.042831059,0.131061445,-1175336752,0
HS85,TRUE,cutest,1,1,TRUE,31,31,0.037997413,0.037997413,-3.002128348,0
HS85,TRUE,llm_post,5,1,TRUE,25,31,0.028922328,0.031210958,-3.002219023,0
HS85,TRUE,llm_raw,5,1,TRUE,25,31,0.027223738,0.032194536,-3.002219023,0
HS85,TRUE,random_post,10,1,TRUE,17,20.5,0.020476419,0.024441436,-3.002238523,0
HS85,TRUE,random_raw,10,1,TRUE,13,19.5,0.018607211,0.02279934,-3.002241013,0
HS87,TRUE,cutest,1,1,TRUE,17,17,0.032323561,0.032323561,1.28E-05,0
HS87,TRUE,llm_post,5,1,TRUE,17,17,0.022547063,0.028246718,1.28E-05,0
HS87,TRUE,llm_raw,5,1,TRUE,17,17,0.021431959,0.022109968,1.28E-05,0
HS87,TRUE,random_post,10,1,TRUE,14,16.5,0.019865387,0.023682295,1.28E-05,0
HS87,TRUE,random_raw,10,1,TRUE,14,22,0.017417021,0.026665942,1.30E-05,0
HS89,FALSE,cutest,1,1,TRUE,3,3,0.00749795,0.00749795,0,0
HS89,FALSE,llm_post,5,1,TRUE,3,3,0.004473044,0.004629299,0,0
HS89,FALSE,llm_raw,5,1,TRUE,3,3,0.002961199,0.00317876,0,0
HS89,FALSE,random_post,10,1,TRUE,1,1,0.103454065,0.108026702,4.83E+38,0
HS89,FALSE,random_raw,10,1,TRUE,1,1,0.102501142,0.105745151,4.83E+38,0
HS91,FALSE,cutest,1,1,TRUE,3,3,0.006887697,0.006887697,0,0
HS91,FALSE,llm_post,5,1,TRUE,3,3,0.004550068,0.004585876,0,0
HS91,FALSE,llm_raw,5,1,TRUE,3,3,0.002957142,0.003161682,0,0
HS91,FALSE,random_post,10,1,TRUE,1,1,0.104605021,0.105758237,4.04E+39,0
HS91,FALSE,random_raw,10,1,TRUE,1,1,0.103358941,0.106166621,4.04E+39,0
HS92,FALSE,cutest,1,1,TRUE,3,3,0.007162925,0.007162925,1.85E-32,0
HS92,FALSE,llm_post,5,1,TRUE,3,3,0.003852169,0.004681688,0,0
HS92,FALSE,llm_raw,5,1,TRUE,3,3,0.003067699,0.003582775,1.62E-32,0
HS92,FALSE,random_post,10,1,TRUE,1,1,0.106149197,0.10815935,5.51E+39,0
HS92,FALSE,random_raw,10,1,TRUE,1,1,0.106778853,0.108451661,5.51E+39,0
HS93,TRUE,cutest,1,1,TRUE,21,21,0.032142646,0.032142646,1.35E-05,0
HS93,TRUE,llm_post,5,1,TRUE,21,21,0.026411532,0.026533561,1.35E-05,0
HS93,TRUE,llm_raw,5,1,TRUE,21,21,0.025902799,0.026416081,1.35E-05,0
HS93,TRUE,random_post,10,1,TRUE,13,13,0.0178403,0.01892657,2.48E-06,0
HS93,TRUE,random_raw,10,1,TRUE,1,1,0.106118046,0.107752116,1.59E+96,0
HS95,TRUE,cutest,1,1,TRUE,10,10,0.021195649,0.021195649,0.023714221,0
HS95,TRUE,llm_post,5,1,TRUE,10,10,0.012291283,0.012798373,0.023435227,0
HS95,TRUE,llm_raw,5,1,TRUE,10,10,0.012413186,0.013221228,0.023713416,0
HS95,TRUE,random_post,10,1,TRUE,10,10,0.01251926,0.013146719,0.004814148,0
HS95,TRUE,random_raw,10,1,TRUE,10,10,0.01242167,0.013014351,0.004814148,0
HS99EXP,TRUE,cutest,1,1,TRUE,3,3,0.014149323,0.014149323,-2.18E-75,0
HS99EXP,TRUE,llm_post,5,0,FALSE,,,,,,0
HS99EXP,TRUE,llm_raw,5,1,TRUE,3,3,0.008422387,0.008514998,-2.18E-75,0
HS99EXP,TRUE,random_post,10,1,TRUE,1,1,0.120610907,0.125559433,-4.93E+39,0
HS99EXP,TRUE,random_raw,10,1,TRUE,1,1,0.120796985,0.124837928,-7.66E+39,0
HUMPS,FALSE,cutest,1,1,TRUE,234,234,0.032243912,0.032243912,5.03E-10,0
HUMPS,FALSE,llm_post,5,1,TRUE,26,197,0.000374639,0.002114967,1.36E-10,0
HUMPS,FALSE,llm_raw,5,1,TRUE,26,197,0.000405917,0.002037753,1.36E-10,0
HUMPS,FALSE,random_post,10,1,TRUE,78,243,0.000912995,0.002603765,8.80E-11,0
HUMPS,FALSE,random_raw,10,1,TRUE,78,243,0.001497429,0.003212994,8.80E-11,0
HYDROELS,TRUE,cutest,1,1,TRUE,37,37,1.764567095,1.764567095,-3762300.132,0
HYDROELS,TRUE,random_post,10,0,FALSE,,,,,,0
HYDROELS,TRUE,random_raw,10,0,FALSE,,,,,,0
HYPCIR,FALSE,cutest,1,1,TRUE,1,1,0.003999677,0.003999677,0,0
HYPCIR,FALSE,llm_post,5,1,TRUE,1,1,0.001353586,0.002197321,0,0
HYPCIR,FALSE,llm_raw,5,1,TRUE,1,1,0.001929058,0.002093814,0,0
HYPCIR,FALSE,random_post,10,1,TRUE,1,1,0.002055816,0.002188763,0,0
HYPCIR,FALSE,random_raw,10,1,TRUE,1,1,0.001141121,0.001204648,0,0
JENSMP,FALSE,cutest,1,1,TRUE,38,38,0.067404989,0.067404989,259.5801755,0
JENSMP,FALSE,llm_post,5,1,TRUE,3,26,0.000335955,0.001104064,124.3621824,0
JENSMP,FALSE,llm_raw,5,1,TRUE,3,26,0.00018554,0.000842284,124.3621824,0
JENSMP,FALSE,random_post,10,1,TRUE,1,38,0.000239693,0.001240326,259.5801755,0
JENSMP,FALSE,random_raw,10,1,TRUE,1,38,0.000224502,0.001325621,259.5801755,0.6
KOWOSB,FALSE,cutest,1,1,TRUE,32,32,0.107645403,0.107645403,0.000307801,0
KOWOSB,FALSE,llm_post,5,1,TRUE,31,32,0.001158517,0.001193738,0.000307801,0
KOWOSB,FALSE,llm_raw,5,1,TRUE,31,32,0.000696935,0.000784205,0.000307801,0
KOWOSB,FALSE,random_post,10,1,TRUE,8,15.5,0.000281357,0.000489774,0.005943953,0
KOWOSB,FALSE,random_raw,10,1,TRUE,8,15.5,0.000383983,0.00050003,0.005943953,0
LAKES,TRUE,cutest,1,1,TRUE,9,9,0.023845898,0.023845898,7.11E-16,0
LAKES,TRUE,llm_post,5,1,TRUE,9,9,0.018659852,0.021190244,2.42E-15,0
LAKES,TRUE,llm_raw,5,1,TRUE,9,9,0.017412058,0.017887814,7.11E-16,0
LAKES,TRUE,random_post,10,1,TRUE,1,1,0.175166748,0.179137069,1.68E+41,0
LAKES,TRUE,random_raw,10,1,TRUE,1,1,0.171981108,0.177349762,1.68E+41,0
LAUNCH,TRUE,cutest,1,1,TRUE,21,21,0.913312851,0.913312851,4.48E-06,0
LAUNCH,TRUE,llm_post,5,1,TRUE,29,29,0.826912156,0.843606956,4.47E-06,0
LAUNCH,TRUE,llm_raw,5,1,TRUE,18,18,0.82916257,0.834549496,4.48E-06,0
LAUNCH,TRUE,random_post,10,0.8,TRUE,1,14,0.834592653,0.860291913,1.98E-05,0
LAUNCH,TRUE,random_raw,10,1,TRUE,5,18.5,0.836208682,0.848418885,2.24E-05,0
LEAKNET,TRUE,cutest,1,1,TRUE,285,285,1.536771516,1.536771516,6.961226078,0
LEAKNET,TRUE,llm_post,1,1,TRUE,205,205,1.325067461,1.325067461,6.961226078,0
LEAKNET,TRUE,llm_raw,1,1,TRUE,177,177,1.303844001,1.303844001,6.961226078,0
LEAKNET,TRUE,random_post,10,1,TRUE,616,639,0.183645401,0.187557918,2.00E+18,0
LEAKNET,TRUE,random_raw,10,1,TRUE,318,395.5,0.174709615,0.180853929,1.27E+19,0
LOGHAIRY,FALSE,cutest,1,1,TRUE,192,192,0.106512845,0.106512845,0.182321557,0
LOGHAIRY,FALSE,llm_post,5,1,TRUE,192,259,0.002175157,0.00420627,0.182321557,0
LOGHAIRY,FALSE,llm_raw,5,1,TRUE,192,259,0.00214461,0.003030528,0.182321557,0
LOGHAIRY,FALSE,random_post,10,1,TRUE,1,1,0.000102958,0.000115118,44.4799628,0
LOGHAIRY,FALSE,random_raw,10,1,TRUE,1,1,0.000113459,0.000146903,44.4799628,0
LOOTSMA,TRUE,cutest,1,1,TRUE,12,12,0.023915277,0.023915277,1.42E-05,0
LOOTSMA,TRUE,llm_post,5,1,TRUE,14,15,0.020299644,0.024284211,9.34E-06,0
LOOTSMA,TRUE,llm_raw,5,1,TRUE,13,14,0.019627984,0.021604478,9.50E-06,0
LOOTSMA,TRUE,random_post,10,1,TRUE,43,70,0.051128646,0.077956937,8.90E-06,0
LOOTSMA,TRUE,random_raw,10,1,TRUE,25,25,0.114911168,0.118271826,6.83E+50,0
LOTSCHD,TRUE,cutest,1,1,TRUE,1,1,0.001858561,0.001858561,0,0
LOTSCHD,TRUE,llm_post,5,1,TRUE,2,2,0.000153175,0.000177728,8.24E-22,0
LOTSCHD,TRUE,llm_raw,5,1,TRUE,1,1,0.000212847,0.000301693,0,0
LOTSCHD,TRUE,random_post,10,1,TRUE,2,2,0.000328624,0.000354472,6.62E-21,0
LOTSCHD,TRUE,random_raw,10,1,TRUE,1,1,0.112897024,0.114363977,7.01E+39,0
MADSEN,FALSE,cutest,1,0,FALSE,,,,,,0
MADSEN,FALSE,llm_post,5,0,FALSE,,,,,,0
MADSEN,FALSE,llm_raw,5,0,FALSE,,,,,,0
MADSEN,FALSE,random_post,10,1,TRUE,1,1,0.086279525,0.089218658,-9.00E+19,0
MADSEN,FALSE,random_raw,10,1,TRUE,1,1,0.085791943,0.08909068,-9.00E+19,0
MAKELA1,FALSE,cutest,1,0,FALSE,,,,,,0
MAKELA1,FALSE,llm_post,5,0,FALSE,,,,,,0
MAKELA1,FALSE,llm_raw,5,0,FALSE,,,,,,0
MAKELA1,FALSE,random_post,10,1,TRUE,1,1,0.085858303,0.086233346,-9.00E+19,0
MAKELA1,FALSE,random_raw,10,1,TRUE,1,1,0.085212207,0.087164471,-9.00E+19,0
MAKELA2,FALSE,cutest,1,0,FALSE,,,,,,0
MAKELA2,FALSE,llm_post,5,0,FALSE,,,,,,0
MAKELA2,FALSE,llm_raw,5,0,FALSE,,,,,,0
MAKELA2,FALSE,random_post,10,1,TRUE,1,1,0.084401014,0.086531589,-9.00E+19,0
MAKELA2,FALSE,random_raw,10,1,TRUE,1,1,0.084823928,0.086954832,-9.00E+19,0
MAKELA4,FALSE,cutest,1,0,FALSE,,,,,,0
MAKELA4,FALSE,llm_post,5,0,FALSE,,,,,,0
MAKELA4,FALSE,llm_raw,5,0,FALSE,,,,,,0
MAKELA4,FALSE,random_post,10,1,TRUE,1,1,0.097330269,0.101351994,3.41E+19,0
MAKELA4,FALSE,random_raw,10,1,TRUE,1,1,0.100027027,0.103561933,-9.77E+19,0
MARATOS,FALSE,cutest,1,1,TRUE,9,9,0.015035755,0.015035755,-250000,0
MARATOS,FALSE,llm_post,5,1,TRUE,9,9,0.009356901,0.009712151,-250000,0
MARATOS,FALSE,llm_raw,5,1,TRUE,9,9,0.008196747,0.00865374,-250000,0
MARATOS,FALSE,random_post,10,1,TRUE,20,21,0.019495941,0.022010281,-250000,0
MARATOS,FALSE,random_raw,10,1,TRUE,1,1,0.082542051,0.085598789,4.50E+32,0
MARATOSB,FALSE,cutest,1,0,FALSE,,,,,,0
MARATOSB,FALSE,llm_post,5,0,FALSE,,,,,,0
MARATOSB,FALSE,llm_raw,5,0,FALSE,,,,,,0
MARATOSB,FALSE,random_post,10,0.2,TRUE,520,528,0.013134782,0.014892173,-1.000000062,0
MARATOSB,FALSE,random_raw,10,0.2,TRUE,520,528,0.013157612,0.014075954,-1.000000062,0
MDHOLE,TRUE,cutest,1,1,TRUE,108,108,0.120287675,0.120287675,2.36E-31,0
MDHOLE,TRUE,llm_post,5,1,TRUE,11,95,0.000521066,0.003012065,6.51E-35,0
MDHOLE,TRUE,llm_raw,5,1,TRUE,11,95,0.000516004,0.003112705,6.51E-35,0
MDHOLE,TRUE,random_post,10,1,TRUE,10,15,0.000550451,0.000774911,5.03E+16,0
MDHOLE,TRUE,random_raw,10,1,TRUE,10,15,0.000318177,0.000666856,5.03E+16,0
MESH,TRUE,cutest,1,1,TRUE,77,77,0.203053293,0.203053293,-1.00E+37,0
MESH,TRUE,llm_post,5,1,TRUE,77,77,0.187641339,0.193786371,-1.00E+37,0
MESH,TRUE,llm_raw,5,1,TRUE,77,77,0.190144101,0.191731413,-1.00E+37,0
MESH,TRUE,random_post,10,1,TRUE,35,87,0.11792699,0.131032287,-4.63E+36,0
MESH,TRUE,random_raw,10,1,TRUE,1,457,0.118506989,0.135080524,-4.63E+36,0
METHANL8,FALSE,cutest,1,1,TRUE,1,1,0.004833744,0.004833744,0,0
METHANL8,FALSE,llm_post,5,1,TRUE,1,1,0.001340871,0.001392738,0,0
METHANL8,FALSE,llm_raw,5,1,TRUE,1,1,0.001430799,0.001783797,0,0
METHANL8,FALSE,random_post,10,1,TRUE,1,1,0.001373049,0.001778188,0,0
METHANL8,FALSE,random_raw,10,1,TRUE,1,1,0.001146329,0.001289973,0,0
MEXHAT,FALSE,cutest,1,1,TRUE,67,67,0.095537642,0.095537642,-0.04001,0
MEXHAT,FALSE,llm_post,5,0.2,TRUE,67,67,0.000880167,0.000880167,-0.04001,0
MEXHAT,FALSE,llm_raw,5,0.2,TRUE,67,67,0.000867411,0.000867411,-0.04001,0
MEXHAT,FALSE,random_post,10,0.3,TRUE,242,264,0.002540664,0.003983582,4.07E+44,0
MEXHAT,FALSE,random_raw,10,0.3,TRUE,242,264,0.003734333,0.003844594,4.07E+44,0
MIFFLIN2,FALSE,cutest,1,0,FALSE,,,,,,0
MIFFLIN2,FALSE,llm_post,5,0,FALSE,,,,,,0
MIFFLIN2,FALSE,llm_raw,5,0,FALSE,,,,,,0
MIFFLIN2,FALSE,random_post,10,1,TRUE,1,1,0.083718855,0.086205534,-9.00E+19,0
MIFFLIN2,FALSE,random_raw,10,1,TRUE,1,1,0.08376224,0.085708438,-9.00E+19,0
MISTAKE,TRUE,cutest,1,0,FALSE,,,,,,0
MISTAKE,TRUE,llm_post,5,0,FALSE,,,,,,0
MISTAKE,TRUE,llm_raw,5,0,FALSE,,,,,,0
MISTAKE,TRUE,random_post,10,0,FALSE,,,,,,0
MISTAKE,TRUE,random_raw,10,1,TRUE,1,1,0.108683159,0.111540868,-6.00E+39,0
MSS1,FALSE,cutest,1,0,FALSE,,,,,,0
MSS1,FALSE,llm_post,5,0,FALSE,,,,,,0
MSS1,FALSE,llm_raw,5,0,FALSE,,,,,,0
MSS1,FALSE,random_post,10,0,FALSE,,,,,,0
MSS1,FALSE,random_raw,10,1,TRUE,1,1,0.171495407,0.176346947,-5.95E+41,0
MWRIGHT,FALSE,cutest,1,1,TRUE,53,53,0.06462758,0.06462758,8.51E-10,0
MWRIGHT,FALSE,llm_post,5,0.2,TRUE,42,42,0.048593899,0.048593899,4.43E-10,0
MWRIGHT,FALSE,llm_raw,5,0.4,TRUE,53,85.5,0.059023756,0.114754069,-3.70E+60,0
MWRIGHT,FALSE,random_post,10,1,TRUE,1,163,0.108804737,0.114679153,3.51E+77,0
MWRIGHT,FALSE,random_raw,10,1,TRUE,1,1,0.104255999,0.106280464,1.33E+78,0
NET1,TRUE,cutest,1,0,FALSE,,,,,,0
NET1,TRUE,llm_post,5,0,FALSE,,,,,,0
NET1,TRUE,llm_raw,5,0,FALSE,,,,,,0
NET1,TRUE,random_post,10,0.9,TRUE,169,741,0.131599879,0.207807057,-2.07E+23,0
NET1,TRUE,random_raw,10,1,TRUE,151,451.5,0.132788435,0.204119372,-2.07E+23,0
NET2,TRUE,cutest,1,1,TRUE,7,7,6.821303914,6.821303914,-1326414637,0
NET2,TRUE,llm_post,1,0,FALSE,,,,,,0
NET2,TRUE,llm_raw,1,0,FALSE,,,,,,0
NET2,TRUE,random_post,10,0.9,TRUE,215,861,0.401135148,0.491326866,-3.45E+23,0
NET2,TRUE,random_raw,10,0.9,TRUE,240,858,0.303606148,0.490751281,-3.45E+23,0
NYSTROM5,FALSE,cutest,1,1,TRUE,1,1,0.0050194,0.0050194,0,0
NYSTROM5,FALSE,llm_post,5,1,TRUE,1,1,0.001645751,0.001705676,0,0
NYSTROM5,FALSE,llm_raw,5,1,TRUE,1,1,0.001287274,0.001317381,0,0
NYSTROM5,FALSE,random_post,10,1,TRUE,1,1,0.001282482,0.001364569,0,0
NYSTROM5,FALSE,random_raw,10,1,TRUE,1,1,0.001102169,0.00129652,0,0
ODFITS,TRUE,cutest,1,1,TRUE,1,1,0.001752214,0.001752214,-2716.866667,0
ODFITS,TRUE,llm_post,5,1,TRUE,87,87,0.001521996,0.002564115,-2716.866667,0
ODFITS,TRUE,llm_raw,5,1,TRUE,1,1,0.000108891,0.000118786,-2716.866667,0
ODFITS,TRUE,random_post,10,1,TRUE,1,1,0.000160624,0.000191506,2.68E+21,0
ODFITS,TRUE,random_raw,10,1,TRUE,1,1,0.000139093,0.000159203,5.74E+21,0
ORTHREGB,FALSE,cutest,1,1,TRUE,1,1,0.005236909,0.005236909,0,0
ORTHREGB,FALSE,llm_post,5,1,TRUE,3,3,0.003679078,0.003863339,0,0
ORTHREGB,FALSE,llm_raw,5,1,TRUE,1,1,0.001215129,0.001271578,0,0
ORTHREGB,FALSE,random_post,10,1,TRUE,1,1,0.122176048,0.127172403,2.34E+38,0
ORTHREGB,FALSE,random_raw,10,1,TRUE,1,1,0.123049546,0.125756057,4.57E+40,0
OSBORNEA,FALSE,cutest,1,1,TRUE,3,3,0.001405644,0.001405644,0.879026294,0
OSBORNEA,FALSE,llm_post,5,0.6,TRUE,3,3,0.00029703,0.000322777,0.680679702,0
OSBORNEA,FALSE,llm_raw,5,0.6,TRUE,3,3,0.000294611,0.000319241,0.680679702,0
OSBORNEA,FALSE,random_post,10,0.9,TRUE,3,3,0.000304857,0.00040015,0.879026294,0
OSBORNEA,FALSE,random_raw,10,0.9,TRUE,3,3,0.000195492,0.000277003,0.879026294,0.7
PALMER1B,TRUE,cutest,1,1,TRUE,55,55,0.042945096,0.042945096,3.447354631,0
PALMER1B,TRUE,llm_post,5,1,TRUE,50,55,0.001086802,0.001514067,3.447354631,0
PALMER1B,TRUE,llm_raw,5,1,TRUE,50,55,0.00123743,0.001562352,3.447354631,0
PALMER1B,TRUE,random_post,10,1,TRUE,8,8,0.000432475,0.000497947,39941.89097,0
PALMER1B,TRUE,random_raw,10,1,TRUE,8,8,0.000434571,0.00047882,39941.89097,0
PALMER2A,TRUE,cutest,1,1,TRUE,164,164,0.053716195,0.053716195,0.017109717,0
PALMER2A,TRUE,llm_post,5,1,TRUE,162,172,0.003058062,0.003701498,0.017109717,0
PALMER2A,TRUE,llm_raw,5,1,TRUE,162,172,0.002808867,0.003385261,0.017109717,0
PALMER2A,TRUE,random_post,10,1,TRUE,24,26.5,0.000664997,0.001095017,5.381826487,0
PALMER2A,TRUE,random_raw,10,1,TRUE,24,26.5,0.000584414,0.000950056,5.381826487,0
PALMER2C,FALSE,cutest,1,1,TRUE,383,383,0.043441182,0.043441182,0.014368888,0
PALMER2C,FALSE,llm_post,5,0.2,TRUE,383,383,0.007836017,0.007836017,0.014368888,0
PALMER2C,FALSE,llm_raw,5,0.2,TRUE,383,383,0.006423575,0.006423575,0.014368888,0
PALMER2C,FALSE,random_post,10,0,FALSE,,,,,,0
PALMER2C,FALSE,random_raw,10,0,FALSE,,,,,,0
PALMER3,TRUE,cutest,1,1,TRUE,48,48,0.04069752,0.04069752,2319.130639,0
PALMER3,TRUE,llm_post,5,1,TRUE,32,89,0.000753124,0.002277522,2265.958218,0
PALMER3,TRUE,llm_raw,5,1,TRUE,32,89,0.000735965,0.001983053,2265.958218,0
PALMER3,TRUE,random_post,10,1,TRUE,4,4,0.000189069,0.000223188,2425.542535,0
PALMER3,TRUE,random_raw,10,1,TRUE,4,4,0.000185872,0.000220022,2425.542535,0
PALMER3A,TRUE,cutest,1,1,TRUE,173,173,0.052876113,0.052876113,0.020431423,0
PALMER3A,TRUE,llm_post,5,1,TRUE,159,171,0.003185465,0.003610122,0.020431423,0
PALMER3A,TRUE,llm_raw,5,1,TRUE,159,171,0.003323604,0.003604822,0.020431423,0
PALMER3A,TRUE,random_post,10,1,TRUE,23,28,0.000594446,0.000745947,4.555891396,0
PALMER3A,TRUE,random_raw,10,1,TRUE,23,28,0.000591197,0.000824536,4.555891396,0
PALMER3B,TRUE,cutest,1,1,TRUE,30,30,0.094697079,0.094697079,4.227647253,0
PALMER3B,TRUE,llm_post,5,1,TRUE,29,29,0.000625395,0.000678547,4.227647253,0
PALMER3B,TRUE,llm_raw,5,1,TRUE,29,29,0.000617145,0.000654658,4.227647253,0
PALMER3B,TRUE,random_post,10,1,TRUE,8,8,0.000230922,0.000251941,139.7652405,0
PALMER3B,TRUE,random_raw,10,1,TRUE,8,8,0.000257377,0.000340136,139.7652405,0
PALMER3C,FALSE,cutest,1,1,TRUE,336,336,0.046895573,0.046895573,0.019537638,0
PALMER3C,FALSE,llm_post,5,0.2,TRUE,336,336,0.008878208,0.008878208,0.019537638,0
PALMER3C,FALSE,llm_raw,5,0.2,TRUE,336,336,0.011817512,0.011817512,0.019537638,0
PALMER3C,FALSE,random_post,10,0.1,TRUE,593,593,0.017423134,0.017423134,0.019537638,0
PALMER3C,FALSE,random_raw,10,0.1,TRUE,593,593,0.031909341,0.031909341,0.019537638,0
PALMER3E,TRUE,cutest,1,1,TRUE,374,374,0.045382671,0.045382671,5.07E-05,0
PALMER3E,TRUE,llm_post,5,1,TRUE,362,439,0.008063215,0.012584374,5.07E-05,0
PALMER3E,TRUE,llm_raw,5,1,TRUE,362,439,0.007670537,0.009341726,5.07E-05,0
PALMER3E,TRUE,random_post,10,1,TRUE,132,194,0.003895804,0.004738193,0.070867488,0
PALMER3E,TRUE,random_raw,10,1,TRUE,132,194,0.003195651,0.006249199,0.070867488,0
PALMER4,TRUE,cutest,1,1,TRUE,45,45,0.090348283,0.090348283,2327.885841,0
PALMER4,TRUE,llm_post,5,1,TRUE,22,45,0.000509424,0.000910102,2327.885809,0
PALMER4,TRUE,llm_raw,5,1,TRUE,22,45,0.000538394,0.001677518,2327.885809,0
PALMER4,TRUE,random_post,10,1,TRUE,4,4,0.000174775,0.000200663,2433.33537,0
PALMER4,TRUE,random_raw,10,1,TRUE,4,4,0.000183688,0.000208223,2433.33537,0
PALMER4B,TRUE,cutest,1,1,TRUE,43,43,0.064308147,0.064308147,6.835138602,0
PALMER4B,TRUE,llm_post,5,0.8,TRUE,40,40.5,0.000820866,0.000872935,6.835138602,0
PALMER4B,TRUE,llm_raw,5,0.8,TRUE,40,40.5,0.000872151,0.000922491,6.835138602,0
PALMER4B,TRUE,random_post,10,1,TRUE,8,8,0.000236786,0.000258773,126.1482433,0
PALMER4B,TRUE,random_raw,10,1,TRUE,8,8,0.000235572,0.000302642,126.1482433,0
PALMER4C,FALSE,cutest,1,1,TRUE,472,472,0.121514502,0.121514502,0.050310695,0
PALMER4C,FALSE,llm_post,5,0.4,TRUE,418,445,0.007275512,0.010704876,0.050310695,0
PALMER4C,FALSE,llm_raw,5,0.4,TRUE,418,445,0.013580162,0.014034571,0.050310695,0
PALMER4C,FALSE,random_post,10,0,FALSE,,,,,,0
PALMER4C,FALSE,random_raw,10,0,FALSE,,,,,,0
PALMER4E,TRUE,cutest,1,1,TRUE,375,375,0.071546142,0.071546142,0.000148004,0
PALMER4E,TRUE,llm_post,5,1,TRUE,332,400,0.005963558,0.014150869,0.000148004,0
PALMER4E,TRUE,llm_raw,5,1,TRUE,332,400,0.007620032,0.010225333,0.000148004,0
PALMER4E,TRUE,random_post,10,1,TRUE,141,230.5,0.00388428,0.010255396,0.188379889,0
PALMER4E,TRUE,random_raw,10,1,TRUE,141,230.5,0.00372942,0.006742959,0.188379889,0
PALMER5B,TRUE,cutest,1,0,FALSE,,,,,,0
PALMER5B,TRUE,llm_post,5,0.2,TRUE,203,203,0.003961333,0.003961333,0.028565491,0
PALMER5B,TRUE,llm_raw,5,0.2,TRUE,203,203,0.007843666,0.007843666,0.028565491,0
PALMER5B,TRUE,random_post,10,1,TRUE,181,239,0.004043137,0.006846539,0.028565491,0
PALMER5B,TRUE,random_raw,10,1,TRUE,181,239,0.003938915,0.006133494,0.028565491,0
PALMER5C,FALSE,cutest,1,1,TRUE,14,14,0.059985688,0.059985688,2.128086666,0
PALMER5C,FALSE,llm_post,5,1,TRUE,14,14,0.000377776,0.000397591,2.128086666,0
PALMER5C,FALSE,llm_raw,5,1,TRUE,14,14,0.000380186,0.000390548,2.128086666,0
PALMER5C,FALSE,random_post,10,1,TRUE,26,28.5,0.000635259,0.000718678,2.128086666,0
PALMER5C,FALSE,random_raw,10,1,TRUE,26,28.5,0.000791793,0.001428752,2.128086666,0
PALMER5D,FALSE,cutest,1,1,TRUE,21,21,0.041015237,0.041015237,87.33939945,0
PALMER5D,FALSE,llm_post,5,1,TRUE,20,21,0.000847846,0.000922883,87.33939945,0
PALMER5D,FALSE,llm_raw,5,1,TRUE,20,21,0.000860059,0.000926977,87.33939945,0
PALMER5D,FALSE,random_post,10,1,TRUE,25,30,0.001038413,0.001319811,87.33939945,0
PALMER5D,FALSE,random_raw,10,1,TRUE,25,30,0.001094191,0.001709833,87.33939945,0
PALMER5E,TRUE,cutest,1,0,FALSE,,,,,,0
PALMER5E,TRUE,llm_post,5,0,FALSE,,,,,,0
PALMER5E,TRUE,llm_raw,5,0,FALSE,,,,,,0
PALMER5E,TRUE,random_post,10,1,TRUE,38,45.5,0.00098525,0.001161554,1.630506327,0
PALMER5E,TRUE,random_raw,10,1,TRUE,38,45.5,0.000998127,0.001820663,1.630506327,0
PALMER6A,TRUE,cutest,1,1,TRUE,264,264,0.079708328,0.079708328,0.055948839,0
PALMER6A,TRUE,llm_post,5,1,TRUE,22,243,0.000458088,0.004252197,0.055948839,0
PALMER6A,TRUE,llm_raw,5,1,TRUE,22,243,0.000590201,0.004691536,0.055948839,0
PALMER6A,TRUE,random_post,10,1,TRUE,22,28.5,0.000476056,0.000688557,3.469071812,0
PALMER6A,TRUE,random_raw,10,1,TRUE,22,28.5,0.000496641,0.000812062,3.469071812,0
PALMER6C,FALSE,cutest,1,1,TRUE,518,518,0.083157915,0.083157915,0.016387427,0
PALMER6C,FALSE,llm_post,5,1,TRUE,497,544,0.008784628,0.016684356,0.016387422,0
PALMER6C,FALSE,llm_raw,5,1,TRUE,497,544,0.010988763,0.018298187,0.016387422,0
PALMER6C,FALSE,random_post,10,0.1,TRUE,293,293,0.010588914,0.010588914,0.016387421,0
PALMER6C,FALSE,random_raw,10,0.1,TRUE,293,293,0.009785039,0.009785039,0.016387421,0
PALMER6E,TRUE,cutest,1,1,TRUE,411,411,0.07144677,0.07144677,0.000223955,0
PALMER6E,TRUE,llm_post,5,1,TRUE,366,396,0.00754241,0.011060044,0.000223955,0
PALMER6E,TRUE,llm_raw,5,1,TRUE,366,396,0.00758742,0.011355601,0.000223955,0
PALMER6E,TRUE,random_post,10,1,TRUE,147,179,0.002168908,0.00296693,0.038074061,0
PALMER6E,TRUE,random_raw,10,1,TRUE,147,179,0.003681429,0.006035091,0.038074061,0
PALMER7E,TRUE,cutest,1,0,FALSE,,,,,,0
PALMER7E,TRUE,llm_post,5,0,FALSE,,,,,,0
PALMER7E,TRUE,llm_raw,5,0,FALSE,,,,,,0
PALMER7E,TRUE,random_post,10,1,TRUE,173,194.5,0.003745547,0.005664205,10.14029102,0
PALMER7E,TRUE,random_raw,10,1,TRUE,173,194.5,0.003849043,0.004759142,10.14029102,0
PALMER8A,TRUE,cutest,1,1,TRUE,89,89,0.080025182,0.080025182,0.074009698,0
PALMER8A,TRUE,llm_post,5,1,TRUE,89,89,0.00165966,0.001999457,0.074009698,0
PALMER8A,TRUE,llm_raw,5,1,TRUE,89,89,0.00165871,0.001758139,0.074009698,0
PALMER8A,TRUE,random_post,10,1,TRUE,23,30,0.000592244,0.00074672,6.969709521,0
PALMER8A,TRUE,random_raw,10,1,TRUE,23,30,0.000507619,0.00075068,6.969709521,0
PALMER8E,TRUE,cutest,1,1,TRUE,320,320,0.042986294,0.042986294,0.006339308,0
PALMER8E,TRUE,llm_post,5,1,TRUE,267,270,0.007864066,0.010405098,0.006339308,0
PALMER8E,TRUE,llm_raw,5,1,TRUE,267,270,0.00738707,0.009583496,0.006339308,0
PALMER8E,TRUE,random_post,10,1,TRUE,129,194.5,0.002185848,0.004540814,0.167860458,0
PALMER8E,TRUE,random_raw,10,1,TRUE,129,194.5,0.003154857,0.008138964,0.167860458,0
PARKCH,FALSE,cutest,1,0,FALSE,,,,,,0
PARKCH,FALSE,llm_post,5,0,FALSE,,,,,,0
PARKCH,FALSE,llm_raw,5,0,FALSE,,,,,,0
PARKCH,FALSE,random_post,10,0,FALSE,,,,,,0
PARKCH,FALSE,random_raw,10,0,FALSE,,,,,,0
PENTAGON,FALSE,cutest,1,1,TRUE,19,19,0.030996541,0.030996541,1.61E-07,0
PENTAGON,FALSE,llm_post,5,1,TRUE,17,18,0.022674126,0.024397395,1.34E-07,0
PENTAGON,FALSE,llm_raw,5,1,TRUE,17,19,0.022921119,0.027116796,1.34E-07,0
PENTAGON,FALSE,random_post,10,1,TRUE,1,1,0.00127449,0.001443909,3.67E-129,0
PENTAGON,FALSE,random_raw,10,1,TRUE,1,1,0.001079781,0.001171272,0,0
PFIT1,TRUE,cutest,1,1,TRUE,3,3,0.01616208,0.01616208,0,0
PFIT1,TRUE,llm_post,5,1,TRUE,3,3,0.013325309,0.018178995,0,0
PFIT1,TRUE,llm_raw,5,1,TRUE,3,3,0.008017056,0.008053511,0,0
PFIT1,TRUE,random_post,10,1,TRUE,1,1,0.001068104,0.001143772,0,0
PFIT1,TRUE,random_raw,10,1,TRUE,1,1,0.001055924,0.001237493,0,0
PFIT2,TRUE,cutest,1,1,TRUE,3,3,0.018382507,0.018382507,0,0
PFIT2,TRUE,llm_post,5,1,TRUE,3,3,0.011969581,0.012297797,0,0
PFIT2,TRUE,llm_raw,5,1,TRUE,3,3,0.00792181,0.008396454,0,0
PFIT2,TRUE,random_post,10,1,TRUE,1,1,0.001040395,0.001121322,0,0
PFIT2,TRUE,random_raw,10,1,TRUE,1,1,0.001091918,0.001134836,0,0
PFIT2LS,TRUE,cutest,1,0,FALSE,,,,,,0
PFIT2LS,TRUE,llm_post,5,0.4,TRUE,220,292,0.003873904,0.005278664,2.32E-13,0
PFIT2LS,TRUE,llm_raw,5,0.4,TRUE,220,292,0.003146096,0.005498696,2.32E-13,0
PFIT2LS,TRUE,random_post,10,0.2,TRUE,5,5,0.000192767,0.000260406,1.41E+119,0
PFIT2LS,TRUE,random_raw,10,0.2,TRUE,5,5,0.000518667,0.000779942,1.41E+119,0.8
PFIT3,TRUE,cutest,1,1,TRUE,3,3,0.015387705,0.015387705,0,0
PFIT3,TRUE,llm_post,5,1,TRUE,3,3,0.011020742,0.012017141,0,0
PFIT3,TRUE,llm_raw,5,1,TRUE,3,3,0.008032575,0.008580199,0,0
PFIT3,TRUE,random_post,10,1,TRUE,1,1,0.001051444,0.001084684,0,0
PFIT3,TRUE,random_raw,10,1,TRUE,1,1,0.001089435,0.001231298,0,0
PFIT3LS,TRUE,cutest,1,0,FALSE,,,,,,0
PFIT3LS,TRUE,llm_post,5,0.4,TRUE,15,227,0.000700817,0.005814613,1.17E-15,0
PFIT3LS,TRUE,llm_raw,5,0.4,TRUE,15,227,0.00061261,0.007549519,1.17E-15,0
PFIT3LS,TRUE,random_post,10,0.2,TRUE,5,5,0.000245978,0.000267469,1.41E+119,0
PFIT3LS,TRUE,random_raw,10,0.2,TRUE,5,5,0.000286536,0.000356919,1.41E+119,0.8
PFIT4,TRUE,cutest,1,1,TRUE,3,3,0.01692177,0.01692177,0,0
PFIT4,TRUE,llm_post,5,1,TRUE,3,3,0.009281425,0.012483203,0,0
PFIT4,TRUE,llm_raw,5,1,TRUE,3,3,0.007903847,0.008364585,0,0
PFIT4,TRUE,random_post,10,1,TRUE,1,1,0.001075894,0.001218045,0,0
PFIT4,TRUE,random_raw,10,1,TRUE,1,1,0.001176828,0.001326978,0,0
PFIT4LS,TRUE,cutest,1,0,FALSE,,,,,,0
PFIT4LS,TRUE,llm_post,5,0.2,TRUE,120,120,0.004330076,0.004330076,11095.98633,0
PFIT4LS,TRUE,llm_raw,5,0.2,TRUE,120,120,0.004020036,0.004020036,11095.98633,0
PFIT4LS,TRUE,random_post,10,0.2,TRUE,5,5,0.000223714,0.000272732,1.41E+119,0
PFIT4LS,TRUE,random_raw,10,0.2,TRUE,5,5,0.000248849,0.000361272,1.41E+119,0.8
POLAK1,FALSE,cutest,1,0,FALSE,,,,,,0
POLAK1,FALSE,llm_post,5,0,FALSE,,,,,,0
POLAK1,FALSE,llm_raw,5,0,FALSE,,,,,,0
POLAK1,FALSE,random_post,10,1,TRUE,1,1,0.0854513,0.086772319,-9.00E+19,0
POLAK1,FALSE,random_raw,10,1,TRUE,1,1,0.083496749,0.084598388,-9.00E+19,0
POLAK3,FALSE,cutest,1,0,FALSE,,,,,,0
POLAK3,FALSE,llm_post,5,0,FALSE,,,,,,0
POLAK3,FALSE,llm_raw,5,0,FALSE,,,,,,0
POLAK3,FALSE,random_post,10,1,TRUE,1,1,0.091077303,0.09326896,-8.86E+19,0
POLAK3,FALSE,random_raw,10,1,TRUE,1,1,0.094494978,0.095398327,-8.86E+19,0
POLAK4,FALSE,cutest,1,0,FALSE,,,,,,0
POLAK4,FALSE,llm_post,5,0,FALSE,,,,,,0
POLAK4,FALSE,llm_raw,5,0,FALSE,,,,,,0
POLAK4,FALSE,random_post,10,1,TRUE,1,1,0.084648589,0.088595614,-9.00E+19,0
POLAK4,FALSE,random_raw,10,1,TRUE,1,1,0.086183336,0.092020295,-9.00E+19,0
POLAK5,FALSE,cutest,1,0,FALSE,,,,,,0
POLAK5,FALSE,llm_post,5,0,FALSE,,,,,,0
POLAK5,FALSE,llm_raw,5,0,FALSE,,,,,,0
POLAK5,FALSE,random_post,10,1,TRUE,1,1,0.085091521,0.086007631,-9.00E+19,0
POLAK5,FALSE,random_raw,10,1,TRUE,1,1,0.087469755,0.099794377,-9.00E+19,0
PORTFL3,TRUE,cutest,1,1,TRUE,22,22,0.002638225,0.002638225,0.028453102,0
PORTFL3,TRUE,llm_post,5,1,TRUE,22,22,0.000673901,0.000714261,0.028453102,0
PORTFL3,TRUE,llm_raw,5,1,TRUE,21,22,0.000637779,0.000704115,0.028453102,0
PORTFL3,TRUE,random_post,10,1,TRUE,19,23.5,0.000659077,0.00073906,0.028453102,0
PORTFL3,TRUE,random_raw,10,1,TRUE,21,24.5,0.000723889,0.000828781,0.028453102,0
PORTFL4,TRUE,cutest,1,1,TRUE,26,26,0.002941988,0.002941988,0.021620228,0
PORTFL4,TRUE,llm_post,5,1,TRUE,26,26,0.000830236,0.001256857,0.021620228,0
PORTFL4,TRUE,llm_raw,5,1,TRUE,26,26,0.00074521,0.000810657,0.021620228,0
PORTFL4,TRUE,random_post,10,1,TRUE,24,25,0.000758023,0.000827442,0.021620228,0
PORTFL4,TRUE,random_raw,10,1,TRUE,26,27,0.000815061,0.000897264,0.021620228,0
PORTFL6,TRUE,cutest,1,1,TRUE,47,47,0.023558894,0.023558894,0.023659274,0
PORTFL6,TRUE,llm_post,5,1,TRUE,47,47,0.001225054,0.001241458,0.023659274,0
PORTFL6,TRUE,llm_raw,5,1,TRUE,47,47,0.001232747,0.001277754,0.023659274,0
PORTFL6,TRUE,random_post,10,1,TRUE,40,44.5,0.001190261,0.002491247,0.023659274,0
PORTFL6,TRUE,random_raw,10,1,TRUE,38,43,0.001077596,0.001359884,0.023659274,0
POWELLBS,FALSE,cutest,1,1,TRUE,1,1,0.004299758,0.004299758,0,0
POWELLBS,FALSE,llm_post,5,1,TRUE,1,1,0.002382637,0.00244515,0,0
POWELLBS,FALSE,llm_raw,5,1,TRUE,1,1,0.001081052,0.001094752,0,0
POWELLBS,FALSE,random_post,10,1,TRUE,1,1,0.001066287,0.001105024,0,0
POWELLBS,FALSE,random_raw,10,1,TRUE,1,1,0.001181209,0.001249794,0,0
POWELLSQ,FALSE,cutest,1,1,TRUE,1,1,0.004385167,0.004385167,0,0
POWELLSQ,FALSE,llm_post,5,1,TRUE,1,1,0.001449857,0.002375833,0,0
POWELLSQ,FALSE,llm_raw,5,1,TRUE,1,1,0.001780912,0.002251993,0,0
POWELLSQ,FALSE,random_post,10,1,TRUE,1,1,0.002120354,0.002173937,0,0
POWELLSQ,FALSE,random_raw,10,1,TRUE,1,1,0.001045774,0.001206329,0,0
PRIMALC1,TRUE,cutest,1,0,FALSE,,,,,,0
PRIMALC1,TRUE,random_post,10,1,TRUE,420,420,0.579566148,0.612517293,7.00E+39,0
PRIMALC1,TRUE,random_raw,10,1,TRUE,1,1,0.557985091,0.605006258,3.29E+41,0
PRODPL0,TRUE,cutest,1,1,TRUE,12,12,0.028201743,0.028201743,0.00021457,0
PRODPL0,TRUE,llm_post,5,1,TRUE,14,15,0.025701309,0.027429264,0.000252894,0
PRODPL0,TRUE,llm_raw,5,1,TRUE,12,12,0.020132072,0.020583249,0.00021457,0
PRODPL0,TRUE,random_post,10,1,TRUE,1,1,0.126816779,0.129772497,4.13E+21,0
PRODPL0,TRUE,random_raw,10,1,TRUE,1,1,0.126852612,0.130009426,4.13E+21,0
PSPDOC,TRUE,cutest,1,1,TRUE,11,11,0.050787873,0.050787873,2.414213563,0
PSPDOC,TRUE,llm_post,5,1,TRUE,11,11,0.000314239,0.000363657,2.414213562,0
PSPDOC,TRUE,llm_raw,5,1,TRUE,11,11,0.000328235,0.000358631,2.414213562,0
PSPDOC,TRUE,random_post,10,0,FALSE,,,,,,0
PSPDOC,TRUE,random_raw,10,0,FALSE,,,,,,0
QC,TRUE,cutest,1,1,TRUE,2,2,0.523730037,0.523730037,-956.5377333,0
QC,TRUE,llm_post,5,1,TRUE,3,3,0.491317367,0.494232964,-956.5377333,0
QC,TRUE,llm_raw,5,1,TRUE,3,3,0.491154231,0.505968324,-956.5377333,0
QC,TRUE,random_post,10,1,TRUE,2,3,0.122090487,0.49397045,-956.5377333,0
QC,TRUE,random_raw,10,1,TRUE,2,5.5,0.115795029,0.492605295,-956.5377333,0
QCNEW,TRUE,cutest,1,1,TRUE,22,22,0.031193959,0.031193959,-806.4899325,0
QCNEW,TRUE,llm_post,5,0.8,TRUE,101,103.5,0.09953919,0.103545366,-806.5086909,0
QCNEW,TRUE,llm_raw,5,1,TRUE,101,104,0.101334701,0.10325621,-806.5086909,0
QCNEW,TRUE,random_post,10,1,TRUE,111,111,0.108044075,0.112714696,-806.4895336,0
QCNEW,TRUE,random_raw,10,1,TRUE,111,111,0.110057091,0.111217644,-806.4895336,0
QPCBLEND,TRUE,cutest,1,1,TRUE,24,24,0.044740149,0.044740149,-4.701447132,0
QPCBLEND,TRUE,llm_post,5,1,TRUE,24,24,0.039585247,0.041215806,-4.701447132,0
QPCBLEND,TRUE,llm_raw,5,1,TRUE,24,24,0.039961107,0.042442331,-4.701447132,0
QPCBLEND,TRUE,random_post,10,1,TRUE,24,24,0.040426943,0.044754219,-4.701703679,0
QPCBLEND,TRUE,random_raw,10,1,TRUE,1,1,0.167234565,0.180832067,1.33E+42,0
QPNBLEND,TRUE,cutest,1,1,TRUE,20,20,0.625706849,0.625706849,-5.534641034,0
QPNBLEND,TRUE,llm_post,5,1,TRUE,20,20,0.516594081,0.529299193,-5.534641034,0
QPNBLEND,TRUE,llm_raw,5,1,TRUE,20,20,0.518097029,0.520212053,-5.534641034,0
QPNBLEND,TRUE,random_post,10,0.8,TRUE,20,20,0.505810849,0.518961026,-5.534641034,0
QPNBLEND,TRUE,random_raw,10,1,TRUE,1,1,0.16961311,0.174243548,1.06E+42,0
READING6,TRUE,cutest,1,1,TRUE,4,4,0.015133714,0.015133714,-1.87E-69,0
READING6,TRUE,llm_post,5,0,FALSE,,,,,,0
READING6,TRUE,llm_raw,5,1,TRUE,3,4,0.009898053,0.010457008,-1.711058008,0
READING6,TRUE,random_post,10,0.9,TRUE,16,832,0.269066896,0.291065832,-1.69E+41,0
READING6,TRUE,random_raw,10,1,TRUE,13,77,0.233661201,0.258995232,-1.94E+41,0
RES,TRUE,cutest,1,1,TRUE,1,1,0.001464792,0.001464792,0,0
RES,TRUE,llm_post,5,1,TRUE,1,1,0.000129588,0.000147352,0,0
RES,TRUE,llm_raw,5,1,TRUE,1,1,0.000135659,0.000146944,0,0
RES,TRUE,random_post,10,1,TRUE,1,1,0.000170819,0.000261813,0,0
RES,TRUE,random_raw,10,1,TRUE,1,1,0.000117237,0.000147093,0,0
ROSENMMX,FALSE,cutest,1,0,FALSE,,,,,,0
ROSENMMX,FALSE,llm_post,5,0,FALSE,,,,,,0
ROSENMMX,FALSE,llm_raw,5,0,FALSE,,,,,,0
ROSENMMX,FALSE,random_post,10,1,TRUE,1,1,0.086703262,0.089156583,-8.48E+19,0
ROSENMMX,FALSE,random_raw,10,1,TRUE,1,1,0.086626411,0.088559161,-8.48E+19,0
RSNBRNE,FALSE,cutest,1,1,TRUE,1,1,0.004198772,0.004198772,0,0
RSNBRNE,FALSE,llm_post,5,1,TRUE,1,1,0.002248932,0.002631672,0,0
RSNBRNE,FALSE,llm_raw,5,1,TRUE,1,1,0.001236469,0.001489593,0,0
RSNBRNE,FALSE,random_post,10,1,TRUE,1,1,0.001918667,0.002395361,0,0
RSNBRNE,FALSE,random_raw,10,1,TRUE,1,1,0.001070508,0.001226237,0,0
S308,FALSE,cutest,1,1,TRUE,14,14,0.093610547,0.093610547,0.773199056,0
S308,FALSE,random_post,10,1,TRUE,164,166.5,0.003418033,0.005933371,0.773199056,0
S308,FALSE,random_raw,10,1,TRUE,164,166.5,0.002664336,0.003458612,0.773199056,0
S316-322,FALSE,cutest,1,1,TRUE,4,4,0.008002358,0.008002358,0,0
S316-322,FALSE,llm_post,5,1,TRUE,4,4,0.004036799,0.004324653,0,0
S316-322,FALSE,llm_raw,5,1,TRUE,4,4,0.003720206,0.003998507,0,0
S316-322,FALSE,random_post,10,1,TRUE,20,21,0.018126321,0.02229862,0,0
S316-322,FALSE,random_raw,10,1,TRUE,1,1,0.101900448,0.104287987,4.50E+38,0
S365,TRUE,cutest,1,1,TRUE,10,10,0.021146927,0.021146927,1.26E-06,0
S365,TRUE,llm_post,5,1,TRUE,13,13,0.019851806,0.026244973,7.30E-06,0
S365,TRUE,llm_raw,5,1,TRUE,9,9,0.014243262,0.015180104,1.22E-06,0
S365,TRUE,random_post,10,1,TRUE,1,6,0.005912122,0.012380752,9.63E-05,0
S365,TRUE,random_raw,10,1,TRUE,1,1,0.107382526,0.111054468,1.22E+36,0
S365MOD,TRUE,cutest,1,1,TRUE,19,19,0.028723311,0.028723311,0.250009363,0
S365MOD,TRUE,llm_post,5,1,TRUE,7,7,0.014049829,0.024620006,0.250009171,0
S365MOD,TRUE,llm_raw,5,1,TRUE,15,15,0.019630198,0.021255759,0.250014502,0
S365MOD,TRUE,random_post,10,1,TRUE,1,4,0.006735764,0.102256429,0.250331408,0
S365MOD,TRUE,random_raw,10,1,TRUE,1,1,0.109459323,0.112992732,1.22E+36,0
SIM2BQP,TRUE,cutest,1,1,TRUE,2,2,0.001409324,0.001409324,0,0
SIM2BQP,TRUE,llm_post,5,1,TRUE,2,2,9.24E-05,0.000101281,0,0
SIM2BQP,TRUE,llm_raw,5,1,TRUE,2,2,9.75E-05,0.000104664,0,0
SIM2BQP,TRUE,random_post,10,1,TRUE,2,2,9.48E-05,0.000106286,0,0
SIM2BQP,TRUE,random_raw,10,1,TRUE,2,2,0.00010857,0.000129129,0,0
SIMBQP,TRUE,cutest,1,1,TRUE,5,5,0.002409357,0.002409357,1.54E-32,0
SIMBQP,TRUE,llm_post,5,1,TRUE,5,5,0.000193517,0.000218012,1.54E-32,0
SIMBQP,TRUE,llm_raw,5,1,TRUE,5,5,0.00019851,0.000227798,1.54E-32,0
SIMBQP,TRUE,random_post,10,1,TRUE,4,6,0.000181664,0.000254754,5.17E-42,0
SIMBQP,TRUE,random_raw,10,1,TRUE,4,6,0.000193959,0.000266983,5.17E-42,0
SIMPLLPA,TRUE,cutest,1,1,TRUE,6,6,0.016214369,0.016214369,0.00198197,0
SIMPLLPA,TRUE,llm_post,5,1,TRUE,7,11,0.008601941,0.013388996,0.001230842,0
SIMPLLPA,TRUE,llm_raw,5,1,TRUE,6,7,0.008000128,0.008485266,0.001450359,0
SIMPLLPA,TRUE,random_post,10,1,TRUE,1,8,0.008962693,0.047899636,0.000458069,0
SIMPLLPA,TRUE,random_raw,10,1,TRUE,1,1,0.082649535,0.085745913,1.32E+19,0
SINEVAL,FALSE,cutest,1,1,TRUE,84,84,0.036040348,0.036040348,1.78E-16,0
SINEVAL,FALSE,llm_post,5,1,TRUE,79,94,0.001199584,0.003027281,2.32E-20,0
SINEVAL,FALSE,llm_raw,5,1,TRUE,79,94,0.001199581,0.001296324,2.32E-20,0
SINEVAL,FALSE,random_post,10,1,TRUE,162,772,0.004083302,0.014886433,1.21E+24,0
SINEVAL,FALSE,random_raw,10,1,TRUE,162,772,0.003442897,0.014888854,1.21E+24,0
SISSER,FALSE,cutest,1,1,TRUE,25,25,0.033254446,0.033254446,9.03E-09,0
SISSER,FALSE,llm_post,5,1,TRUE,3,16,0.000170981,0.000415526,7.91E-30,0
SISSER,FALSE,llm_raw,5,1,TRUE,3,16,0.00017248,0.000459406,7.91E-30,0
SISSER,FALSE,random_post,10,1,TRUE,175,177.5,0.002505436,0.003615422,1.12E-08,0
SISSER,FALSE,random_raw,10,1,TRUE,175,177.5,0.002652134,0.007660458,1.12E-08,0
SNAIL,FALSE,cutest,1,1,TRUE,12,12,0.056191341,0.056191341,2.49E-12,0
SNAIL,FALSE,llm_post,5,1,TRUE,13,153,0.000304952,0.001916653,6.88E-13,0
SNAIL,FALSE,llm_raw,5,1,TRUE,13,153,0.00039568,0.00281333,6.88E-13,0
SNAIL,FALSE,random_post,10,0,FALSE,,,,,,0
SNAIL,FALSE,random_raw,10,0,FALSE,,,,,,0
SNAKE,FALSE,cutest,1,0,FALSE,,,,,,0
SNAKE,FALSE,llm_post,5,0,FALSE,,,,,,0
SNAKE,FALSE,llm_raw,5,0,FALSE,,,,,,0
SNAKE,FALSE,random_post,10,1,TRUE,1,1,0.081625635,0.084245874,4.28E+18,0
SNAKE,FALSE,random_raw,10,1,TRUE,1,1,0.084922016,0.08662434,-9.98E+19,0
SPIRAL,FALSE,cutest,1,0,FALSE,,,,,,0
SPIRAL,FALSE,llm_post,5,0,FALSE,,,,,,0
SPIRAL,FALSE,llm_raw,5,0,FALSE,,,,,,0
SPIRAL,FALSE,random_post,10,1,TRUE,1,1,0.085028419,0.087797785,-9.00E+19,0
SPIRAL,FALSE,random_raw,10,1,TRUE,1,1,0.087930332,0.096056948,-9.00E+19,0
SSEBNLN,TRUE,cutest,1,1,TRUE,8,8,0.027043395,0.027043395,-839997.0782,0
SSEBNLN,TRUE,random_post,10,1,TRUE,8,106,0.171951258,0.203279474,-840000,0
SSEBNLN,TRUE,random_raw,10,1,TRUE,546,771.5,0.28970896,0.301174846,1.23E+24,0
STANCMIN,TRUE,cutest,1,1,TRUE,201,201,0.197805765,0.197805765,-2.996884889,0
STANCMIN,TRUE,llm_post,5,0,FALSE,,,,,,0
STANCMIN,TRUE,llm_raw,5,1,TRUE,51,166,0.058858254,0.167184445,-2.997152584,0
STANCMIN,TRUE,random_post,10,0,FALSE,,,,,,0
STANCMIN,TRUE,random_raw,10,1,TRUE,1,1,0.001049698,0.001114157,-2.673390299,0
SUPERSIM,TRUE,cutest,1,1,TRUE,1,1,0.001362222,0.001362222,0,0
SUPERSIM,TRUE,llm_post,5,1,TRUE,2,2,0.000266698,0.000302849,0,0
SUPERSIM,TRUE,llm_raw,5,1,TRUE,1,1,0.000195761,0.000239942,0,0
SUPERSIM,TRUE,random_post,10,1,TRUE,2,2,0.000260416,0.000301905,0,0
SUPERSIM,TRUE,random_raw,10,1,TRUE,1,1,0.000134625,0.000145265,8.80E+16,0
SYNTHES1,TRUE,cutest,1,1,TRUE,17,17,0.028044682,0.028044682,-2.904776421,0
SYNTHES1,TRUE,llm_post,5,1,TRUE,17,17,0.021395563,0.022513282,-2.904776421,0
SYNTHES1,TRUE,llm_raw,5,1,TRUE,17,17,0.021401659,0.021749853,-2.904776421,0
SYNTHES1,TRUE,random_post,10,1,TRUE,14,15.5,0.018068601,0.022354913,-2.904799227,0
SYNTHES1,TRUE,random_raw,10,1,TRUE,15,20,0.02045493,0.025282626,-2.90480059,0
SYNTHES2,TRUE,cutest,1,1,TRUE,22,22,0.032965633,0.032965633,-81.41058549,0
SYNTHES2,TRUE,llm_post,5,1,TRUE,18,21,0.022663408,0.033210113,-81.41083956,0
SYNTHES2,TRUE,llm_raw,5,1,TRUE,15,22,0.019377626,0.02707541,-81.41079861,0
SYNTHES2,TRUE,random_post,10,1,TRUE,20,22,0.023917421,0.029022364,-81.41083991,0
SYNTHES2,TRUE,random_raw,10,1,TRUE,814,825,0.118830451,0.122877286,5.69E+20,0
SYNTHES3,TRUE,cutest,1,1,TRUE,25,25,0.038892884,0.038892884,-202.3802445,0
SYNTHES3,TRUE,llm_post,5,1,TRUE,24,24,0.0297444,0.030865711,-202.380391,0
SYNTHES3,TRUE,llm_raw,5,1,TRUE,25,25,0.031733219,0.032056839,-202.380391,0
SYNTHES3,TRUE,random_post,10,1,TRUE,15,18.5,0.019953559,0.023368056,-202.3803947,0
SYNTHES3,TRUE,random_raw,10,1,TRUE,13,19,0.016386494,0.025711816,-202.3803931,0
TAME,TRUE,cutest,1,1,TRUE,1,1,0.001558931,0.001558931,0,0
TAME,TRUE,llm_post,5,1,TRUE,1,1,9.47E-05,0.000122041,0,0
TAME,TRUE,llm_raw,5,1,TRUE,1,1,0.0001504,0.000186956,0,0
TAME,TRUE,random_post,10,1,TRUE,3,3,0.000119203,0.000151525,0,0
TAME,TRUE,random_raw,10,1,TRUE,1,1,0.000177869,0.106434179,0,0
TENBARS1,TRUE,cutest,1,1,TRUE,10,10,0.02245369,0.02245369,19.03155767,0
TENBARS1,TRUE,llm_post,5,1,TRUE,23,23,0.02929294,0.031382429,19.03056805,0
TENBARS1,TRUE,llm_raw,5,1,TRUE,9,9,0.01259197,0.013102821,19.031819,0
TENBARS1,TRUE,random_post,10,1,TRUE,12,726,0.017590033,0.121566029,19.03025226,0
TENBARS1,TRUE,random_raw,10,1,TRUE,1,1,0.096776075,0.098600105,1.23E+21,0
TENBARS3,TRUE,cutest,1,1,TRUE,10,10,0.02428925,0.02428925,19.03155766,0
TENBARS3,TRUE,llm_post,5,1,TRUE,17,19,0.025432519,0.029998992,19.03053304,0
TENBARS3,TRUE,llm_raw,5,1,TRUE,9,9,0.013414295,0.013741039,19.03181886,0
TENBARS3,TRUE,random_post,10,1,TRUE,12,708,0.018080614,0.125928374,19.03025226,0
TENBARS3,TRUE,random_raw,10,1,TRUE,1,1,0.098267618,0.099235448,1.23E+21,0
TENBARS4,TRUE,cutest,1,1,TRUE,8,8,0.018511701,0.018511701,19.0385307,0
TENBARS4,TRUE,llm_post,5,1,TRUE,34,34,0.035061082,0.036123073,19.03881761,0
TENBARS4,TRUE,llm_raw,5,1,TRUE,7,7,0.009243069,0.009600948,19.04061536,0
TENBARS4,TRUE,random_post,10,1,TRUE,7,579.5,0.008553934,0.120435198,19.04061536,0
TENBARS4,TRUE,random_raw,10,1,TRUE,1,1,0.095469513,0.098218765,1.23E+21,0
TOINTGOR,FALSE,cutest,1,1,TRUE,95,95,0.062352925,0.062352925,1373.905461,0
TOINTGOR,FALSE,llm_post,5,1,TRUE,95,99,0.004605184,0.004961684,1373.905461,0
TOINTGOR,FALSE,llm_raw,5,1,TRUE,95,99,0.002237344,0.004001388,1373.905461,0
TOINTGOR,FALSE,random_post,10,1,TRUE,301,334,0.008339166,0.014638075,4.91E+22,0
TOINTGOR,FALSE,random_raw,10,1,TRUE,301,334,0.006959601,0.011520219,4.91E+22,0
TOINTPSP,FALSE,cutest,1,1,TRUE,108,108,0.095735142,0.095735142,225.5604094,0
TOINTPSP,FALSE,llm_post,5,1,TRUE,103,108,0.004711458,0.00482492,225.5604094,0
TOINTPSP,FALSE,llm_raw,5,1,TRUE,103,108,0.004117886,0.004551303,225.5604094,0
TOINTPSP,FALSE,random_post,10,1,TRUE,167,184.5,0.005747199,0.007420839,225.5604094,0
TOINTPSP,FALSE,random_raw,10,1,TRUE,167,184.5,0.003180843,0.004939558,225.5604094,0
TOINTQOR,FALSE,cutest,1,1,TRUE,34,34,0.098390499,0.098390499,1175.472222,0
TOINTQOR,FALSE,llm_post,5,1,TRUE,34,34,0.001338433,0.001688083,1175.472222,0
TOINTQOR,FALSE,llm_raw,5,1,TRUE,34,34,0.001619219,0.001744243,1175.472222,0
TOINTQOR,FALSE,random_post,10,1,TRUE,135,140,0.00369088,0.005155433,1175.472222,0
TOINTQOR,FALSE,random_raw,10,1,TRUE,135,140,0.002706228,0.004331916,1175.472222,0
TRIGGER,FALSE,cutest,1,1,TRUE,1,1,0.005240093,0.005240093,0,0
TRIGGER,FALSE,llm_post,5,1,TRUE,1,1,0.001255823,0.001334245,0,0
TRIGGER,FALSE,llm_raw,5,1,TRUE,1,1,0.001597566,0.001641955,0,0
TRIGGER,FALSE,random_post,10,1,TRUE,1,1,0.001565157,0.001681964,0,0
TRIGGER,FALSE,random_raw,10,1,TRUE,1,1,0.001184719,0.001391437,0,0
TRIMLOSS,TRUE,cutest,1,1,TRUE,17,17,0.044796964,0.044796964,0.000281654,0
TRIMLOSS,TRUE,llm_post,1,1,TRUE,17,17,0.068104465,0.068104465,0.000287202,0
TRIMLOSS,TRUE,llm_raw,1,1,TRUE,17,17,0.033698673,0.033698673,0.00031237,0
TRIMLOSS,TRUE,random_post,10,1,TRUE,18,18,0.036037095,0.040277232,0.00028219,0
TRIMLOSS,TRUE,random_raw,10,1,TRUE,15,16,0.026698607,0.030002466,0.00141438,0
TRO3X3,TRUE,cutest,1,0,FALSE,,,,,,0
TRO3X3,TRUE,llm_post,5,0,FALSE,,,,,,0
TRO3X3,TRUE,llm_raw,5,0,FALSE,,,,,,0
TRO3X3,TRUE,random_post,10,1,TRUE,395,396.5,0.116472392,0.132927062,-1.00E+20,0
TRO3X3,TRUE,random_raw,10,1,TRUE,1,1,0.103087228,0.107298628,-5.42E+19,0
TRO4X4,TRUE,cutest,1,0,FALSE,,,,,,0
TRO4X4,TRUE,llm_post,5,0,FALSE,,,,,,0
TRO4X4,TRUE,llm_raw,5,0,FALSE,,,,,,0
TRO4X4,TRUE,random_post,10,1,TRUE,395,398.5,0.141050995,0.150542069,-1.00E+20,0
TRO4X4,TRUE,random_raw,10,1,TRUE,1,1,0.128613828,0.130127726,-8.74E+19,0
TRO5X5,TRUE,cutest,1,0,FALSE,,,,,,0
TRO5X5,TRUE,llm_post,1,0,FALSE,,,,,,0
TRO5X5,TRUE,llm_raw,1,0,FALSE,,,,,,0
TRO5X5,TRUE,random_post,10,1,TRUE,398,401.5,0.179186382,0.194750673,-1.00E+20,0
TRO5X5,TRUE,random_raw,10,1,TRUE,1,1,0.161957346,0.169660192,-8.85E+19,0
TRO6X2,TRUE,cutest,1,0,FALSE,,,,,,0
TRO6X2,TRUE,llm_post,5,0,FALSE,,,,,,0
TRO6X2,TRUE,llm_raw,5,0,FALSE,,,,,,0
TRO6X2,TRUE,random_post,10,1,TRUE,395,397.5,0.12829307,0.14475384,-1.00E+20,0
TRO6X2,TRUE,random_raw,10,1,TRUE,1,1,0.118612423,0.120234418,-6.30E+19,0
TRUSPYR2,TRUE,cutest,1,1,TRUE,8,8,0.019608508,0.019608508,3.264335449,0
TRUSPYR2,TRUE,llm_post,5,1,TRUE,9,9,0.017069513,0.018686364,3.265132633,0
TRUSPYR2,TRUE,llm_raw,5,1,TRUE,5,5,0.007772174,0.008015801,3.264417712,0
TRUSPYR2,TRUE,random_post,10,1,TRUE,19,552,0.020748869,0.113453915,3.269396097,0
TRUSPYR2,TRUE,random_raw,10,1,TRUE,1,1,0.089857259,0.092661782,1.09E+20,0
VIBRBEAM,FALSE,cutest,1,1,TRUE,4,4,0.00191328,0.00191328,8231.275067,0
VIBRBEAM,FALSE,llm_post,5,1,TRUE,4,4,0.000158618,0.000169667,8231.275067,0
VIBRBEAM,FALSE,llm_raw,5,1,TRUE,4,4,0.000165055,0.000176851,8231.275067,0
VIBRBEAM,FALSE,random_post,10,0,FALSE,,,,,,0
VIBRBEAM,FALSE,random_raw,10,0,FALSE,,,,,,0
WEEDS,TRUE,cutest,1,1,TRUE,51,51,0.007049351,0.007049351,2.587277395,0
WEEDS,TRUE,llm_post,5,0.8,TRUE,50,52.5,0.000783966,0.001078237,2.587277395,0
WEEDS,TRUE,llm_raw,5,0.8,TRUE,50,52.5,0.000732598,0.000977577,2.587277395,0
WEEDS,TRUE,random_post,10,0.8,TRUE,14,21.5,0.000340548,0.000690414,1840.396301,0
WEEDS,TRUE,random_raw,10,0.8,TRUE,14,21.5,0.000323254,0.00048706,1840.396301,0
YFITNE,FALSE,cutest,1,1,TRUE,1,1,0.005846265,0.005846265,0,0
YFITNE,FALSE,llm_post,5,1,TRUE,1,1,0.001589215,0.001638914,0,0
YFITNE,FALSE,llm_raw,5,1,TRUE,1,1,0.001772863,0.002262187,0,0
YFITNE,FALSE,random_post,10,1,TRUE,1,1,0.001614393,0.00195051,0,0
YFITNE,FALSE,random_raw,10,1,TRUE,1,1,0.001097461,0.001186512,0,0
ZAMB2-10,TRUE,cutest,1,1,TRUE,59,59,0.608370749,0.608370749,-1.637154165,0
ZAMB2-10,TRUE,random_post,10,1,TRUE,110,145,0.922912983,1.08288072,-1.637176656,0
ZAMB2-10,TRUE,random_raw,10,1,TRUE,110,146,0.99694333,1.216121741,-1.637175496,0
ZAMB2-11,TRUE,cutest,1,1,TRUE,114,114,0.925949714,0.925949714,-1.636346668,0
ZAMB2-11,TRUE,random_post,10,1,TRUE,114,120.5,0.744483912,1.197417584,-1.636345747,0
ZAMB2-11,TRUE,random_raw,10,1,TRUE,114,132,1.049804565,1.351847347,-1.636346024,0
ZECEVIC2,TRUE,cutest,1,1,TRUE,11,11,0.01777693,0.01777693,-21.12419992,0
ZECEVIC2,TRUE,llm_post,5,1,TRUE,11,11,0.01243836,0.012992238,-21.12419992,0
ZECEVIC2,TRUE,llm_raw,5,1,TRUE,11,11,0.012927255,0.013268625,-21.12419992,0
ZECEVIC2,TRUE,random_post,10,1,TRUE,11,11,0.012338452,0.01306527,-21.12419992,0
ZECEVIC2,TRUE,random_raw,10,1,TRUE,10,16,0.012230683,0.018570349,-21.12484,0
ZECEVIC3,TRUE,cutest,1,1,TRUE,9,9,0.018164976,0.018164976,8.10E-13,0
ZECEVIC3,TRUE,llm_post,5,1,TRUE,8,9,0.011675866,0.0129437,7.53E-13,0
ZECEVIC3,TRUE,llm_raw,5,1,TRUE,8,9,0.010488948,0.01170607,3.55E-14,0
ZECEVIC3,TRUE,random_post,10,1,TRUE,8,8,0.009528427,0.01004962,2.13E-11,0
ZECEVIC3,TRUE,random_raw,10,1,TRUE,8,8.5,0.009800831,0.011894361,-7.11E-15,0
ZECEVIC4,TRUE,cutest,1,1,TRUE,10,10,0.018625524,0.018625524,1.82E-12,0
ZECEVIC4,TRUE,llm_post,5,1,TRUE,9,9,0.01195051,0.012985112,6.39E-14,0
ZECEVIC4,TRUE,llm_raw,5,1,TRUE,9,10,0.011936704,0.013075198,1.75E-12,0
ZECEVIC4,TRUE,random_post,10,1,TRUE,9,9.5,0.012811269,0.014822931,1.78E-14,0
ZECEVIC4,TRUE,random_raw,10,1,TRUE,7,10,0.009925543,0.014507478,-1.07E-14,0
ZY2,TRUE,cutest,1,1,TRUE,44,44,0.048734594,0.048734594,0.003058788,0
ZY2,TRUE,llm_post,5,1,TRUE,43,44,0.043385223,0.044453359,0.00283077,0
ZY2,TRUE,llm_raw,5,1,TRUE,43,44,0.042699337,0.043627922,0.00283077,0
ZY2,TRUE,random_post,10,1,TRUE,35,38,0.035656387,0.039072419,0.002918002,0
ZY2,TRUE,random_raw,10,1,TRUE,25,25,0.105044125,0.107813161,6.83E+50,0
